subset_repetition,subset_seed,initialization,strategy,best_step,best_validation_iou,iou_step_4000,validation_loss_step_4000,selected_validation_loss,selected_validation_dice,selected_validation_ap,selected_training_iou,training_minus_validation_iou,mean_boundary_iou,boundary_images_included,boundary_images_excluded,examples_processed,equivalent_data_passages,training_minutes,total_minutes,iou_trend_per_1000,iou_residual_sd,iou_mean_2100_3000,iou_mean_3100_4000,loss_trend_per_1000,loss_residual_sd,loss_mean_2100_3000,loss_mean_3100_4000
1,17,imagenet,area_proportional,1200,0.8275352648392011,0.8258755721591235,0.1653386911306414,0.14685810313505285,0.8996538473364206,0.9439068462566197,0.9618622128664795,0.1343269480272784,0.3064171120062501,288,1,14287,571.48,19.350288326471734,24.028237677082263,0.00305757760048735,0.0017508283250914122,0.8232773987522108,0.8258265079879582,-0.0003511141522863994,0.0038133589541581195,0.16310602644116817,0.16412460981871427
1,17,imagenet,equal_per_image,1700,0.8316129527562012,0.8267618299970345,0.1677996851890557,0.14760189181174374,0.9028480661357604,0.9485316303797701,0.9680219388537316,0.13640898609753038,0.30725872405712795,288,1,14287,571.48,20.7306911157871,25.654999636816015,0.0014461088394188966,0.0010896066762725067,0.8238554241723826,0.8252968660022051,0.0037818884369293674,0.0021067903268581598,0.16402786325109042,0.16797154863400438
1,17,imagenet,reference,1700,0.8368371931600475,0.827863628513491,0.1654448207068195,0.15061472851306096,0.905659319049192,0.9479203452805555,0.9667788772588805,0.129941684098833,0.3186595851830923,288,1,14287,571.48,19.0680179958581,23.775242381950374,0.0009725638021243949,0.001965123958857195,0.8273309456869749,0.8278560716307298,0.002488845604144716,0.002895020984007838,0.16176964297220364,0.16505022468657635
1,17,random,area_proportional,1500,0.7812783495320087,0.7787923921145392,0.1942017587823439,0.17390874708812543,0.8692864711181012,0.9293263722382998,0.8998508078316066,0.11857245829959795,0.24217262274130588,288,1,14287,571.48,19.386790048664746,24.102936484715126,-3.3871025432476296e-05,0.00230244656363125,0.7733115911825974,0.7733631075613208,0.005018400078116093,0.0032614278965793896,0.19456435534265212,0.1988362077559154
1,17,random,equal_per_image,3400,0.7842125403445434,0.783165669585075,0.1909812816699071,0.18830174413931824,0.8696281657787255,0.9249351824771538,0.9388647884646615,0.15465224812011813,0.2636026783851579,288,1,14287,571.48,19.555940574512352,24.260591750002156,0.0012575922470547563,0.004062366793194708,0.7763714092269874,0.7782884659392303,0.0032893155117785992,0.004480967161228145,0.19290947947638254,0.1950163467274817
1,17,random,reference,2000,0.7805388000309138,0.7794017007018764,0.202522289794209,0.18989629961008844,0.8676163477759752,0.9273600040281536,0.921582081831384,0.1410432818004702,0.24834717153130553,288,1,14287,571.48,19.019870202359744,23.750037598617684,0.0009117821096003975,0.0019742122747633557,0.7757495516715804,0.7766005024962246,0.005104030157427636,0.002021642418410272,0.19726841052201377,0.20255392421178747
2,29,imagenet,area_proportional,2000,0.8465726119412608,0.8448035711927111,0.1500865791805062,0.14104911349842705,0.911852922129593,0.9568665446164926,0.9743035505328898,0.12773093859162898,0.3221773816400645,288,1,14287,571.48,20.78617492574267,25.808247456947964,-0.0006144375129103262,0.0006397220311777991,0.8455720456959028,0.8449165073944274,0.003991122210447892,0.000731154462760003,0.14521865579186835,0.14922590654820303
2,29,imagenet,equal_per_image,1700,0.8461788662973816,0.8388648660578872,0.1518841545165203,0.13891531640476834,0.9104598691986345,0.956749888347673,0.9727399504602054,0.12656108416282386,0.3349174572580619,288,1,14287,571.48,20.78253273719456,25.76275476804779,0.0001591261742286563,0.0011661428285248915,0.8387542509327879,0.838550025607181,0.006389476333885337,0.0015107844716646624,0.14345963150778443,0.15022474795476784
2,29,imagenet,reference,3000,0.8416340963452023,0.8397059221806884,0.1558904176042979,0.14724817160504086,0.9083963022642176,0.9593407401583841,0.971614041599618,0.1299799452544157,0.32229073147861104,288,1,14287,571.48,19.260175560946422,23.98601410346649,0.000766529841821629,0.0008200198042667142,0.8399227044524133,0.8405518251634001,0.006317924418242125,0.0009052119376718944,0.14573857033025844,0.15184957888815226
2,29,random,area_proportional,3200,0.7998456927840456,0.7927630239438157,0.1778365423110117,0.16714981120969186,0.8824933701045108,0.9318443440026896,0.9518173492885302,0.15197165650448463,0.2681564534482854,288,1,14287,571.48,20.70696630188419,25.726585296533692,0.0009747730202446436,0.0022323563280153185,0.7955013961787339,0.7970143143547495,0.00619270781764886,0.002181797216052975,0.16668253388887452,0.17240136759710142
2,29,random,equal_per_image,3700,0.7840402456035587,0.7818532769185055,0.1941846679238712,0.19337389533082508,0.8696893764642246,0.9272878010068205,0.9511051540495565,0.16706490844599786,0.2657706337774172,288,1,14287,571.48,20.770757090765983,25.791233263199683,0.002430537063609132,0.002430557510106745,0.7796335374535335,0.7814372729005625,0.006430290504294886,0.002327793877526448,0.1860239209652359,0.19243956347444063
2,29,random,reference,2600,0.782560838730265,0.7804285423512325,0.1940382332331581,0.18563089599658875,0.8692165019314761,0.9336132937523478,0.9353919578528789,0.15283111912261382,0.24674585295455356,288,1,14287,571.48,19.21555766761303,23.946481497217125,0.002953571489355467,0.0016145716946415131,0.7779325459314417,0.7809086093035283,0.0026923785664137983,0.0019000735102714438,0.18942023605933236,0.1922680750695479
3,43,imagenet,equal_per_image,3100,0.8184755402057781,0.8172837542799316,0.1695724663849933,0.1648455772123535,0.8947882423280759,0.9388415256276272,0.9730523481783533,0.15457680797257523,0.2886611782237973,288,1,14287,571.48,20.545593728796423,25.455108454163806,-6.25074307389705e-05,0.0025693402820675644,0.8141986581859841,0.813291584782365,0.007031555123382785,0.003460499508212677,0.1648926899713628,0.1728713081421324
3,43,imagenet,reference,1000,0.821742122728693,0.8166700112579333,0.1769836975525819,0.14479570199049055,0.8981401906504555,0.9371488937871979,0.9525314039119445,0.1307892811832515,0.270268207471112,288,1,14287,571.48,18.88420889591022,23.400899233331437,0.0017110020404497554,0.0008848828396666496,0.8133130547582568,0.8150056405151347,0.0029383461954293915,0.0019316371436069219,0.1735470409160254,0.17589314444357956
3,43,random,equal_per_image,3500,0.7836273526287306,0.7740508117792059,0.1879859082529701,0.16924544343898865,0.8738293088219447,0.9294747550905156,0.9220481281898778,0.13842077556114718,0.2288743845700522,288,1,14287,571.48,20.507615881875,25.426335830567403,0.0007252321016234718,0.0026477526928084007,0.779065013267754,0.7794087069785423,0.004887242933079766,0.0037908580482959877,0.16932768382415633,0.1738219467207634
3,43,random,reference,3100,0.7799308381809157,0.7771205250721248,0.177088453798558,0.17187661386278674,0.8706162403817692,0.9363253727930481,0.9088515502914813,0.12892071211056566,0.21008887486400427,288,1,14287,571.48,18.89415018293075,23.479631827783304,0.0015334794167124694,0.0014179490274016434,0.7768523448278609,0.7786147458940723,0.0033069381680651106,0.0016935874332543197,0.17193558415636467,0.1750076757582826
