subset_repetition,subset_seed,initialization,size_change,best_iou_gain,endpoint_iou_gain
1,17,imagenet,25_to_100,0.03149231990281076,0.03813971021478335
1,17,imagenet,100_to_500,0.011110279975130033,0.012235389942996222
1,17,random,25_to_100,0.049804964697490295,0.05094206402652768
1,17,random,100_to_500,0.009719265059173865,0.007900065503495424
2,29,imagenet,25_to_100,0.021345546984588792,0.020967380609329123
2,29,imagenet,100_to_500,0.014040771389931761,0.01343685504699954
2,29,random,25_to_100,0.048178685365529494,0.0460797167565814
2,29,random,100_to_500,0.011201347168539377,0.015432612156520031
3,43,imagenet,25_to_100,0.044228140546966,0.04791678840914504
3,43,imagenet,100_to_500,0.01057014919338406,0.008136816204115549
3,43,random,25_to_100,0.052523762023985565,0.05533407513277644
3,43,random,100_to_500,0.00660432291620916,0.005541592408034091
