step,examples_processed,data_passages,learning_rate,train_loss,train_bce,train_soft_dice_loss,validation_loss,validation_bce,validation_soft_dice_loss,validation_mean_iou,validation_mean_dice,elapsed_seconds,training_size,initialization
0,0,0.0,0.001,,,,0.6862850733694321,0.6750598459095278,0.6975102927858029,0.0034602076124567,0.0034602076124567,7.063176041934639,25,random
100,358,14.32,0.001,0.4370558282732963,0.317229139059782,0.5568825134634972,0.3590470542132236,0.2831183940069073,0.434975713594562,0.656397674980658,0.7770316932403729,42.12558100000024,25,random
200,716,28.64,0.001,0.2959884823858738,0.2034220097213983,0.3885549548268318,0.2521598025589253,0.2060712798656477,0.2982483262834252,0.7259506858914722,0.8304836116056467,76.22355933394283,25,random
300,1074,42.96,0.001,0.2343277408182621,0.1791813085228204,0.2894741742312908,0.1948611409400161,0.1826593324181117,0.2070629499775315,0.7488566995454574,0.8475409023559776,110.03560841688886,25,random
400,1429,57.16,0.001,0.1914034601300955,0.1536092721670866,0.2291976480185985,0.2250595893001886,0.2278559070248092,0.2222632693584402,0.7153112558917546,0.8241753639522745,144.2522239170503,25,random
500,1787,71.48,0.001,0.1984383600950241,0.1696094769984483,0.2272672411799431,0.2421205697587617,0.2420365494840285,0.2422045902397393,0.6914309184283649,0.8024911530318619,178.8402664999012,25,random
600,2145,85.8,0.001,0.1646405693143606,0.1395507113263011,0.1897304283082485,0.1887763559199534,0.1827717711150027,0.1947809437154486,0.756442683894943,0.8546671547070749,214.7589312088676,25,random
700,2500,100.0,0.001,0.1430493146926164,0.1221984799951314,0.1639001496136188,0.1922652623438917,0.2065868395731936,0.1779436817631177,0.7513210589547247,0.8480883110489229,250.35645787487735,25,random
800,2858,114.32,0.001,0.1321278577297926,0.1167666241154074,0.1474890913069248,0.1873847928839158,0.2095967098864304,0.1651728763712318,0.7691054011049434,0.8595911729898341,284.52395316702314,25,random
900,3216,128.64,0.001,0.1387408905103802,0.1237372181937098,0.1537445621192455,0.1764496947448559,0.1954802577883314,0.1574191304639136,0.7666251685479432,0.8599596422902505,318.98486312502064,25,random
1000,3574,142.96,0.001,0.134632231388241,0.1172800142597407,0.15198445007205,0.1994573463618136,0.2280547224939075,0.1708599704359641,0.7515796721751163,0.8478682139184411,353.19617599993944,25,random
1100,3929,157.16,0.001,0.1110822024941444,0.0965698527172207,0.125594553053379,0.2007233803659986,0.2352394687211637,0.1662072941506197,0.7505209310189134,0.8472205136638453,387.9403198750224,25,random
1200,4287,171.48,0.001,0.1043994583189487,0.0970514043606817,0.1117475113272667,0.19640554338178,0.2202823447727414,0.1725287437438964,0.7491728640564008,0.8471482082756147,425.717106374912,25,random
1300,4645,185.8,0.001,0.1105982583947479,0.1024607142433524,0.1187358014285564,0.1771636984752536,0.2036463050075055,0.1506810910149016,0.7706697502214497,0.8629672561473508,460.6865057500545,25,random
1400,5000,200.0,0.001,0.0991032518073916,0.0928679203614592,0.1053385835886001,0.1930442571021281,0.2231110127120694,0.1629775011828201,0.7640671129863268,0.8585559351335049,495.0830422500149,25,random
1500,5358,214.32,0.001,0.0883631249144673,0.0814883332513272,0.0952379164099693,0.1937105421067109,0.2332705627469455,0.1541505198165207,0.7656818323191477,0.8573115404739095,529.1234870839398,25,random
1600,5716,228.64,0.001,0.094566494077444,0.0868605607748031,0.1022724270820617,0.2409912726252136,0.2613729665951745,0.2206095770568583,0.6783087458495556,0.7937879529184304,565.0672378749587,25,random
1700,6074,242.96,0.001,0.0874013017490506,0.0817910504713654,0.0930115526914596,0.1858786300185642,0.2234245814563493,0.1483326770855068,0.7711979722705681,0.8634908620674121,600.0631842089351,25,random
1800,6429,257.16,0.001,0.0823392698913812,0.075002153981477,0.0896763853728771,0.1918239464087469,0.2270778250529279,0.1565700664239771,0.7633330046654898,0.8560548900763232,634.7014399589971,25,random
1900,6787,271.48,0.001,0.0770835155248642,0.0719890998490154,0.0821779315173625,0.1927004622031248,0.2388108572229794,0.1465900674410757,0.7713335282259164,0.862942789519666,668.8607162500266,25,random
2000,7145,285.8,0.001,0.0613991600275039,0.0562348004709929,0.0665635196864605,0.1898962996100884,0.237727409621836,0.1420651880515075,0.7805388000309138,0.8676163477759752,703.935251833871,25,random
2100,7500,300.0,0.0001,0.0517672586534172,0.0458468416891992,0.0576876759529113,0.1924751712376683,0.2427496188755266,0.1422007228263934,0.7784243886136779,0.8663671759428999,739.401397791924,25,random
2200,7858,314.32,0.0001,0.0520031279884278,0.0472664832510054,0.0567397725582122,0.1973845372975491,0.2507413220446827,0.1440277553347155,0.7760849040516867,0.8647114535941416,774.5265836250037,25,random
2300,8216,328.64,0.0001,0.0509809805452823,0.0458355737756937,0.056126387566328,0.1917875260114669,0.2417342238978943,0.1418408275063062,0.7784555137026259,0.8666404285088274,810.4270681249909,25,random
2400,8574,342.96,0.0001,0.0561630070209503,0.0507284850534051,0.0615975287556648,0.195647193589425,0.247899844675328,0.143394541162933,0.7754122256115916,0.864720508037933,845.7803037918638,25,random
2500,8929,357.16,0.0001,0.0484571639075875,0.0437011017464101,0.0532132259011268,0.2015367330770591,0.2561129914229303,0.1469604760717768,0.77042591944313,0.8608977656235546,880.9112432920374,25,random
2600,9287,371.48,0.0001,0.0612690644711256,0.0555787470052018,0.0669593811035156,0.1982417453119086,0.2512571827144358,0.1452263080125036,0.7739777006419118,0.8633576180752667,916.2280616250356,25,random
2700,9645,385.8,0.0001,0.0484206194803118,0.0438867000304162,0.0529545390605926,0.1991673003121643,0.2540945363292232,0.144240059448361,0.7750574202932842,0.8640116087089001,951.5941866249776,25,random
2800,10000,400.0,0.0001,0.0451132966391742,0.0406649948749691,0.0495615983009338,0.1976363308289472,0.252929208909764,0.1423434507888081,0.7767192411584553,0.8653430162901917,986.6195751249325,25,random
2900,10358,414.32,0.0001,0.0445197583921253,0.0400455775484442,0.0489939391613006,0.1995354433991917,0.2566170660475959,0.1424538202351764,0.7761995230877807,0.865018381396235,1022.4521470419132,25,random
3000,10716,428.64,0.0001,0.0588066549412906,0.0537795038521289,0.0638338066637516,0.1992721241547574,0.2559368191705855,0.1426074310982516,0.776738680111659,0.8652033830574529,1057.9462615000084,25,random
3100,11074,442.96,0.0001,0.0429323163628578,0.0382274850690737,0.0476371479034423,0.1988043431901602,0.2556046768249524,0.1420040085241456,0.7772786125494939,0.8655184849958395,1093.4245048339944,25,random
3200,11429,457.16,0.0001,0.0614964388869702,0.0543367428798228,0.0686561354994773,0.203452647969797,0.2615575842997607,0.1453477117429555,0.7732973071333717,0.8629372119522906,1128.4912789589723,25,random
3300,11787,471.48,0.0001,0.0431862772256135,0.0383868842665106,0.047985670119524,0.2012500590725341,0.2604971589926617,0.142002958946162,0.776337991246468,0.8649795527409545,1163.866043749964,25,random
3400,12145,485.8,0.0001,0.0494224415067583,0.0445238985214382,0.0543209838867187,0.2040096818369565,0.2652729265005118,0.1427464373796456,0.7751573476093717,0.8642610167789272,1198.9595908748452,25,random
3500,12500,500.0,0.0001,0.0446023659501224,0.0393763753445819,0.0498283568024635,0.2048146286431481,0.2672847367075487,0.1423445187225474,0.775486999784983,0.8645195117784282,1234.2754411669448,25,random
3600,12858,514.32,0.0001,0.0439809938333928,0.0399827128276228,0.0479792746901512,0.2012971125053287,0.2627981572724543,0.1397960685116197,0.7788325202452796,0.8671244142461196,1269.722812833963,25,random
3700,13216,528.64,0.0001,0.0482935684360563,0.0424411494191735,0.0541459865868091,0.2023487222029676,0.2630081677931815,0.1416892762002648,0.7764389436147834,0.8650060809040381,1305.0299564169254,25,random
3800,13574,542.96,0.0001,0.0542439119331538,0.0485260943137109,0.0599617290496826,0.203137112530045,0.2632441300009361,0.143030096502865,0.7756036156817206,0.8649559872393843,1340.2890890419949,25,random
3900,13929,557.16,0.0001,0.0482943308167159,0.0424551236070692,0.0541335378587245,0.2039026443727288,0.267213456770953,0.1405918317682603,0.7781699863948971,0.8660925813515754,1375.4467096668668,25,random
4000,14287,571.48,0.0001,0.0410888500045985,0.036859128922224,0.0453185713291168,0.202522289794209,0.26489478040319,0.1401498008351837,0.7794017007018764,0.8668765451124395,1410.692960166838,25,random
0,0,0.0,0.001,,,,0.6805803738663353,0.661634955439188,0.6995257856936603,0.0034602076124567,0.0034602076124567,6.277366458205506,25,imagenet
100,358,14.32,0.001,0.3832095417380333,0.2647668676078319,0.5016522142291069,0.2836279357593365,0.2177879719070084,0.3494679016225478,0.7523736418146979,0.8525961635484427,41.48821245809086,25,imagenet
200,716,28.64,0.001,0.2133392089605331,0.1314735507965088,0.2952048662304878,0.2027827380643996,0.172048595640486,0.2335168836851021,0.8061676778754958,0.8871570583313656,76.30645491718315,25,imagenet
300,1074,42.96,0.001,0.1282733722776174,0.084084729924798,0.1724620145559311,0.1650215897799363,0.1635746926997359,0.1664684880976033,0.7930681448132124,0.878464783420447,110.98943041707388,25,imagenet
400,1429,57.16,0.001,0.0857336311787366,0.0585493072122335,0.112917955070734,0.1485917912635011,0.1524480409585068,0.1447355415169343,0.821560060460143,0.8966522250418412,145.40352129214443,25,imagenet
500,1787,71.48,0.001,0.0680065150931477,0.0511256609857082,0.0848873689770698,0.1380628701106074,0.1620233718396058,0.1141023681238035,0.8307498397324331,0.9019161185872908,180.81975300004703,25,imagenet
600,2145,85.8,0.001,0.0678956687077879,0.0554962535202503,0.080295083373785,0.158069071318039,0.1808694166914402,0.1352687267696156,0.8097823203830377,0.8877743098941151,216.33022650005296,25,imagenet
700,2500,100.0,0.001,0.0565511617064476,0.0473399387858808,0.0657623846828937,0.1510459049556494,0.1819826236645655,0.1201091862467333,0.8156121942430757,0.8921135791083056,251.23450954211876,25,imagenet
800,2858,114.32,0.001,0.0569793070666492,0.0484595788270235,0.0654990346729755,0.1733624937212591,0.209317088024014,0.1374079017903153,0.7960311163582524,0.8783137497617322,286.6092773331329,25,imagenet
900,3216,128.64,0.001,0.0558718605153262,0.0460078147985041,0.0657359056174755,0.1628008101225724,0.2037743075805551,0.1218273150879619,0.8054094581773726,0.8859175784636188,322.1817484581843,25,imagenet
1000,3574,142.96,0.001,0.0450124406442046,0.0349582050461322,0.0550666764378547,0.1429276755627463,0.1763991903268754,0.1094561615204728,0.8320637954594954,0.9026983956361996,357.7641923332121,25,imagenet
1100,3929,157.16,0.001,0.0349587173573672,0.0294325897563248,0.0404848450422287,0.1514749265047093,0.1915697899347358,0.111380064569955,0.8232635729893243,0.8974784800699892,393.6789159581531,25,imagenet
1200,4287,171.48,0.001,0.0310158728342503,0.0266989774815738,0.0353327684104442,0.1668315683475415,0.2183332299897415,0.1153299078396859,0.814998287953578,0.8915369661920024,428.7352250001859,25,imagenet
1300,4645,185.8,0.001,0.0404223112389445,0.034258289868012,0.0465863324701786,0.1590289541594297,0.2030793109773352,0.1149785968259131,0.8157616780158315,0.8922278385087584,463.60122720804065,25,imagenet
1400,5000,200.0,0.001,0.0279792769066989,0.0244095035549253,0.0315490500628948,0.1471586687857717,0.1923200415904959,0.1019972969091474,0.8323019765409776,0.9033566854214736,498.016181625193,25,imagenet
1500,5358,214.32,0.001,0.0254799172841012,0.022213246487081,0.0287465880811214,0.1530122949796564,0.203442698892425,0.1025818901903489,0.8316701846862844,0.902679196825131,533.6590955420397,25,imagenet
1600,5716,228.64,0.001,0.0236554013006389,0.0204514052718877,0.0268593974411487,0.1592853646274256,0.2150205349014704,0.1035501940440141,0.8283095074914723,0.9006334984708437,569.3885003752075,25,imagenet
1700,6074,242.96,0.001,0.0222864371119067,0.0193150067050009,0.0252578672766685,0.1506147285130609,0.2025322076771086,0.0986972488334022,0.8368371931600475,0.905659319049192,605.0613574581221,25,imagenet
1800,6429,257.16,0.001,0.0557882837112993,0.0521318211220204,0.0594447468221187,0.1723373660682394,0.2154351831719949,0.129239551336295,0.799324752996277,0.881369557655116,640.4973995001055,25,imagenet
1900,6787,271.48,0.001,0.0434641128964722,0.0384725707862526,0.0484556543827056,0.1803079528998338,0.2392946916880492,0.1213212118429296,0.803867862072318,0.8832413194127131,675.5750892499927,25,imagenet
2000,7145,285.8,0.001,0.0296020844578742,0.0267919806111603,0.0324121883511543,0.1565316259139136,0.2079113661005422,0.1051518851085517,0.8292872584789275,0.9000549905569105,710.6028972500935,25,imagenet
2100,7500,300.0,0.0001,0.0247426661476492,0.0216499349800869,0.027835397273302,0.1626277782512783,0.2188426437674921,0.1064129137662867,0.8264769749660594,0.8978730979158285,745.314220083179,25,imagenet
2200,7858,314.32,0.0001,0.0244218255765736,0.0216787049174308,0.027164946347475,0.1635209610717931,0.2200883229401697,0.1069535992549777,0.8261026470576588,0.8973725941838749,780.1597337920684,25,imagenet
2300,8216,328.64,0.0001,0.0245784101728349,0.0221835747547447,0.0269732455909252,0.1606196814239231,0.2152882085848844,0.105951153902034,0.8272060105157462,0.8982797554623814,814.6776760001667,25,imagenet
2400,8574,342.96,0.0001,0.025636865850538,0.0218635914474725,0.0294101399183273,0.1620358947960975,0.2174593724284617,0.1066124152559722,0.8256771012318997,0.8973913234162515,849.333077083109,25,imagenet
2500,8929,357.16,0.0001,0.0230842954851686,0.0203595529403537,0.0258090381324291,0.1597048487630269,0.2144898442248572,0.1049198533011967,0.82794481040342,0.8988988830247624,883.8847629171796,25,imagenet
2600,9287,371.48,0.0001,0.0254217010270804,0.0207381111895665,0.0301052908599376,0.1655423907260168,0.2225956698189969,0.1084891118392812,0.8232210835247096,0.8956246925529895,918.755781542044,25,imagenet
2700,9645,385.8,0.0001,0.0224325102288275,0.0200470767356455,0.0248179437220096,0.1660734651719822,0.2255402172828628,0.1066067136282739,0.8261116073767243,0.8974221330955501,953.6533228331244,25,imagenet
2800,10000,400.0,0.0001,0.0223604178614914,0.0199452129704877,0.024775622934103,0.1548178450149648,0.2077299039875347,0.101905787486106,0.8324107645794028,0.9019245026325954,988.2264174581504,25,imagenet
2900,10358,414.32,0.0001,0.0215295082144439,0.019164783898741,0.0238942323625087,0.1582432035034503,0.2135149535423331,0.1029714548051563,0.8316875843286827,0.9009164901152056,1023.9693389581516,25,imagenet
3000,10716,428.64,0.0001,0.0248473775014281,0.0203618955612182,0.0293328592181205,0.1645103609995033,0.2227205050960956,0.1063002172638388,0.8264708728854453,0.8974711889319903,1059.5978380001616,25,imagenet
3100,11074,442.96,0.0001,0.0206095341034233,0.0182005358440801,0.0230185323953628,0.1644185418488657,0.2233801477920637,0.1054569359056677,0.8274635153004661,0.8982506757243994,1094.841212542029,25,imagenet
3200,11429,457.16,0.0001,0.0223885020334273,0.0184976787259802,0.0262793251872062,0.1673795196733672,0.2276084932488966,0.1071505435197823,0.8254335292961692,0.8967602224907466,1129.928059417056,25,imagenet
3300,11787,471.48,0.0001,0.020671008164063,0.0183315890002995,0.0230104275047779,0.1638009447643088,0.2226100117999377,0.1049918788114633,0.8274678271878827,0.8985353987950516,1166.2597502500284,25,imagenet
3400,12145,485.8,0.0001,0.0213096593273803,0.0184596978547051,0.0241596208512783,0.1606534268307438,0.2179346877089008,0.1033721663135145,0.8298157144170619,0.9002476751350867,1201.73717149999,25,imagenet
3500,12500,500.0,0.0001,0.0205252002039924,0.0181378791155293,0.022912521213293,0.164837273810974,0.2251037037496335,0.1045708462441256,0.8284534572496286,0.8989172457207921,1236.727041167207,25,imagenet
3600,12858,514.32,0.0001,0.0205627052159979,0.0184557136893272,0.0226696966588497,0.1651322766880675,0.2259015120230744,0.1043630409405718,0.8286231725629716,0.8991270654131938,1271.4761138330214,25,imagenet
3700,13216,528.64,0.0001,0.020620694225654,0.0180294037377461,0.0232119846343994,0.1669591877184112,0.2294514725777517,0.1044669033746818,0.8275041630062092,0.898602331236734,1306.059736583149,25,imagenet
3800,13574,542.96,0.0001,0.0205846100673079,0.0175231275521218,0.0236460925638675,0.1634514681917573,0.2230887499647569,0.1038141856969021,0.8289085065689911,0.8995305874572092,1341.2966543750372,25,imagenet
3900,13929,557.16,0.0001,0.0199985219445079,0.0173211428988724,0.0226759010553359,0.1684247866324487,0.2323625378542705,0.1044870336575491,0.8270272022044264,0.898512340561454,1376.6180990419816,25,imagenet
4000,14287,571.48,0.0001,0.0192638097191229,0.017108358554542,0.0214192607998847,0.1654448207068195,0.2266872055493424,0.1042024357096134,0.827863628513491,0.8991061015240134,1412.274042917183,25,imagenet
0,0,0.0,0.001,,,,0.6862850733694321,0.6750598459095278,0.6975102927858029,0.0034602076124567,0.0034602076124567,7.092693625018001,100,random
100,400,4.0,0.001,0.4412150067090988,0.3325008291006088,0.549929181933403,0.3366346190132484,0.257607499105295,0.4156617381993462,0.6788701281219491,0.7956595352918356,46.039914458058774,100,random
200,800,8.0,0.001,0.316910869628191,0.2366910253465175,0.3971307153999805,0.2622504754049968,0.213164065432796,0.3113368852740753,0.7187880693484918,0.8276829526531433,84.44841304095462,100,random
300,1200,12.0,0.001,0.2594342789053916,0.2074131716787815,0.3114553855359554,0.1961204207479747,0.1825937027543474,0.2096471374010132,0.7408505428872323,0.8440384650661735,122.76164420810528,100,random
400,1600,16.0,0.001,0.2323958726227283,0.1962717837840318,0.2685199622809887,0.1973942311989807,0.1909047831816656,0.2038836782366346,0.7322404053428091,0.8369546829578624,161.37561516603455,100,random
500,2000,20.0,0.001,0.2136848762631416,0.1857137620449066,0.2416559927165508,0.1822814230894135,0.1688956174367852,0.1956672280717473,0.7584076763799175,0.8562265547746939,200.19542670808733,100,random
600,2400,24.0,0.001,0.2000934498757124,0.1771799933165311,0.2230069060623646,0.1759740715414595,0.1628307308292718,0.1891174122536471,0.7711123212589546,0.864191458588044,238.83601162489504,100,random
700,2800,28.0,0.001,0.2009630797803402,0.1833042878657579,0.2186218723654747,0.1621784863793726,0.1488836322585604,0.175473341067357,0.7770475691291747,0.8695982346023932,277.5583409580868,100,random
800,3200,32.0,0.001,0.1803325213491916,0.1634226995334029,0.1972423456609249,0.1690676718640905,0.1629265396240261,0.1752088045166438,0.7681767581279615,0.8619862048562501,316.48793112509884,100,random
900,3600,36.0,0.001,0.1834867817908525,0.1652881577610969,0.2016854055225849,0.1492667244586152,0.1477501707402892,0.1507832781253801,0.7892499188298402,0.877092548178288,354.77252150001004,100,random
1000,4000,40.0,0.001,0.1684636637568473,0.1551023966819048,0.1818249298632145,0.1647860342862284,0.1543138803701499,0.1752581864492291,0.774427992446811,0.86699907748451,393.56364095793106,100,random
1100,4400,44.0,0.001,0.1617768450081348,0.1499088072776794,0.1736448813974857,0.1487073487888983,0.1584901895799438,0.1389245075338027,0.7970673572270843,0.8822782815221181,431.3938613750506,100,random
1200,4800,48.0,0.001,0.1594747181981802,0.1471350384503603,0.1718143972754478,0.1743101168256317,0.1749222742644973,0.1736979593867661,0.7569655651965835,0.851668893968711,469.3435873331037,100,random
1300,5200,52.0,0.001,0.1538480239361524,0.1437133263796567,0.163982722312212,0.137868753044663,0.1438221474626072,0.1319153579048632,0.806880232941919,0.887939432732988,507.03200925001875,100,random
1400,5600,56.0,0.001,0.1564719853550195,0.1481262586638331,0.1648177105188369,0.1458023182764185,0.154790655500336,0.1368139813103065,0.7953849996782042,0.8799209209006301,544.819211582886,100,random
1500,6000,60.0,0.001,0.1425658496469259,0.1314273671805858,0.1537043313682079,0.1433012967084931,0.1502736911538563,0.1363289013865909,0.8010837513208424,0.8839515400563318,582.110959332902,100,random
1600,6400,64.0,0.001,0.1376269196718931,0.129791397973895,0.1454624418914318,0.1461159763245434,0.1541420975152184,0.1380898544120128,0.8001100689621466,0.8837903933441501,619.4626233330928,100,random
1700,6800,68.0,0.001,0.1373624345660209,0.1268184608593583,0.1479064080119133,0.1404852105568849,0.140038228261842,0.1409321922331945,0.8022949290568975,0.8849537240544437,657.0623413329013,100,random
1800,7200,72.0,0.001,0.1240814125537872,0.117218176536262,0.1309446483850479,0.1301529072869607,0.1362701305881091,0.1240356838826902,0.8168902480729165,0.8944464846871854,694.5136333750561,100,random
1900,7600,76.0,0.001,0.1237471938133239,0.1143061421439051,0.1331882447004318,0.1448412641212602,0.1521735098535214,0.1375090184921212,0.7965675586181546,0.8820094300132195,732.0608995000366,100,random
2000,8000,80.0,0.001,0.1204732888191938,0.1140649715811014,0.1268816049396991,0.1348935584811603,0.1516244245441727,0.1181626922119035,0.816558139490984,0.8942389400872063,769.3589987079613,100,random
2100,8400,84.0,0.0001,0.1024651227146387,0.095562794804573,0.1093674506247043,0.1306596600473133,0.1422164480372696,0.1191028719542348,0.8204757289990616,0.8967790678960431,806.9987544580363,100,random
2200,8800,88.0,0.0001,0.1007007715478539,0.0956790318340063,0.1057225109636783,0.1261455018627602,0.1350632893069805,0.1172277143669788,0.8240067053478097,0.8989626201171578,844.8969384159427,100,random
2300,9200,92.0,0.0001,0.0964246593043208,0.0913568400219082,0.1014924782514572,0.1279162601616143,0.1382862608428645,0.1175462589131919,0.8231392632531133,0.8984974313381113,882.8306867079809,100,random
2400,9600,96.0,0.0001,0.0951547745615244,0.0903942157700657,0.0999153333902359,0.1282054278161699,0.1383025695192772,0.1181082849271569,0.8220858917903606,0.8977378916836506,920.5429084999488,100,random
2500,10000,100.0,0.0001,0.0932013564184308,0.0872545016556978,0.0991482102870941,0.1271012728086392,0.1381740707736526,0.1160284757201646,0.8242185485582848,0.8992935705205808,958.067917374894,100,random
2600,10400,104.0,0.0001,0.0921077356860041,0.0875069455429911,0.0967085260152816,0.1274397111784628,0.1399887492396839,0.1148906744062694,0.8245297284826818,0.8993474714593059,996.025733208051,100,random
2700,10800,108.0,0.0001,0.090987385995686,0.0872630187124013,0.0947117532789707,0.1261746230113052,0.1389125667022586,0.1134366809703074,0.8256627609858924,0.9001565742367015,1033.9167825409677,100,random
2800,11200,112.0,0.0001,0.0932343424856662,0.0886525349318981,0.0978161495923995,0.1270724327712735,0.1413201540708542,0.1128247118326206,0.8259150030240144,0.9004685148536399,1071.701403915882,100,random
2900,11600,116.0,0.0001,0.0916126056015491,0.0866110094264149,0.0966142010688781,0.1267284676690415,0.1391659805931434,0.1142909537137173,0.825096999794066,0.8999133533543889,1109.2078273328952,100,random
3000,12000,120.0,0.0001,0.0861153124645352,0.0825715900585055,0.0896590349078178,0.1263052342156637,0.1396747604270294,0.1129357074371258,0.826313540666637,0.900603202387622,1146.6446157500611,100,random
3100,12400,124.0,0.0001,0.0857506835833191,0.0819798571243882,0.0895215100049972,0.1260273717988321,0.1401918552119839,0.1118628910668581,0.8276418939245471,0.9012490988813674,1184.7970605830196,100,random
3200,12800,128.0,0.0001,0.0859553864225745,0.0820280427113175,0.0898827303946018,0.1262250015170516,0.1395139713807089,0.112936032890861,0.8271252092170717,0.9010222590975682,1222.7140570410993,100,random
3300,13200,132.0,0.0001,0.0842778275161981,0.0811682587489485,0.0873873963952064,0.1265966687544819,0.1398856523849559,0.1133076839381023,0.8269138658448104,0.9007402319710264,1260.7420352909248,100,random
3400,13600,136.0,0.0001,0.0851514517515897,0.0807947554066777,0.0895081484317779,0.1284062994392685,0.1461406648159027,0.1106719339595121,0.8254024319381273,0.8999591021473856,1298.3426396250725,100,random
3500,14000,140.0,0.0001,0.0832922051101923,0.079760942980647,0.0868234677612781,0.1296244865367156,0.1473652100171185,0.1118837646547073,0.8245012493223598,0.8994324330877518,1336.0510145830922,100,random
3600,14400,144.0,0.0001,0.0814172774925828,0.0772475489974021,0.0855870063602924,0.1273178611865918,0.1430746984626182,0.1115610224152931,0.8267557754374224,0.9006626543383885,1373.5749476659112,100,random
3700,14800,148.0,0.0001,0.0813595200702548,0.0788162931799888,0.0839027473330497,0.1246258893330616,0.1395053748028501,0.1097464027289288,0.8292477612029248,0.9021627352964212,1411.311985624954,100,random
3800,15200,152.0,0.0001,0.0804322065040469,0.0772838222049176,0.0835805903375148,0.1267829272883161,0.1426464382133682,0.1109194157445307,0.8278085256298375,0.9012555726832244,1449.330916875042,100,random
3900,15600,156.0,0.0001,0.0793154807761311,0.0758160939440131,0.0828148676455021,0.1261726784871111,0.1441295368654917,0.1082158191806304,0.8298367116447535,0.9027185670362922,1487.4207341659348,100,random
4000,16000,160.0,0.0001,0.0778127764910459,0.075440763272345,0.0801847895979881,0.1242121610158867,0.1398221517826034,0.1086021698882423,0.8303437647284041,0.9030269423546976,1525.5318824579008,100,random
0,0,0.0,0.001,,,,0.6805803738663353,0.661634955439188,0.6995257856936603,0.0034602076124567,0.0034602076124567,6.297537208069116,100,imagenet
100,400,4.0,0.001,0.3982489657402038,0.2877024900913238,0.5087954398989677,0.2928191390417026,0.2153043760354131,0.3703339005011588,0.7999939184030994,0.8841921683751295,44.238861167104915,100,imagenet
200,800,8.0,0.001,0.2445070473849773,0.1674398224055767,0.3215742751955986,0.187717545300619,0.1423325049835918,0.233102584586424,0.8348562660095332,0.9058351356692036,82.29647225001827,100,imagenet
300,1200,12.0,0.001,0.1724653995782137,0.1278598440438509,0.217070954144001,0.1504314117984375,0.125883975759097,0.1749788458784558,0.8409368143114746,0.909721235039396,120.4622167078778,100,imagenet
400,1600,16.0,0.001,0.1437023158371448,0.1172441689670086,0.1701604618132114,0.1321911350872277,0.1209669143580235,0.1434153561773597,0.8311643392785374,0.9032644018864237,158.376442583045,100,imagenet
500,2000,20.0,0.001,0.1123251254856586,0.0940803588554263,0.1305698922276497,0.1094143606696574,0.1027057202835809,0.1161230010557339,0.8551867894019531,0.91820031803134,196.19333283300512,100,imagenet
600,2400,24.0,0.001,0.0906786829605698,0.0796116731315851,0.1017456929385662,0.1133581111175378,0.1152514257954891,0.1114647972130033,0.8527404668046606,0.9167892625096008,234.28524320805445,100,imagenet
700,2800,28.0,0.001,0.0788343764469027,0.0704791986197233,0.0871895542740821,0.1072543592910865,0.1150143942618452,0.0994943250421834,0.8566276009280042,0.9194158557713904,272.2349551669322,100,imagenet
800,3200,32.0,0.001,0.07701763946563,0.0719194411486387,0.0821158385276794,0.1185198200924586,0.1302037091094317,0.106835932261391,0.842740744371592,0.9101189104550864,309.7206738330424,100,imagenet
900,3600,36.0,0.001,0.0824784084782004,0.0761512907594442,0.0888055254518985,0.1363983188327208,0.1569095703557288,0.115887064628535,0.819653047731115,0.896872412008097,347.1514240419492,100,imagenet
1000,4000,40.0,0.001,0.0689539904147386,0.0642011059634387,0.0737068751454353,0.1133220895454545,0.1295808946591347,0.0970632846380187,0.8492841105058174,0.914624371736099,384.8807435419876,100,imagenet
1100,4400,44.0,0.001,0.0533784884400665,0.0492051242105662,0.0575518529117107,0.1139565502586661,0.1351665827126651,0.0927465164125171,0.8529081792780872,0.916663672929846,422.4232733328827,100,imagenet
1200,4800,48.0,0.001,0.0511186001449823,0.0476524364389479,0.0545847637951374,0.1055491716185243,0.1208507277355062,0.0902476151921757,0.8591136478931584,0.9205802035128372,460.02289366698824,100,imagenet
1300,5200,52.0,0.001,0.0455522186867892,0.0423864651285111,0.0487179723381996,0.1112370833393611,0.1319975248154472,0.0904766413992251,0.8555862062166886,0.9183097798248682,497.9333618748933,100,imagenet
1400,5600,56.0,0.001,0.0488103609159588,0.0464735309593379,0.0511471907794475,0.1236946854521246,0.1523978431744559,0.0949915278329156,0.8478735853114617,0.9125938974083267,535.5000874579418,100,imagenet
1500,6000,60.0,0.001,0.0479538701474666,0.0458999046590179,0.0500078356266021,0.1186104861304009,0.1438240922446069,0.0933968806349282,0.8503032328269585,0.9151036029775832,573.097625042079,100,imagenet
1600,6400,64.0,0.001,0.0553709849342703,0.0541210017725825,0.0566209682822227,0.1102698766030242,0.1228962319687163,0.0976435199740848,0.847911360527852,0.9136157883601734,610.6583294169977,100,imagenet
1700,6800,68.0,0.001,0.0593974137306213,0.056154433004558,0.0626403947174549,0.1208994785085268,0.1461579738036571,0.0956409837547883,0.8427947669254232,0.9107731567930648,648.8503446669783,100,imagenet
1800,7200,72.0,0.001,0.0523956450074911,0.0503326984681189,0.0544585913419723,0.1091808905651,0.1295072514705592,0.0888545311033519,0.8554682803863681,0.9182369994096682,686.6639455419499,100,imagenet
1900,7600,76.0,0.001,0.0457771605066955,0.0434932492859661,0.0480610717833042,0.1025327460576093,0.1204559219337252,0.0846095703877379,0.8637365456953624,0.9234134456686736,724.580536250025,100,imagenet
2000,8000,80.0,0.001,0.039695134088397,0.0373723958060145,0.042017872184515,0.104328960850577,0.1261242504093061,0.0825336701317229,0.8649020033963936,0.9238594326175156,762.6381510829087,100,imagenet
2100,8400,84.0,0.0001,0.0366393846273422,0.0345141725800931,0.0387645967304706,0.1063411704499828,0.130209940450208,0.0824724000630494,0.8638639894811463,0.9232520844583008,800.4977463330142,100,imagenet
2200,8800,88.0,0.0001,0.0359567318111658,0.0338086093962192,0.0381048543751239,0.1064372830170248,0.1306460612682322,0.0822285044564507,0.8642698450056585,0.9234772076139732,838.2003577079158,100,imagenet
2300,9200,92.0,0.0001,0.035485301874578,0.0330810878798365,0.0378895159065723,0.10360048855671,0.1260474272665268,0.0811535485063044,0.8667469828095458,0.9249867197830388,875.8993560420349,100,imagenet
2400,9600,96.0,0.0001,0.0349873002804815,0.0332591506280005,0.0367154496908187,0.1057629872977114,0.1295778289643538,0.0819481460693385,0.8654459500442532,0.9242326296257536,913.7063358749728,100,imagenet
2500,10000,100.0,0.0001,0.0340278546884655,0.0320160119608044,0.0360396975278854,0.1054960623331961,0.1295115831195276,0.0814805408250089,0.8661190802242206,0.924606935215576,951.0259313751012,100,imagenet
2600,10400,104.0,0.0001,0.0339872515946626,0.0320917601604014,0.0358827427029609,0.1049001029205982,0.12916671123781,0.0806334938557502,0.8668965604223319,0.9250608339837696,988.2816026250366,100,imagenet
2700,10800,108.0,0.0001,0.0342114937491715,0.0327990124747157,0.035623975098133,0.1066291227060205,0.1311824579810188,0.0820757870443139,0.8646913207712809,0.923748409194527,1025.81799533288,100,imagenet
2800,11200,112.0,0.0001,0.0333502522483468,0.0313539104536175,0.0353465938568115,0.107053561761305,0.1319925676270752,0.0821145566689514,0.8648790432279105,0.9238479818951548,1063.225381083088,100,imagenet
2900,11600,116.0,0.0001,0.0338042932190001,0.0313713219203054,0.0362372644245624,0.1083873445909328,0.1348654328745541,0.0819092557917004,0.8642285614287494,0.923563580578514,1100.9737579999492,100,imagenet
3000,12000,120.0,0.0001,0.0326950841769576,0.0309099843353033,0.0344801840186119,0.1064194638320731,0.1327625061401446,0.0800764220396127,0.8667842528242314,0.9250798459075787,1138.6945382079575,100,imagenet
3100,12400,124.0,0.0001,0.0322378354147076,0.0305203847773373,0.0339552861452102,0.1075477225248376,0.1342880601598317,0.0808073863851157,0.8656556657300094,0.924406948867684,1176.26758191688,100,imagenet
3200,12800,128.0,0.0001,0.0318733076006174,0.0299768576398491,0.0337697573006153,0.1075601598383233,0.1348217577257783,0.0802985619508683,0.8667224174433513,0.925071735537986,1214.1417827080004,100,imagenet
3300,13200,132.0,0.0001,0.0322734143212437,0.0304822226054966,0.0340646056830883,0.1083164717293115,0.1349821856896357,0.081650758078354,0.8650979867353727,0.9240634116494928,1252.1184517079964,100,imagenet
3400,13600,136.0,0.0001,0.0315593184158205,0.029722880590707,0.0333957560360431,0.1072156649972328,0.1342415691040791,0.0801897609935087,0.8664790772976814,0.9248678505817168,1289.9033876669127,100,imagenet
3500,14000,140.0,0.0001,0.0315318772569298,0.0296763267088681,0.0333874279260635,0.1093212712594794,0.1373712602989896,0.0812712823230915,0.8647789854300436,0.9238759755505556,1328.0561453329865,100,imagenet
3600,14400,144.0,0.0001,0.0314229210093617,0.0296217316016554,0.0332241101562976,0.1075123760939469,0.1344553412141272,0.0805694089628833,0.8666166893331267,0.9249314940896874,1365.5110533749685,100,imagenet
3700,14800,148.0,0.0001,0.0312508172728121,0.0293733328022062,0.0331283016502857,0.1056283920693975,0.1316860937690652,0.0795706900345825,0.8683295130628582,0.9258743135272024,1403.1394014169928,100,imagenet
3800,15200,152.0,0.0001,0.0308043155074119,0.029000817509368,0.0326078134775161,0.1076601026998671,0.1346577140905452,0.0806624918248001,0.866599019294527,0.9248592243176336,1440.7788443749305,100,imagenet
3900,15600,156.0,0.0001,0.0306001649424433,0.028760091047734,0.0324402390420436,0.1072488017766945,0.1350061716608522,0.079491431944098,0.8676274941869387,0.925485629193918,1478.217370166909,100,imagenet
4000,16000,160.0,0.0001,0.0303027506545186,0.0286481890734285,0.0319573122262954,0.1092600838948286,0.1384082826879197,0.080111883503343,0.8660033387282744,0.924589273824965,1515.1703284170944,100,imagenet
0,0,0.0,0.001,,,,0.6862850733694321,0.6750598459095278,0.6975102927858029,0.0034602076124567,0.0034602076124567,6.476754416944459,500,random
100,400,0.8,0.001,0.4357838106155395,0.3379636961221695,0.5336039245128632,0.3782042118504798,0.2956706846461576,0.4607377382298241,0.6761359621411046,0.7989919676568096,45.01866391696967,500,random
200,800,1.6,0.001,0.3047960104048252,0.2388525722920894,0.3707394504547119,0.2345138949093934,0.189150568987259,0.2798772204706,0.7364120465188139,0.8390515580004337,84.3034697920084,500,random
300,1200,2.4,0.001,0.2530214288830757,0.2110133384168148,0.2950295169651508,0.2036769041553088,0.1769739316202777,0.2303798767934621,0.7528982752075011,0.8499428605339039,122.99695612490176,500,random
400,1600,3.2,0.001,0.2287255902588367,0.1992214650660753,0.2582297152280807,0.1879257673210751,0.1672858472101416,0.2085656890819641,0.754881859535579,0.8510462619710109,161.4221780418884,500,random
500,2000,4.0,0.001,0.2138349311798811,0.1925479503720998,0.2351219102740288,0.167343359298772,0.1619576489017909,0.1727290700051199,0.7699159034138793,0.8633374588522584,200.01138504198752,500,random
600,2400,4.8,0.001,0.2020100970566272,0.1837610258907079,0.2202591675519943,0.1730971105370967,0.1648317486253989,0.1813624732222111,0.7608278342976115,0.8572944285866804,238.3678474589251,500,random
700,2800,5.6,0.001,0.186284397020936,0.1783645278960466,0.1942042636871337,0.2088613424540391,0.2028792882048135,0.2148433969095091,0.734848830800699,0.8385753145875768,276.7590475420002,500,random
800,3200,6.4,0.001,0.1964564564079046,0.1863040869683027,0.2066088245809078,0.1663734975261259,0.1626235197159658,0.1701234737894527,0.7767281040646399,0.865670043815158,315.0803425000049,500,random
900,3600,7.2,0.001,0.1734765820205211,0.1655879299342632,0.1813652330636978,0.1556499161109792,0.1591615450010992,0.1521382878395925,0.7855094062242305,0.8724255418340673,353.8385573339183,500,random
1000,4000,8.0,0.001,0.1752338670939207,0.1688667716085911,0.1816009631752967,0.1509399540902834,0.1532739045091979,0.14860600418698,0.7857584068708832,0.8736978431669704,392.984620208852,500,random
1100,4400,8.8,0.001,0.1699489492177963,0.163868740722537,0.1760291583836078,0.1413175828729121,0.1375008585337536,0.1451343081401706,0.804946022000755,0.8873089919001172,431.9359085839242,500,random
1200,4800,9.6,0.001,0.1754987791925668,0.1649626697599887,0.1860348880290985,0.1563559799458329,0.1601760390514321,0.1525359211496003,0.7841250170597776,0.8716415817634761,470.89781162492,500,random
1300,5200,10.4,0.001,0.1548793420195579,0.1504716566950082,0.1592870278656482,0.1422095457575313,0.1376354744380733,0.1467836163035726,0.8003193360102703,0.8836848685796359,509.69265166693367,500,random
1400,5600,11.2,0.001,0.1622892034053802,0.153781608864665,0.1707967965304851,0.1364346974139395,0.1409186717238805,0.1319507240836595,0.8095033022573571,0.8898276383426985,548.4371637918521,500,random
1500,6000,12.0,0.001,0.1564090647548437,0.1532191757857799,0.1595989535748958,0.1572127184962731,0.1591951309809635,0.1552303070428049,0.792020719798759,0.8781441699774104,587.2253724168986,500,random
1600,6400,12.8,0.001,0.1560952721536159,0.1520407746732235,0.1601497684419155,0.1373771387813,0.1461677170748529,0.1285865589409138,0.8121585162779497,0.8915023013152318,628.5710022919811,500,random
1700,6800,13.6,0.001,0.1469360673427582,0.1407845365256071,0.1530875977873802,0.1347228867166182,0.1358847988311807,0.1335609751176669,0.8121774686811422,0.8907505561955199,668.832883791998,500,random
1800,7200,14.4,0.001,0.1462706201523542,0.1413273131102323,0.15121392801404,0.1225563747144487,0.1235632247268947,0.1215495236192195,0.8258774886400504,0.9000228651566194,708.9472565839533,500,random
1900,7600,15.2,0.001,0.1371432782709598,0.1348950070142746,0.1393915478885173,0.1338281337571391,0.139903850569857,0.1277524181303268,0.8133269646898768,0.8921284361826851,748.9134665839374,500,random
2000,8000,16.0,0.001,0.1432267773896455,0.1392708329111337,0.1471827234327793,0.1289505029941512,0.1352036354038542,0.1226973719250372,0.8188466156683858,0.895847694945051,788.6953625839669,500,random
2100,8400,16.8,0.0001,0.1247977128624916,0.1237761666625738,0.1258192588388919,0.1210981082029408,0.1213420846573621,0.1208541310782251,0.8277246938993204,0.9012582845937704,828.5092227498535,500,random
2200,8800,17.6,0.0001,0.1241098771616816,0.1175128437206149,0.13070690959692,0.1192521147661968,0.1195568612496333,0.1189473669421714,0.8295787298647566,0.9019352471286444,868.6683644168079,500,random
2300,9200,18.4,0.0001,0.1202965534850955,0.1149132306873798,0.1256798756122589,0.1192955593852435,0.1237945627279347,0.1147965576409468,0.8306126612226662,0.9026827100482928,908.7041917089372,500,random
2400,9600,19.2,0.0001,0.1212692197784781,0.1169300616532564,0.1256083783507347,0.1162593328107187,0.1201628828131203,0.1123557822927059,0.8338413150604862,0.905254349680599,948.7053015839774,500,random
2500,10000,20.0,0.0001,0.1184474558010697,0.1140412397682666,0.1228536726534366,0.1164734581659409,0.119435249985708,0.1135116652633904,0.8327569973984766,0.9034949912198872,988.82282174984,500,random
2600,10400,20.8,0.0001,0.1150030317530036,0.1093901489675045,0.1206159141659736,0.118748430665389,0.1228917438059942,0.1146051182466394,0.8299210524806024,0.9014681898491944,1028.6135598339606,500,random
2700,10800,21.6,0.0001,0.1111670120805501,0.1040903195738792,0.1182437047362327,0.117857168135346,0.1220451466043102,0.1136691902335539,0.8320638105068344,0.9031947631146926,1068.231645749882,500,random
2800,11200,22.4,0.0001,0.1141442817449569,0.1118069095164537,0.116481654047966,0.1164999409839768,0.1185376735397688,0.1144622083766237,0.8326852025190604,0.9031914399693556,1107.6561519999525,500,random
2900,11600,23.2,0.0001,0.116446910649538,0.1097734354808926,0.1231203852593898,0.1145191579335288,0.1186591422887821,0.1103791728564199,0.8353298241896939,0.9058600948453922,1147.2481552918907,500,random
3000,12000,24.0,0.0001,0.1112097778171301,0.1074411397054791,0.1149784164130687,0.1179778332013159,0.1213836448724707,0.1145720215817223,0.8311396304384409,0.9020697310429872,1187.1584442087917,500,random
3100,12400,24.8,0.0001,0.1099820195883512,0.1051630304381251,0.1148010082542896,0.1128449772571609,0.1152583492152831,0.1104316055568444,0.8371568287931507,0.9072100416662298,1226.7645898337942,500,random
3200,12800,25.6,0.0001,0.1103227714076638,0.1060665681958198,0.1145789736509323,0.1116464057595672,0.1152709535867697,0.1080218572105091,0.840063029787578,0.9089411166467384,1266.4111068339553,500,random
3300,13200,26.4,0.0001,0.1118415413796901,0.1086361192911863,0.1150469633936882,0.1118509699316585,0.1163274690147914,0.1073744690954479,0.8400301824797083,0.908638363984185,1306.0977664589882,500,random
3400,13600,27.2,0.0001,0.107602123171091,0.1019806307181716,0.1132236149907112,0.1140612741242643,0.118318622190647,0.1098039269859815,0.836613968631051,0.9068693297244944,1345.5139304168988,500,random
3500,14000,28.0,0.0001,0.1075768060609698,0.104177318662405,0.1109762927889824,0.114712761089876,0.1200350669944162,0.1093904561649969,0.8367722608639518,0.9065016564833124,1385.0928057089914,500,random
3600,14400,28.8,0.0001,0.1114009328559041,0.1080699666216969,0.1147318996489048,0.1156353017759983,0.1209111492114083,0.1103594552686882,0.8361645070051139,0.9052838307645618,1424.5816541248932,500,random
3700,14800,29.6,0.0001,0.1030175080522894,0.0978837452828884,0.1081512703001499,0.1127613725649856,0.1182805859712581,0.1072421597774466,0.8383897584550356,0.9076855415014816,1464.0068174998742,500,random
3800,15200,30.4,0.0001,0.1058862718194723,0.1032636189833283,0.1085089246928691,0.1127579963949724,0.1185646427853297,0.1069513495405652,0.8387778151872148,0.9079469591205284,1503.515282999957,500,random
3900,15600,31.2,0.0001,0.1036406967043876,0.099562531299889,0.1077188618481159,0.1143909111154945,0.1200300211209326,0.1087518002335175,0.838444423471743,0.9068855658301186,1543.1104962918907,500,random
4000,16000,32.0,0.0001,0.1049680184200406,0.1007411492988467,0.109194887727499,0.1137773968975436,0.1193806003121768,0.1081741934829104,0.8382438302318995,0.9066783824861032,1582.6751547087915,500,random
0,0,0.0,0.001,,,,0.6805803738663353,0.661634955439188,0.6995257856936603,0.0034602076124567,0.0034602076124567,6.770415334030986,500,imagenet
100,400,0.8,0.001,0.3928991505503654,0.2931438946723938,0.4926544111967086,0.2854179197529195,0.2064309544526169,0.3644048845891721,0.8055560420145318,0.8885531530923285,46.40860762493685,500,imagenet
200,800,1.6,0.001,0.2455237993597984,0.1821454910933971,0.3089021068811416,0.1872762804625356,0.1403665218283148,0.2341860384264619,0.8284657035253699,0.902210391353986,86.14873504196294,500,imagenet
300,1200,2.4,0.001,0.1889125211536884,0.1507153511047363,0.2271096922457218,0.1459002353534566,0.1268156262108199,0.1649848453726323,0.8279673229522043,0.9010571300880912,126.02704633399844,500,imagenet
400,1600,3.2,0.001,0.1545260231941938,0.1296654042601585,0.1793866421282291,0.1207017342730789,0.1096211704312723,0.1317822972383466,0.8518790884414943,0.9163879363367484,167.2335438339505,500,imagenet
500,2000,4.0,0.001,0.1347173581272363,0.118463876992464,0.150970841050148,0.1176808994637228,0.1103781130693363,0.1249836856518649,0.8484864620278985,0.9142377764976376,208.05564379203133,500,imagenet
600,2400,4.8,0.001,0.123904138430953,0.1122434640675783,0.13556481346488,0.1291962061786321,0.1356346278763972,0.1227577852542837,0.828602612231052,0.9013632932642782,248.6661105840467,500,imagenet
700,2800,5.6,0.001,0.1152254985272884,0.1107051590457558,0.1197458390891552,0.1027818962570705,0.1043016495486031,0.1012621433264656,0.8556852540689541,0.9187094648113387,289.1401450841222,500,imagenet
800,3200,6.4,0.001,0.1111033342033624,0.1046315317042172,0.1175751365721225,0.105290493905338,0.1026285585647635,0.1079524291427902,0.8528178967684936,0.9172113914758798,330.1507871670183,500,imagenet
900,3600,7.2,0.001,0.1000758836045861,0.0961194390431046,0.1040323282778263,0.1107180739872183,0.1130412754612397,0.1083948729772468,0.852183558317461,0.916561253823257,370.6442205419298,500,imagenet
1000,4000,8.0,0.001,0.1076548396795988,0.1064147709682583,0.108894907683134,0.101557669651962,0.103126022178409,0.0999893158364873,0.8595478128840791,0.9210865375274808,411.3106953341048,500,imagenet
1100,4400,8.8,0.001,0.0966208695247769,0.0937036037445068,0.0995381359755993,0.1224604221157549,0.1317488980643889,0.113171946218682,0.8348864788884852,0.9056305155794742,452.12392558390275,500,imagenet
1200,4800,9.6,0.001,0.0963505731895566,0.0921449070423841,0.1005562402307987,0.099258394621854,0.104286337239107,0.0942304522108454,0.8639149180390887,0.9235524605302584,492.67147791711614,500,imagenet
1300,5200,10.4,0.001,0.0846654115244746,0.0841150784492492,0.0852157443761825,0.0947466727771561,0.0970720609579119,0.0924212841839113,0.863317544860084,0.9234518363093516,533.5160187920555,500,imagenet
1400,5600,11.2,0.001,0.085794604383409,0.0816342365741729,0.0899549722671508,0.0946640587801751,0.0982684059242579,0.0910597132151514,0.863407802038236,0.9236341092186904,574.088113124948,500,imagenet
1500,6000,12.0,0.001,0.0864692111313343,0.0852126298099756,0.0877257925271988,0.1059374516398024,0.1178605466771703,0.0940143569118011,0.8524419646932987,0.916979244618986,614.602648334112,500,imagenet
1600,6400,12.8,0.001,0.0848413124680519,0.0839612865075469,0.0857213382422924,0.0983274949256936,0.1012283731703114,0.0954266155467313,0.8607263997654636,0.921855181184722,655.090339791961,500,imagenet
1700,6800,13.6,0.001,0.0759192210435867,0.0725950352102518,0.079243406355381,0.101541608004834,0.1135921572628318,0.0894910604483528,0.864458150850268,0.9232591892991228,695.4981034169905,500,imagenet
1800,7200,14.4,0.001,0.0820144970715046,0.0806761022657156,0.0833528916537761,0.096910359434603,0.1065061123313375,0.0873146065378684,0.863094132678669,0.9234382307647429,736.1371546250302,500,imagenet
1900,7600,15.2,0.001,0.0701294216886162,0.0695172824710607,0.0707415609061718,0.092338716746614,0.1000324765600547,0.08464495677849,0.8683083963921185,0.9262550845563604,776.532279209001,500,imagenet
2000,8000,16.0,0.001,0.0756603341177105,0.0756554792448878,0.0756651893258094,0.0937907823126208,0.1047279517646479,0.0828536130152771,0.8670003184352486,0.9254554223886664,817.3768614169676,500,imagenet
2100,8400,16.8,0.0001,0.0663349326327443,0.0655412510037422,0.0671286141872406,0.0883940535639396,0.095302720486499,0.0814853875694802,0.8739231865666042,0.929725174202572,858.2149972501211,500,imagenet
2200,8800,17.6,0.0001,0.0638324962928891,0.060563235245645,0.0671017569303512,0.0890016063377518,0.0971910048108612,0.0808122087927425,0.8737803448760075,0.9296246568844188,899.2769247919787,500,imagenet
2300,9200,18.4,0.0001,0.0630744462460279,0.0613049352541565,0.0648439574241638,0.0892237349571241,0.0988499897574058,0.0795974801568424,0.8744375057057554,0.9300111080811742,939.5391872499604,500,imagenet
2400,9600,19.2,0.0001,0.0608123718760907,0.0597403720021247,0.0618843723833561,0.0876543639956048,0.0966342521580032,0.0786744762456953,0.8758233764294356,0.9307632590959328,979.8192759999074,500,imagenet
2500,10000,20.0,0.0001,0.058807326555252,0.0572315146401524,0.0603831386566162,0.0865163808772308,0.0944837234836961,0.0785490373426655,0.877477976818289,0.9318947675490872,1019.9663922919426,500,imagenet
2600,10400,20.8,0.0001,0.0593321059457957,0.0568968786671757,0.0617673328518867,0.0864633637316086,0.0947005655680973,0.0782261629005617,0.8774566223116814,0.9319210968256654,1060.542687874986,500,imagenet
2700,10800,21.6,0.0001,0.0578442913666367,0.0557603057473897,0.0599282772839069,0.0893150508197533,0.1000410144871493,0.0785890879515545,0.8752889990808324,0.930610228812687,1101.154849166982,500,imagenet
2800,11200,22.4,0.0001,0.0594336639717221,0.059572143163532,0.0592951847612857,0.0878981855346669,0.096788519651832,0.0790078512112574,0.876191989167364,0.931246046638002,1141.5981105000246,500,imagenet
2900,11600,23.2,0.0001,0.0576043150015175,0.0560777831077575,0.0591308467090129,0.087967612545383,0.098361866207065,0.0775733596313371,0.8763973033917279,0.9311900350574096,1182.2091324590149,500,imagenet
3000,12000,24.0,0.0001,0.0560987895354628,0.0545118183270096,0.0576857605576515,0.0876589714449582,0.0975415998728217,0.0777763437647308,0.8769119711091611,0.931633414179348,1222.823101459071,500,imagenet
3100,12400,24.8,0.0001,0.0544781411811709,0.0534635470621287,0.0554927350580692,0.0874539909684534,0.098244620957589,0.0766633612886844,0.8775009394975418,0.9319383548410572,1263.4661046250258,500,imagenet
3200,12800,25.6,0.0001,0.0550661880522966,0.0536620356328785,0.0564703403413295,0.0886466422192365,0.1001377252146447,0.0771555601519284,0.8769327290141434,0.9316149799847742,1304.2178881249856,500,imagenet
3300,13200,26.4,0.0001,0.0573837418481707,0.0561194866709411,0.0586479975283145,0.0899499100487949,0.1022508981731111,0.0776489216151121,0.875780191028764,0.9309390391982204,1344.6796066251118,500,imagenet
3400,13600,27.2,0.0001,0.0537325637415051,0.0519297019019723,0.0555354252457618,0.0882621219826404,0.0991511856395893,0.0773730597694027,0.8768856762739567,0.9316450174929444,1385.1257672500797,500,imagenet
3500,14000,28.0,0.0001,0.0551009162142872,0.0541894954815506,0.0560123375058174,0.0882665823797041,0.098715043990876,0.0778181212583627,0.8762116697798681,0.9311854387008638,1425.6965670839418,500,imagenet
3600,14400,28.8,0.0001,0.0545802028477191,0.0537237271480262,0.055436678379774,0.0877830043796024,0.0973919587770547,0.0781740507040056,0.8762246521018355,0.9312273622649082,1466.175680000102,500,imagenet
3700,14800,29.6,0.0001,0.0526804028078913,0.0509068918600678,0.0544539135694503,0.0860669367969242,0.0969816859566629,0.0751521882301383,0.8794397930379882,0.9330497239265002,1506.6055474590976,500,imagenet
3800,15200,30.4,0.0001,0.051985903289169,0.0513412034139037,0.0526306030154228,0.0905124526535351,0.1035692814002812,0.0774556237521056,0.8759397490062723,0.9310225387296855,1547.4292699999642,500,imagenet
3900,15600,31.2,0.0001,0.0533864071220159,0.0524598902463913,0.0543129241466522,0.087562098067937,0.098552468326265,0.0765717279127312,0.8785893598294408,0.9326247104415738,1587.96072808397,500,imagenet
4000,16000,32.0,0.0001,0.0521744546666741,0.0503735949099063,0.053975314348936,0.0886510128484052,0.1013545576212315,0.0759474663998428,0.8782387286712706,0.932411510977124,1628.3983326670714,500,imagenet
