step,examples_processed,data_passages,learning_rate,train_loss,train_bce,train_soft_dice_loss,validation_loss,validation_bce,validation_soft_dice_loss,validation_mean_iou,validation_mean_dice,elapsed_seconds,subset_repetition,subset_seed,initialization,decoder_channel_dropout
0,0,0.0,0.001,,,,0.6862850733694321,0.6750598459095278,0.6975102927858029,0.0034602076124567,0.0034602076124567,7.063176041934639,1,17,random,False
100,358,14.32,0.001,0.4370558282732963,0.317229139059782,0.5568825134634972,0.3590470542132236,0.2831183940069073,0.434975713594562,0.656397674980658,0.7770316932403729,42.12558100000024,1,17,random,False
200,716,28.64,0.001,0.2959884823858738,0.2034220097213983,0.3885549548268318,0.2521598025589253,0.2060712798656477,0.2982483262834252,0.7259506858914722,0.8304836116056467,76.22355933394283,1,17,random,False
300,1074,42.96,0.001,0.2343277408182621,0.1791813085228204,0.2894741742312908,0.1948611409400161,0.1826593324181117,0.2070629499775315,0.7488566995454574,0.8475409023559776,110.03560841688886,1,17,random,False
400,1429,57.16,0.001,0.1914034601300955,0.1536092721670866,0.2291976480185985,0.2250595893001886,0.2278559070248092,0.2222632693584402,0.7153112558917546,0.8241753639522745,144.2522239170503,1,17,random,False
500,1787,71.48,0.001,0.1984383600950241,0.1696094769984483,0.2272672411799431,0.2421205697587617,0.2420365494840285,0.2422045902397393,0.6914309184283649,0.8024911530318619,178.8402664999012,1,17,random,False
600,2145,85.8,0.001,0.1646405693143606,0.1395507113263011,0.1897304283082485,0.1887763559199534,0.1827717711150027,0.1947809437154486,0.756442683894943,0.8546671547070749,214.7589312088676,1,17,random,False
700,2500,100.0,0.001,0.1430493146926164,0.1221984799951314,0.1639001496136188,0.1922652623438917,0.2065868395731936,0.1779436817631177,0.7513210589547247,0.8480883110489229,250.35645787487735,1,17,random,False
800,2858,114.32,0.001,0.1321278577297926,0.1167666241154074,0.1474890913069248,0.1873847928839158,0.2095967098864304,0.1651728763712318,0.7691054011049434,0.8595911729898341,284.52395316702314,1,17,random,False
900,3216,128.64,0.001,0.1387408905103802,0.1237372181937098,0.1537445621192455,0.1764496947448559,0.1954802577883314,0.1574191304639136,0.7666251685479432,0.8599596422902505,318.98486312502064,1,17,random,False
1000,3574,142.96,0.001,0.134632231388241,0.1172800142597407,0.15198445007205,0.1994573463618136,0.2280547224939075,0.1708599704359641,0.7515796721751163,0.8478682139184411,353.19617599993944,1,17,random,False
1100,3929,157.16,0.001,0.1110822024941444,0.0965698527172207,0.125594553053379,0.2007233803659986,0.2352394687211637,0.1662072941506197,0.7505209310189134,0.8472205136638453,387.9403198750224,1,17,random,False
1200,4287,171.48,0.001,0.1043994583189487,0.0970514043606817,0.1117475113272667,0.19640554338178,0.2202823447727414,0.1725287437438964,0.7491728640564008,0.8471482082756147,425.717106374912,1,17,random,False
1300,4645,185.8,0.001,0.1105982583947479,0.1024607142433524,0.1187358014285564,0.1771636984752536,0.2036463050075055,0.1506810910149016,0.7706697502214497,0.8629672561473508,460.6865057500545,1,17,random,False
1400,5000,200.0,0.001,0.0991032518073916,0.0928679203614592,0.1053385835886001,0.1930442571021281,0.2231110127120694,0.1629775011828201,0.7640671129863268,0.8585559351335049,495.0830422500149,1,17,random,False
1500,5358,214.32,0.001,0.0883631249144673,0.0814883332513272,0.0952379164099693,0.1937105421067109,0.2332705627469455,0.1541505198165207,0.7656818323191477,0.8573115404739095,529.1234870839398,1,17,random,False
1600,5716,228.64,0.001,0.094566494077444,0.0868605607748031,0.1022724270820617,0.2409912726252136,0.2613729665951745,0.2206095770568583,0.6783087458495556,0.7937879529184304,565.0672378749587,1,17,random,False
1700,6074,242.96,0.001,0.0874013017490506,0.0817910504713654,0.0930115526914596,0.1858786300185642,0.2234245814563493,0.1483326770855068,0.7711979722705681,0.8634908620674121,600.0631842089351,1,17,random,False
1800,6429,257.16,0.001,0.0823392698913812,0.075002153981477,0.0896763853728771,0.1918239464087469,0.2270778250529279,0.1565700664239771,0.7633330046654898,0.8560548900763232,634.7014399589971,1,17,random,False
1900,6787,271.48,0.001,0.0770835155248642,0.0719890998490154,0.0821779315173625,0.1927004622031248,0.2388108572229794,0.1465900674410757,0.7713335282259164,0.862942789519666,668.8607162500266,1,17,random,False
2000,7145,285.8,0.001,0.0613991600275039,0.0562348004709929,0.0665635196864605,0.1898962996100884,0.237727409621836,0.1420651880515075,0.7805388000309138,0.8676163477759752,703.935251833871,1,17,random,False
2100,7500,300.0,0.0001,0.0517672586534172,0.0458468416891992,0.0576876759529113,0.1924751712376683,0.2427496188755266,0.1422007228263934,0.7784243886136779,0.8663671759428999,739.401397791924,1,17,random,False
2200,7858,314.32,0.0001,0.0520031279884278,0.0472664832510054,0.0567397725582122,0.1973845372975491,0.2507413220446827,0.1440277553347155,0.7760849040516867,0.8647114535941416,774.5265836250037,1,17,random,False
2300,8216,328.64,0.0001,0.0509809805452823,0.0458355737756937,0.056126387566328,0.1917875260114669,0.2417342238978943,0.1418408275063062,0.7784555137026259,0.8666404285088274,810.4270681249909,1,17,random,False
2400,8574,342.96,0.0001,0.0561630070209503,0.0507284850534051,0.0615975287556648,0.195647193589425,0.247899844675328,0.143394541162933,0.7754122256115916,0.864720508037933,845.7803037918638,1,17,random,False
2500,8929,357.16,0.0001,0.0484571639075875,0.0437011017464101,0.0532132259011268,0.2015367330770591,0.2561129914229303,0.1469604760717768,0.77042591944313,0.8608977656235546,880.9112432920374,1,17,random,False
2600,9287,371.48,0.0001,0.0612690644711256,0.0555787470052018,0.0669593811035156,0.1982417453119086,0.2512571827144358,0.1452263080125036,0.7739777006419118,0.8633576180752667,916.2280616250356,1,17,random,False
2700,9645,385.8,0.0001,0.0484206194803118,0.0438867000304162,0.0529545390605926,0.1991673003121643,0.2540945363292232,0.144240059448361,0.7750574202932842,0.8640116087089001,951.5941866249776,1,17,random,False
2800,10000,400.0,0.0001,0.0451132966391742,0.0406649948749691,0.0495615983009338,0.1976363308289472,0.252929208909764,0.1423434507888081,0.7767192411584553,0.8653430162901917,986.6195751249325,1,17,random,False
2900,10358,414.32,0.0001,0.0445197583921253,0.0400455775484442,0.0489939391613006,0.1995354433991917,0.2566170660475959,0.1424538202351764,0.7761995230877807,0.865018381396235,1022.4521470419132,1,17,random,False
3000,10716,428.64,0.0001,0.0588066549412906,0.0537795038521289,0.0638338066637516,0.1992721241547574,0.2559368191705855,0.1426074310982516,0.776738680111659,0.8652033830574529,1057.9462615000084,1,17,random,False
3100,11074,442.96,0.0001,0.0429323163628578,0.0382274850690737,0.0476371479034423,0.1988043431901602,0.2556046768249524,0.1420040085241456,0.7772786125494939,0.8655184849958395,1093.4245048339944,1,17,random,False
3200,11429,457.16,0.0001,0.0614964388869702,0.0543367428798228,0.0686561354994773,0.203452647969797,0.2615575842997607,0.1453477117429555,0.7732973071333717,0.8629372119522906,1128.4912789589723,1,17,random,False
3300,11787,471.48,0.0001,0.0431862772256135,0.0383868842665106,0.047985670119524,0.2012500590725341,0.2604971589926617,0.142002958946162,0.776337991246468,0.8649795527409545,1163.866043749964,1,17,random,False
3400,12145,485.8,0.0001,0.0494224415067583,0.0445238985214382,0.0543209838867187,0.2040096818369565,0.2652729265005118,0.1427464373796456,0.7751573476093717,0.8642610167789272,1198.9595908748452,1,17,random,False
3500,12500,500.0,0.0001,0.0446023659501224,0.0393763753445819,0.0498283568024635,0.2048146286431481,0.2672847367075487,0.1423445187225474,0.775486999784983,0.8645195117784282,1234.2754411669448,1,17,random,False
3600,12858,514.32,0.0001,0.0439809938333928,0.0399827128276228,0.0479792746901512,0.2012971125053287,0.2627981572724543,0.1397960685116197,0.7788325202452796,0.8671244142461196,1269.722812833963,1,17,random,False
3700,13216,528.64,0.0001,0.0482935684360563,0.0424411494191735,0.0541459865868091,0.2023487222029676,0.2630081677931815,0.1416892762002648,0.7764389436147834,0.8650060809040381,1305.0299564169254,1,17,random,False
3800,13574,542.96,0.0001,0.0542439119331538,0.0485260943137109,0.0599617290496826,0.203137112530045,0.2632441300009361,0.143030096502865,0.7756036156817206,0.8649559872393843,1340.2890890419949,1,17,random,False
3900,13929,557.16,0.0001,0.0482943308167159,0.0424551236070692,0.0541335378587245,0.2039026443727288,0.267213456770953,0.1405918317682603,0.7781699863948971,0.8660925813515754,1375.4467096668668,1,17,random,False
4000,14287,571.48,0.0001,0.0410888500045985,0.036859128922224,0.0453185713291168,0.202522289794209,0.26489478040319,0.1401498008351837,0.7794017007018764,0.8668765451124395,1410.692960166838,1,17,random,False
0,0,0.0,0.001,,,,0.6862850733694321,0.6750598459095278,0.6975102927858029,0.0034602076124567,0.0034602076124567,7.27827670914121,1,17,random,True
100,358,14.32,0.001,0.4463218629360199,0.3272158938646317,0.5654278358817101,0.4219888415716099,0.327921258949491,0.516056419656351,0.484397197142252,0.6215929224382636,45.304126917151734,1,17,random,True
200,716,28.64,0.001,0.3133834335207939,0.2159902879595756,0.4107765793800354,0.2777985877850476,0.2221616747882539,0.3334355009880858,0.7127529272226348,0.82289091515161,82.10070295911282,1,17,random,True
300,1074,42.96,0.001,0.2535945805907249,0.1934486538916826,0.3137405063211917,0.2104573317877561,0.1923593315698696,0.228555332624376,0.7371401299972971,0.8385667473373927,118.89212337508798,1,17,random,True
400,1429,57.16,0.001,0.2084485381841659,0.1656377055495977,0.2512593714892864,0.1995027210679433,0.1902129119036519,0.2087925309540903,0.7496777078635475,0.8460937762420756,155.62182820914313,1,17,random,True
500,1787,71.48,0.001,0.1913149704039096,0.1568840321525931,0.2257459081709384,0.2328638868554653,0.2356835167506986,0.2300442566508652,0.7106997070247468,0.8172079932616575,192.1867236669641,1,17,random,True
600,2145,85.8,0.001,0.1774597150087356,0.1485279285907745,0.2063915008306503,0.1896087337530195,0.1989742987193038,0.1802431683226852,0.749412026804448,0.8490086113363784,228.52759987511672,1,17,random,True
700,2500,100.0,0.001,0.1513197554275393,0.1276274908520281,0.1750120201706886,0.1834258144805175,0.1832337719758901,0.183617857500756,0.7541848841974539,0.8505424449000666,264.7240923750214,1,17,random,True
800,2858,114.32,0.001,0.1427083413302898,0.1239975710585713,0.1614191122353077,0.1901431540510646,0.1997367102382092,0.1805495974514311,0.750932451529932,0.8499575463470692,301.0593789170962,1,17,random,True
900,3216,128.64,0.001,0.1552084122598171,0.1368211486935615,0.173595674932003,0.2447215385709254,0.276132485033319,0.2133105916960429,0.6919934824596145,0.8047868398451229,337.416217250051,1,17,random,True
1000,3574,142.96,0.001,0.1377454797178506,0.1171523823589086,0.1583385767042636,0.1867235515356888,0.2121913149488838,0.1612557896693272,0.7613828114944162,0.8551807025844159,373.5804014999885,1,17,random,True
1100,3929,157.16,0.001,0.134038518667221,0.1172629761323332,0.1508140610158443,0.2021702634215767,0.2251251392504748,0.1792153870770675,0.7302902936176674,0.8365841976966685,409.5214964591432,1,17,random,True
1200,4287,171.48,0.001,0.1317941714450717,0.1208733823522925,0.1427149613201618,0.1997373656830573,0.2279415254361901,0.1715332040737244,0.7451213994165427,0.8443247704653909,445.2877137090545,1,17,random,True
1300,4645,185.8,0.001,0.1191544914245605,0.1090671322867274,0.1292418500781059,0.2174835739251239,0.2567754386824307,0.1781917107146504,0.7240643563525754,0.8330073619518524,481.074409333989,1,17,random,True
1400,5000,200.0,0.001,0.1069743591547012,0.0944296212494373,0.1195190970599651,0.1887464330476873,0.2190805304421685,0.1584123354469616,0.7591662814211592,0.854483549995981,516.5176280001178,1,17,random,True
1500,5358,214.32,0.001,0.0946828147768974,0.0873235229030251,0.1020421069860458,0.1741181551172659,0.2035927890596917,0.14464352163889,0.7796362792730852,0.8685635312282913,552.3167726250831,1,17,random,True
1600,5716,228.64,0.001,0.0974939965456724,0.0904373364523053,0.1045506569743156,0.1850159234241631,0.2119015557336972,0.1581302908052622,0.7605920016300669,0.8563301493967557,588.1547958340961,1,17,random,True
1700,6074,242.96,0.001,0.0905548610910773,0.0817239966616034,0.0993857264518737,0.1967651548063878,0.2392973451259639,0.1542329643836895,0.7626943457541056,0.8558244642862676,623.9900501251686,1,17,random,True
1800,6429,257.16,0.001,0.1115398420020938,0.1021126486361026,0.1209670354425907,0.2259234445214684,0.2725169245140775,0.179329963497637,0.728781505052891,0.8331279313781821,659.3415050420444,1,17,random,True
1900,6787,271.48,0.001,0.1250053598731756,0.1166751820594072,0.1333355362713336,0.2062417154287384,0.2635485284468707,0.1489349007606506,0.7644223919617875,0.8576877247290714,695.1035695839673,1,17,random,True
2000,7145,285.8,0.001,0.1023062438890338,0.0951496318355202,0.1094628559052944,0.1795601784976708,0.2138917852438032,0.1452285723702717,0.7775407423791281,0.8666848373923038,730.9442711670417,1,17,random,True
2100,7500,300.0,0.0001,0.0743127230368554,0.0661213491950184,0.0825040970742702,0.1835430007698626,0.2232956732123781,0.1437903281726639,0.7751033326392875,0.8652751330073791,766.3554182921071,1,17,random,True
2200,7858,314.32,0.0001,0.0684684663638472,0.0620574384927749,0.0748794944584369,0.1877666811835807,0.2314094681950176,0.1441238957705382,0.7746046808134056,0.8647877709835298,802.2053356249817,1,17,random,True
2300,8216,328.64,0.0001,0.0702439502254128,0.0639903631620109,0.0764975371956825,0.1823327019552871,0.2220724828824865,0.1425929199453043,0.7770967083131032,0.8665127081485828,837.9754425000865,1,17,random,True
2400,8574,342.96,0.0001,0.0744084782525897,0.0680415989086031,0.0807753574848175,0.1878551334452051,0.2312267561891087,0.1444835103919349,0.7730269873296484,0.8637793737295884,873.4578552499879,1,17,random,True
2500,8929,357.16,0.0001,0.0691101267188787,0.0607345294393599,0.077485724389553,0.190060635081212,0.2363727910502146,0.143748478493476,0.7734299764505084,0.8637500001705493,908.8283627920318,1,17,random,True
2600,9287,371.48,0.0001,0.076166233792901,0.0666470872610807,0.085685379654169,0.1955247342999006,0.2457598376645348,0.1452896316571219,0.771081505336634,0.8622057633769129,944.529901875183,1,17,random,True
2700,9645,385.8,0.0001,0.0634656030870974,0.0580680248700082,0.0688631811738014,0.1902519208749685,0.237040442682055,0.1434633991710042,0.7745417282687539,0.8647812373377922,980.139982416993,1,17,random,True
2800,10000,400.0,0.0001,0.0617681893892586,0.0544254470430314,0.0691109311580658,0.1869931019404355,0.2329865150591906,0.1409996884091915,0.777957981301433,0.8671436419491362,1015.5560142090544,1,17,random,True
2900,10358,414.32,0.0001,0.0592839630320668,0.053116425294429,0.0654515010118484,0.1941257694085164,0.2428856591039875,0.1453658798161675,0.771402809449952,0.8624823372746083,1051.1660243340302,1,17,random,True
3000,10716,428.64,0.0001,0.0760597541742026,0.0718779767304658,0.0802415318787097,0.1945278285696432,0.2455709534326639,0.1434847036035003,0.7751449373161382,0.8644983285169977,1086.734155292157,1,17,random,True
3100,11074,442.96,0.0001,0.0596036085393279,0.0534032206563279,0.0658039966225624,0.1976082858639192,0.2509174862534942,0.1442990868149331,0.7727769899696765,0.8630740290527839,1122.2904974590056,1,17,random,True
3200,11429,457.16,0.0001,0.0822886779159307,0.0768516908958554,0.0877256642282009,0.1952920105939918,0.2457496366595727,0.1448343839612386,0.7731561696320872,0.8635535277862078,1157.3847836670466,1,17,random,True
3300,11787,471.48,0.0001,0.0557003672048449,0.0504076796490699,0.0609930549561977,0.1949863232749556,0.2477988202163505,0.1421738262819996,0.7751852790304935,0.8650226557289961,1192.9823087090626,1,17,random,True
3400,12145,485.8,0.0001,0.0649319813400507,0.0591408407595008,0.0707231226563453,0.1976477041788992,0.2532456421315876,0.142049762616933,0.7758090486426001,0.865437896068259,1228.9508055001495,1,17,random,True
3500,12500,500.0,0.0001,0.0568035692349076,0.0508589630201458,0.0627481752634048,0.195630262261031,0.2492131225790532,0.1420474000868087,0.7758442913378062,0.8654622997302931,1264.370054417057,1,17,random,True
3600,12858,514.32,0.0001,0.0576088477112352,0.0524227281287312,0.0627949669957161,0.1936557117114842,0.2464934309048636,0.1408179965398716,0.7778780504743776,0.8671652686197502,1300.0067271671724,1,17,random,True
3700,13216,528.64,0.0001,0.0630307880043983,0.0566896454617381,0.0693719300627708,0.2004134707591112,0.2586764158055856,0.1421505254032702,0.7743072017210029,0.8647898836965835,1335.3499231250023,1,17,random,True
3800,13574,542.96,0.0001,0.0673407919704914,0.0623259105719625,0.0723556715250015,0.1979964010958853,0.2528349257567349,0.1431578773115745,0.7744156034327366,0.8648207991977334,1371.037999750115,1,17,random,True
3900,13929,557.16,0.0001,0.0609643481858074,0.0546213860251009,0.067307309359312,0.2013539417701609,0.2583849820401842,0.1443229016548209,0.7722973432614022,0.8632229195380132,1406.5930478340017,1,17,random,True
4000,14287,571.48,0.0001,0.0523403567820787,0.0465963475964963,0.0580843661725521,0.1994312789716522,0.2564115441794214,0.1424510148982275,0.7751428918498274,0.8646577408217351,1442.495581125142,1,17,random,True
0,0,0.0,0.001,,,,0.6805803738663353,0.661634955439188,0.6995257856936603,0.0034602076124567,0.0034602076124567,6.277366458205506,1,17,imagenet,False
100,358,14.32,0.001,0.3832095417380333,0.2647668676078319,0.5016522142291069,0.2836279357593365,0.2177879719070084,0.3494679016225478,0.7523736418146979,0.8525961635484427,41.48821245809086,1,17,imagenet,False
200,716,28.64,0.001,0.2133392089605331,0.1314735507965088,0.2952048662304878,0.2027827380643996,0.172048595640486,0.2335168836851021,0.8061676778754958,0.8871570583313656,76.30645491718315,1,17,imagenet,False
300,1074,42.96,0.001,0.1282733722776174,0.084084729924798,0.1724620145559311,0.1650215897799363,0.1635746926997359,0.1664684880976033,0.7930681448132124,0.878464783420447,110.98943041707388,1,17,imagenet,False
400,1429,57.16,0.001,0.0857336311787366,0.0585493072122335,0.112917955070734,0.1485917912635011,0.1524480409585068,0.1447355415169343,0.821560060460143,0.8966522250418412,145.40352129214443,1,17,imagenet,False
500,1787,71.48,0.001,0.0680065150931477,0.0511256609857082,0.0848873689770698,0.1380628701106074,0.1620233718396058,0.1141023681238035,0.8307498397324331,0.9019161185872908,180.81975300004703,1,17,imagenet,False
600,2145,85.8,0.001,0.0678956687077879,0.0554962535202503,0.080295083373785,0.158069071318039,0.1808694166914402,0.1352687267696156,0.8097823203830377,0.8877743098941151,216.33022650005296,1,17,imagenet,False
700,2500,100.0,0.001,0.0565511617064476,0.0473399387858808,0.0657623846828937,0.1510459049556494,0.1819826236645655,0.1201091862467333,0.8156121942430757,0.8921135791083056,251.23450954211876,1,17,imagenet,False
800,2858,114.32,0.001,0.0569793070666492,0.0484595788270235,0.0654990346729755,0.1733624937212591,0.209317088024014,0.1374079017903153,0.7960311163582524,0.8783137497617322,286.6092773331329,1,17,imagenet,False
900,3216,128.64,0.001,0.0558718605153262,0.0460078147985041,0.0657359056174755,0.1628008101225724,0.2037743075805551,0.1218273150879619,0.8054094581773726,0.8859175784636188,322.1817484581843,1,17,imagenet,False
1000,3574,142.96,0.001,0.0450124406442046,0.0349582050461322,0.0550666764378547,0.1429276755627463,0.1763991903268754,0.1094561615204728,0.8320637954594954,0.9026983956361996,357.7641923332121,1,17,imagenet,False
1100,3929,157.16,0.001,0.0349587173573672,0.0294325897563248,0.0404848450422287,0.1514749265047093,0.1915697899347358,0.111380064569955,0.8232635729893243,0.8974784800699892,393.6789159581531,1,17,imagenet,False
1200,4287,171.48,0.001,0.0310158728342503,0.0266989774815738,0.0353327684104442,0.1668315683475415,0.2183332299897415,0.1153299078396859,0.814998287953578,0.8915369661920024,428.7352250001859,1,17,imagenet,False
1300,4645,185.8,0.001,0.0404223112389445,0.034258289868012,0.0465863324701786,0.1590289541594297,0.2030793109773352,0.1149785968259131,0.8157616780158315,0.8922278385087584,463.60122720804065,1,17,imagenet,False
1400,5000,200.0,0.001,0.0279792769066989,0.0244095035549253,0.0315490500628948,0.1471586687857717,0.1923200415904959,0.1019972969091474,0.8323019765409776,0.9033566854214736,498.016181625193,1,17,imagenet,False
1500,5358,214.32,0.001,0.0254799172841012,0.022213246487081,0.0287465880811214,0.1530122949796564,0.203442698892425,0.1025818901903489,0.8316701846862844,0.902679196825131,533.6590955420397,1,17,imagenet,False
1600,5716,228.64,0.001,0.0236554013006389,0.0204514052718877,0.0268593974411487,0.1592853646274256,0.2150205349014704,0.1035501940440141,0.8283095074914723,0.9006334984708437,569.3885003752075,1,17,imagenet,False
1700,6074,242.96,0.001,0.0222864371119067,0.0193150067050009,0.0252578672766685,0.1506147285130609,0.2025322076771086,0.0986972488334022,0.8368371931600475,0.905659319049192,605.0613574581221,1,17,imagenet,False
1800,6429,257.16,0.001,0.0557882837112993,0.0521318211220204,0.0594447468221187,0.1723373660682394,0.2154351831719949,0.129239551336295,0.799324752996277,0.881369557655116,640.4973995001055,1,17,imagenet,False
1900,6787,271.48,0.001,0.0434641128964722,0.0384725707862526,0.0484556543827056,0.1803079528998338,0.2392946916880492,0.1213212118429296,0.803867862072318,0.8832413194127131,675.5750892499927,1,17,imagenet,False
2000,7145,285.8,0.001,0.0296020844578742,0.0267919806111603,0.0324121883511543,0.1565316259139136,0.2079113661005422,0.1051518851085517,0.8292872584789275,0.9000549905569105,710.6028972500935,1,17,imagenet,False
2100,7500,300.0,0.0001,0.0247426661476492,0.0216499349800869,0.027835397273302,0.1626277782512783,0.2188426437674921,0.1064129137662867,0.8264769749660594,0.8978730979158285,745.314220083179,1,17,imagenet,False
2200,7858,314.32,0.0001,0.0244218255765736,0.0216787049174308,0.027164946347475,0.1635209610717931,0.2200883229401697,0.1069535992549777,0.8261026470576588,0.8973725941838749,780.1597337920684,1,17,imagenet,False
2300,8216,328.64,0.0001,0.0245784101728349,0.0221835747547447,0.0269732455909252,0.1606196814239231,0.2152882085848844,0.105951153902034,0.8272060105157462,0.8982797554623814,814.6776760001667,1,17,imagenet,False
2400,8574,342.96,0.0001,0.025636865850538,0.0218635914474725,0.0294101399183273,0.1620358947960975,0.2174593724284617,0.1066124152559722,0.8256771012318997,0.8973913234162515,849.333077083109,1,17,imagenet,False
2500,8929,357.16,0.0001,0.0230842954851686,0.0203595529403537,0.0258090381324291,0.1597048487630269,0.2144898442248572,0.1049198533011967,0.82794481040342,0.8988988830247624,883.8847629171796,1,17,imagenet,False
2600,9287,371.48,0.0001,0.0254217010270804,0.0207381111895665,0.0301052908599376,0.1655423907260168,0.2225956698189969,0.1084891118392812,0.8232210835247096,0.8956246925529895,918.755781542044,1,17,imagenet,False
2700,9645,385.8,0.0001,0.0224325102288275,0.0200470767356455,0.0248179437220096,0.1660734651719822,0.2255402172828628,0.1066067136282739,0.8261116073767243,0.8974221330955501,953.6533228331244,1,17,imagenet,False
2800,10000,400.0,0.0001,0.0223604178614914,0.0199452129704877,0.024775622934103,0.1548178450149648,0.2077299039875347,0.101905787486106,0.8324107645794028,0.9019245026325954,988.2264174581504,1,17,imagenet,False
2900,10358,414.32,0.0001,0.0215295082144439,0.019164783898741,0.0238942323625087,0.1582432035034503,0.2135149535423331,0.1029714548051563,0.8316875843286827,0.9009164901152056,1023.9693389581516,1,17,imagenet,False
3000,10716,428.64,0.0001,0.0248473775014281,0.0203618955612182,0.0293328592181205,0.1645103609995033,0.2227205050960956,0.1063002172638388,0.8264708728854453,0.8974711889319903,1059.5978380001616,1,17,imagenet,False
3100,11074,442.96,0.0001,0.0206095341034233,0.0182005358440801,0.0230185323953628,0.1644185418488657,0.2233801477920637,0.1054569359056677,0.8274635153004661,0.8982506757243994,1094.841212542029,1,17,imagenet,False
3200,11429,457.16,0.0001,0.0223885020334273,0.0184976787259802,0.0262793251872062,0.1673795196733672,0.2276084932488966,0.1071505435197823,0.8254335292961692,0.8967602224907466,1129.928059417056,1,17,imagenet,False
3300,11787,471.48,0.0001,0.020671008164063,0.0183315890002995,0.0230104275047779,0.1638009447643088,0.2226100117999377,0.1049918788114633,0.8274678271878827,0.8985353987950516,1166.2597502500284,1,17,imagenet,False
3400,12145,485.8,0.0001,0.0213096593273803,0.0184596978547051,0.0241596208512783,0.1606534268307438,0.2179346877089008,0.1033721663135145,0.8298157144170619,0.9002476751350867,1201.73717149999,1,17,imagenet,False
3500,12500,500.0,0.0001,0.0205252002039924,0.0181378791155293,0.022912521213293,0.164837273810974,0.2251037037496335,0.1045708462441256,0.8284534572496286,0.8989172457207921,1236.727041167207,1,17,imagenet,False
3600,12858,514.32,0.0001,0.0205627052159979,0.0184557136893272,0.0226696966588497,0.1651322766880675,0.2259015120230744,0.1043630409405718,0.8286231725629716,0.8991270654131938,1271.4761138330214,1,17,imagenet,False
3700,13216,528.64,0.0001,0.020620694225654,0.0180294037377461,0.0232119846343994,0.1669591877184112,0.2294514725777517,0.1044669033746818,0.8275041630062092,0.898602331236734,1306.059736583149,1,17,imagenet,False
3800,13574,542.96,0.0001,0.0205846100673079,0.0175231275521218,0.0236460925638675,0.1634514681917573,0.2230887499647569,0.1038141856969021,0.8289085065689911,0.8995305874572092,1341.2966543750372,1,17,imagenet,False
3900,13929,557.16,0.0001,0.0199985219445079,0.0173211428988724,0.0226759010553359,0.1684247866324487,0.2323625378542705,0.1044870336575491,0.8270272022044264,0.898512340561454,1376.6180990419816,1,17,imagenet,False
4000,14287,571.48,0.0001,0.0192638097191229,0.017108358554542,0.0214192607998847,0.1654448207068195,0.2266872055493424,0.1042024357096134,0.827863628513491,0.8991061015240134,1412.274042917183,1,17,imagenet,False
0,0,0.0,0.001,,,,0.6805803738663353,0.661634955439188,0.6995257856936603,0.0034602076124567,0.0034602076124567,6.628049917053431,1,17,imagenet,True
100,358,14.32,0.001,0.3911148750782013,0.2725775302946567,0.5096522191166878,0.2895958954693949,0.2143825106451668,0.3648092829232397,0.7856824116723451,0.8747595570038216,42.65311795799062,1,17,imagenet,True
200,716,28.64,0.001,0.2267279388010502,0.1393614228069782,0.314094453305006,0.2171454440969909,0.1849230398459418,0.24936784881209,0.7830473405941728,0.872286130268328,79.23519216687419,1,17,imagenet,True
300,1074,42.96,0.001,0.143253064751625,0.0935481658950448,0.1929579629004001,0.1600720087343433,0.1527575501933642,0.1673864668628336,0.8148142828652225,0.8911726063559452,114.8963561670389,1,17,imagenet,True
400,1429,57.16,0.001,0.1022043793648481,0.0711510272324085,0.1332577307522296,0.1551453451590554,0.1557937036542331,0.1544969884169555,0.816506936067715,0.8925574617780428,150.7114279170055,1,17,imagenet,True
500,1787,71.48,0.001,0.0881214840337634,0.0667242677882313,0.1095186999440193,0.1517437601584464,0.1571167101084567,0.1463708091772138,0.823715569409349,0.8976066405627485,186.6013930828776,1,17,imagenet,True
600,2145,85.8,0.001,0.0654622273892164,0.0478410452976822,0.083083409667015,0.1405967211022096,0.163592311389306,0.1176011304541855,0.8278380963169933,0.9000395191334896,223.02364129200575,1,17,imagenet,True
700,2500,100.0,0.001,0.0492594701237976,0.0374051010329276,0.0611138392984867,0.1396942965712101,0.1646376500183323,0.114750943588138,0.8342880331808742,0.9038258094190595,258.92981237499043,1,17,imagenet,True
800,2858,114.32,0.001,0.059502075202763,0.0476800724118948,0.0713240779936313,0.1565769160598207,0.1951328986243805,0.1180209327734053,0.819562558231715,0.8944498067107871,294.72390262503177,1,17,imagenet,True
900,3216,128.64,0.001,0.0703704901970923,0.0623250039853155,0.0784159758687019,0.1680295191009151,0.2072716834842127,0.1287873550269843,0.7978426939895759,0.8805668325561837,330.3527177919168,1,17,imagenet,True
1000,3574,142.96,0.001,0.07124919783324,0.0580993384402245,0.0843990564346313,0.1397624205037384,0.1668551330129168,0.1126697096445156,0.8275628669305771,0.8997966415006071,366.01996570802294,1,17,imagenet,True
1100,3929,157.16,0.001,0.0466090951487422,0.0388154344540089,0.0544027553498744,0.159766199627962,0.1968949858395698,0.1226374135710376,0.8089534831816574,0.8877172813657379,401.4318750000093,1,17,imagenet,True
1200,4287,171.48,0.001,0.0443658331595361,0.0390150266466662,0.0497166402637958,0.1511903249474957,0.1928492837608066,0.1095313658763793,0.8286129687393257,0.899911840871957,437.0326469999272,1,17,imagenet,True
1300,4645,185.8,0.001,0.0445049976743757,0.0366134447371587,0.052396550476551,0.1539050495851411,0.1974392401305862,0.1103708595553071,0.8265733525336053,0.8982378206590599,472.5116021670401,1,17,imagenet,True
1400,5000,200.0,0.001,0.0349454138707369,0.0280011137528344,0.0418897143006324,0.1539151244716248,0.2009221560814801,0.1069080953367028,0.8273387664470174,0.8990670474882921,508.0361494170502,1,17,imagenet,True
1500,5358,214.32,0.001,0.0290127011761069,0.0245541562978178,0.0334712460637092,0.1559238958214393,0.2087985875284795,0.1030492033925436,0.8321936591173615,0.9020445824213176,543.9307275000028,1,17,imagenet,True
1600,5716,228.64,0.001,0.0264740432798862,0.0225266731437295,0.0304214134812355,0.1560838820096943,0.2086260344021048,0.1035417293594782,0.8294734099144194,0.9005898938194005,580.0495489169843,1,17,imagenet,True
1700,6074,242.96,0.001,0.0255181467626243,0.0213417538488283,0.0296945399045944,0.164938256350768,0.2249990466556747,0.1048774649115169,0.8275810940488895,0.8990127071750547,616.0517953750677,1,17,imagenet,True
1800,6429,257.16,0.001,0.0437414981052279,0.0385624284297227,0.0489205677807331,0.1878549335427762,0.2442603692360815,0.1314494979010321,0.7903020555591854,0.875975239438716,651.7237228748854,1,17,imagenet,True
1900,6787,271.48,0.001,0.0531511783786118,0.0477786201611161,0.0585237370431423,0.1661175783323994,0.2228828553613082,0.1093523007363184,0.8214047320116034,0.8952165046807193,687.6626524168532,1,17,imagenet,True
2000,7145,285.8,0.001,0.0373036641255021,0.0331032661907374,0.0415040622651577,0.1662776333547381,0.2235545891894601,0.1090006782934327,0.8222040297722244,0.8959879725961071,723.7621896669734,1,17,imagenet,True
2100,7500,300.0,0.0001,0.0268099165149033,0.0230809483351185,0.0305388846993446,0.1696393020115921,0.2314397550371691,0.1078388501203596,0.8221603736403933,0.8960171454626572,759.6597782080062,1,17,imagenet,True
2200,7858,314.32,0.0001,0.0266817594878375,0.0230544946715235,0.0303090241551399,0.1655341668318712,0.2251165779919773,0.1059517530421484,0.8253491446074984,0.8979686297115739,795.709211624926,1,17,imagenet,True
2300,8216,328.64,0.0001,0.0280559283308684,0.0238272899622097,0.0322845666110515,0.1620906475918515,0.2193385493590345,0.1048427463402797,0.826282475835673,0.8989277458778409,831.7179652499035,1,17,imagenet,True
2400,8574,342.96,0.0001,0.028754696669057,0.0232924971636384,0.0342168958485126,0.1689471367836823,0.2306312998582747,0.1072629710794732,0.8227437958098102,0.8963228021682272,867.8525204169564,1,17,imagenet,True
2500,8929,357.16,0.0001,0.028723802594468,0.0232131082657724,0.0342344969511032,0.1651999571434766,0.2256242734441295,0.1047756418224849,0.8260661056629056,0.8986054483110386,903.7044770000502,1,17,imagenet,True
2600,9287,371.48,0.0001,0.0287287840433418,0.0227440709713846,0.0347134973108768,0.1725244114761946,0.2382478413387978,0.1068009824901303,0.8228317689970406,0.8964407417268413,939.8915259998756,1,17,imagenet,True
2700,9645,385.8,0.0001,0.0265830405242741,0.0229594101198017,0.0302066710591316,0.1615900607154443,0.2198147420549062,0.1033653798400324,0.8288775437132211,0.9003863399777156,976.0214798329398,1,17,imagenet,True
2800,10000,400.0,0.0001,0.027475839080289,0.0230580823915079,0.0318935959041118,0.1586512911381606,0.2153099304561384,0.101992651459255,0.8301676166984636,0.901430894087958,1011.6652278329713,1,17,imagenet,True
2900,10358,414.32,0.0001,0.0252093942742794,0.0213007735135033,0.0291180150210857,0.1615851625129838,0.2207779970961046,0.1023923263830297,0.8296155003474891,0.9011415740409636,1047.8117941669188,1,17,imagenet,True
3000,10716,428.64,0.0001,0.0301950958836823,0.0237128788372501,0.0366773129999637,0.1798412561107259,0.2484278047270428,0.1112547058960145,0.8171751947515036,0.8922998342386178,1083.75245695794,1,17,imagenet,True
3100,11074,442.96,0.0001,0.0252623463561758,0.0211579059902578,0.0293667866289615,0.1674642306091876,0.2291002225092125,0.1058282394310182,0.8244634132083085,0.8975309200319772,1119.802775082877,1,17,imagenet,True
3200,11429,457.16,0.0001,0.0267428255779668,0.0209333947207778,0.0325522564351558,0.1714838730835172,0.2368719800533308,0.1060957657012147,0.8242838566830822,0.8972373681223317,1155.5670625830537,1,17,imagenet,True
3300,11787,471.48,0.0001,0.0232142761908471,0.0199505033902823,0.0264780487120151,0.1657493470758715,0.2275446007820974,0.1039540940915012,0.8265140665169735,0.8990985078581785,1191.3420597079676,1,17,imagenet,True
3400,12145,485.8,0.0001,0.0248463464528322,0.0210399485472589,0.0286527445912361,0.1617836098873079,0.220463142263023,0.1031040784396927,0.8283684331830897,0.9001739063573923,1227.3600944168866,1,17,imagenet,True
3500,12500,500.0,0.0001,0.0237784186191856,0.0203538227919489,0.0272030144929885,0.1672761468635711,0.2307734297633583,0.1037788646856393,0.8272777259452667,0.8993858639620423,1262.9985121248756,1,17,imagenet,True
3600,12858,514.32,0.0001,0.0246208735462278,0.0212023145984858,0.0280394323170185,0.1744423055937546,0.2419252560109828,0.1069593555374541,0.8227618399910515,0.8961608664275006,1298.8998023748863,1,17,imagenet,True
3700,13216,528.64,0.0001,0.0253142074402421,0.0205992202833294,0.0300291945040225,0.1725761335613818,0.2406999768889074,0.104452290130734,0.8258060384451813,0.8982548215404998,1334.7166124999058,1,17,imagenet,True
3800,13574,542.96,0.0001,0.022313794484362,0.0189693145547062,0.0256582742929458,0.1666497248885541,0.2303792151097195,0.1029202335846052,0.8283156732126705,0.9000889532585206,1370.7703076249454,1,17,imagenet,True
3900,13929,557.16,0.0001,0.0224296962004154,0.0189673788892105,0.0258920134603977,0.1696326910005721,0.2365142217350666,0.1027511601629554,0.8282203116173483,0.9000212841937462,1406.6668697078712,1,17,imagenet,True
4000,14287,571.48,0.0001,0.0235099662235006,0.0198695970908738,0.0271503356099128,0.1675613172429655,0.2325069182471833,0.1026157153106478,0.828461263829348,0.9002239637534621,1442.7315227498766,1,17,imagenet,True
0,0,0.0,0.001,,,,0.6862850733694321,0.6750598459095278,0.6975102927858029,0.0034602076124567,0.0034602076124567,7.293803957989439,2,29,random,False
100,358,14.32,0.001,0.4134005385637283,0.2981709322333336,0.528630146086216,0.4155906331580403,0.3630368370292096,0.4681444267088154,0.6184570169560887,0.741941989360198,44.23132558306679,2,29,random,False
200,716,28.64,0.001,0.272043791115284,0.1923126234859228,0.3517749589681625,0.2552068750132326,0.2172817080491141,0.2931320446585289,0.71257367048835,0.8227937778847719,79.7448985830415,2,29,random,False
300,1074,42.96,0.001,0.2029968809336423,0.1536090844124555,0.2523846764862537,0.2053061663898217,0.1951242508978992,0.2154880840473109,0.7341427202083044,0.8372674254537719,114.9346875420306,2,29,random,False
400,1429,57.16,0.001,0.157798363789916,0.1264163848757744,0.1891803449392318,0.198329588430563,0.1943278116235271,0.2023313633298379,0.7493390811337121,0.8475062320954914,150.73652675002813,2,29,random,False
500,1787,71.48,0.001,0.1448216263577342,0.1228794765099883,0.1667637738585472,0.191546094046332,0.2012670454166339,0.1818251428307134,0.7571142260887215,0.8529481173004231,186.53961424995217,2,29,random,False
600,2145,85.8,0.001,0.1329166230559349,0.1168337716907262,0.148999475389719,0.193823224326731,0.2113142095531971,0.1763322365737704,0.7523007007272968,0.8501948679857761,222.2595783751458,2,29,random,False
700,2500,100.0,0.001,0.1084288956224918,0.0950498025864362,0.1218079885840416,0.1929828309064093,0.2104735720941352,0.1754920907499056,0.7500578242655711,0.8477759458445037,257.85477745812386,2,29,random,False
800,2858,114.32,0.001,0.1083232886344194,0.0978624270483851,0.118784150481224,0.1939019810369683,0.2114764259142034,0.1763275366753443,0.7430242568760951,0.8419316799509321,293.55837741703726,2,29,random,False
900,3216,128.64,0.001,0.0956213952973485,0.0879740670882165,0.1032687248289585,0.1784764574163925,0.1967353569182557,0.160217554099007,0.763538356078185,0.8587762804205076,329.7234995421022,2,29,random,False
1000,3574,142.96,0.001,0.0806328781694173,0.0740202026255428,0.0872455535829067,0.2030813321729019,0.2330927168724858,0.1730699504123014,0.741188534184264,0.8418320114021189,365.5379990830552,2,29,random,False
1100,3929,157.16,0.001,0.0833255296945571,0.0769434699602425,0.0897075898945331,0.1866349626371192,0.2094856639840611,0.1637842591246106,0.7591323421853751,0.8529132227890147,401.0254427080508,2,29,random,False
1200,4287,171.48,0.001,0.0824637093394994,0.0771128232404589,0.0878145943582058,0.1764224586705435,0.2021902804762434,0.150654635627377,0.7721357412537391,0.8631224261937661,436.35755870793946,2,29,random,False
1300,4645,185.8,0.001,0.0723957891762256,0.0675843858532607,0.0772071926295757,0.1818242720666641,0.2137171140385334,0.1499314285479615,0.7704401777182455,0.8618618384380641,471.8184628330637,2,29,random,False
1400,5000,200.0,0.001,0.062526398487389,0.05785933483392,0.0671934631466865,0.2144439977345582,0.2543729038387021,0.1745150936928587,0.7324889112720879,0.836807367043593,507.071694042068,2,29,random,False
1500,5358,214.32,0.001,0.0554129353538155,0.0514795704558491,0.0593463003635406,0.2125872075042097,0.2615237741321841,0.1636506430418021,0.7465010807240533,0.8447342555105857,542.6397826250177,2,29,random,False
1600,5716,228.64,0.001,0.0572618738468736,0.0533145001716911,0.0612092477083206,0.2097622658348413,0.2561030140900694,0.1634215168061966,0.7445058477218343,0.844584317107901,578.2120047919452,2,29,random,False
1700,6074,242.96,0.001,0.0720506698824465,0.0668943594396114,0.0772069804370403,0.173969126180794,0.2051907786551643,0.1427474749954514,0.777013613828057,0.868265547027554,613.6541065420024,2,29,random,False
1800,6429,257.16,0.001,0.0633777851425111,0.059332385379821,0.0674231843650341,0.1994259052210613,0.2467016043031916,0.1521502054686364,0.7616163661895674,0.8555034015939291,649.1384350829758,2,29,random,False
1900,6787,271.48,0.001,0.0754399122484028,0.0723249578103423,0.0785548670589923,0.1819151829683244,0.2167181283957405,0.1471122393971083,0.7763571857310656,0.865400328199765,685.5533662501257,2,29,random,False
2000,7145,285.8,0.001,0.0718812709860503,0.0690071772225201,0.0747553646564483,0.2009091658266358,0.2465420624170336,0.1552762698549712,0.7632073022267575,0.8556836435224466,720.9032314999495,2,29,random,False
2100,7500,300.0,0.0001,0.0517841753922402,0.0467665272206068,0.056801823079586,0.1880396755096409,0.2321984707587318,0.1438808818589445,0.7749027770911282,0.8644987223882782,755.9201021250337,2,29,random,False
2200,7858,314.32,0.0001,0.0491153684072196,0.0451842275820672,0.0530465093255043,0.1852965167752599,0.2285301080005804,0.1420629259624283,0.7779286433879652,0.8663158772360109,790.9437244171277,2,29,random,False
2300,8216,328.64,0.0001,0.0449678352475166,0.0412041246797889,0.0487315455079078,0.1886927778333116,0.2359413324136635,0.1414442241810597,0.7777972466476508,0.8661155697372482,826.4197065001354,2,29,random,False
2400,8574,342.96,0.0001,0.0430915677733719,0.0398695980943739,0.0463135373592376,0.1904687580352836,0.2368700199061199,0.1440674980206473,0.7747481503912405,0.8639453063209528,861.7024287921377,2,29,random,False
2500,8929,357.16,0.0001,0.0432289702445268,0.0394760886766016,0.0469818519055843,0.1941288591049946,0.2453123033046722,0.142945412121017,0.7753146593686605,0.8646832190688813,896.7660164581612,2,29,random,False
2600,9287,371.48,0.0001,0.0435567419044673,0.0403059652727097,0.0468075183033943,0.1856308959965887,0.2324543018345189,0.1388074906227085,0.782560838730265,0.8692165019314761,932.019236500142,2,29,random,False
2700,9645,385.8,0.0001,0.0419882304966449,0.0390033605229109,0.044973100721836,0.1897674462787008,0.2394806275524482,0.1400542626331421,0.7784522633726613,0.8666423033626891,967.358803542098,2,29,random,False
2800,10000,400.0,0.0001,0.0427458667196333,0.0399092430062592,0.0455824901163578,0.1910181505972951,0.2421076564846566,0.1399286475973558,0.7784977560912011,0.8667017916156232,1002.5196978331078,2,29,random,False
2900,10358,414.32,0.0001,0.0404871850647032,0.0373843261972069,0.0435900442302227,0.1895436175348024,0.240147144427349,0.1389400915703559,0.7805615410709497,0.8678911626242677,1037.776363500161,2,29,random,False
3000,10716,428.64,0.0001,0.0418112791143357,0.0396213276218622,0.0440012304484844,0.191615662927446,0.2436356970389409,0.1395956267535067,0.7785615831626952,0.8667362656862149,1073.414366167039,2,29,random,False
3100,11074,442.96,0.0001,0.0386979980021715,0.0358317214716225,0.0415642748773098,0.1911375000815078,0.2425635348244934,0.139711464358861,0.779202312704828,0.8669373384885436,1108.7694074581375,2,29,random,False
3200,11429,457.16,0.0001,0.037904169075191,0.0349771825037896,0.0408311556279659,0.193068347381473,0.2479368352353779,0.1381998588057125,0.7804193886440083,0.867766746482077,1143.4831517499406,2,29,random,False
3300,11787,471.48,0.0001,0.0365345949307084,0.0334804576728492,0.0395887321233749,0.1939320623049686,0.2485759973938489,0.1392881292785327,0.7797156547613875,0.8671466840376567,1178.65988633316,2,29,random,False
3400,12145,485.8,0.0001,0.0373636278975754,0.0346910321805626,0.0400362235307693,0.1910902145205897,0.2441127492069785,0.1380676806591786,0.7817175833258867,0.8686052453010283,1213.8581544579938,2,29,random,False
3500,12500,500.0,0.0001,0.0376884853653609,0.0349935933388769,0.0403833773732185,0.1906835914792486,0.2442309075779568,0.1371362759992738,0.7820522350173199,0.8689422572651511,1248.785297542112,2,29,random,False
3600,12858,514.32,0.0001,0.0370423074997961,0.0343175498954951,0.039767065346241,0.1937312693125649,0.2490839049168524,0.1383786341723273,0.7809348058000087,0.8680237610744109,1284.121193625033,2,29,random,False
3700,13216,528.64,0.0001,0.0370481270737946,0.0341826861537993,0.0399135679006576,0.1917299934530753,0.2464723966525912,0.1369875906660482,0.7825290539494482,0.869142759929112,1319.0773989169393,2,29,random,False
3800,13574,542.96,0.0001,0.0366889371350407,0.0338986355811357,0.0394792385399341,0.1912288757550262,0.2445825597200426,0.1378751925118654,0.7817233017985888,0.8685244947035956,1353.8194508750455,2,29,random,False
3900,13929,557.16,0.0001,0.0369389801751822,0.0339788145013153,0.0398991459608078,0.1920406631738669,0.2452443455020449,0.1388369831659389,0.7803632146825747,0.8676657288368332,1388.3500391249545,2,29,random,False
4000,14287,571.48,0.0001,0.0336691176332533,0.0306878858432173,0.0366503494977951,0.1940382332331581,0.2499484423947582,0.138128024484047,0.7804285423512325,0.8677810846482141,1422.9694505000953,2,29,random,False
0,0,0.0,0.001,,,,0.6862850733694321,0.6750598459095278,0.6975102927858029,0.0034602076124567,0.0034602076124567,6.43557916698046,2,29,random,True
100,358,14.32,0.001,0.4174786654114723,0.3018764220178127,0.5330809074640274,0.4687264852457805,0.3791425342584564,0.5583104375736936,0.4203711186716474,0.5533948288619193,42.51479587494396,2,29,random,True
200,716,28.64,0.001,0.279017162322998,0.1964267174899578,0.361607606112957,0.2605225212846248,0.2145044568500717,0.3065405855129334,0.7108475938271587,0.8219297259237052,78.98532050009817,2,29,random,True
300,1074,42.96,0.001,0.2085035800933838,0.1547004739940166,0.2623066857457161,0.2428034810046423,0.2297910166240481,0.2558159483757811,0.6779340362337574,0.798479685165959,115.3330762500409,2,29,random,True
400,1429,57.16,0.001,0.161119781024754,0.1273728244937956,0.1948667378723621,0.2059542695028146,0.2098150258452009,0.2020935110979839,0.7488174739728944,0.8476461640686027,151.14998112502508,2,29,random,True
500,1787,71.48,0.001,0.1553604952991008,0.130289080068469,0.1804319117963314,0.1978891511483176,0.1934647054820737,0.202313598464517,0.7436446604792122,0.8432234130546232,187.35508816689253,2,29,random,True
600,2145,85.8,0.001,0.1403684509545564,0.120402240678668,0.1603346607089042,0.1958940421524344,0.2043190079783073,0.1874690771515394,0.7558368755815559,0.8514941649276218,223.1829126670491,2,29,random,True
700,2500,100.0,0.001,0.1235392414033413,0.1086430844664573,0.1384353986382484,0.1879915691989516,0.1923975296911483,0.183585607881777,0.7536553496002718,0.8523829086496487,259.32567404187284,2,29,random,True
800,2858,114.32,0.001,0.1133968768268823,0.0989527144283056,0.1278410390019417,0.2163114603415492,0.2563383125000759,0.1762846085439504,0.7328232748334862,0.8363160325103615,295.2055964169558,2,29,random,True
900,3216,128.64,0.001,0.1043647478893399,0.0939928988739848,0.1147365979850292,0.1752731635083789,0.1961479382943942,0.1543983893410969,0.7726168787472821,0.8633356597876197,331.19020804204047,2,29,random,True
1000,3574,142.96,0.001,0.0960758987814188,0.0855726922303438,0.1065791052579879,0.1855973008388466,0.2104116007427856,0.1607829971709466,0.7666200576028099,0.8585764093593369,367.4399478340056,2,29,random,True
1100,3929,157.16,0.001,0.092003574706614,0.0829324616119265,0.1010746885836124,0.1785388024826776,0.2053670806868266,0.1517105248972619,0.7718253169413929,0.8623877330308473,403.2625891249627,2,29,random,True
1200,4287,171.48,0.001,0.0911390852928161,0.0844371489621698,0.0978410211205482,0.223147279250993,0.2556568380045643,0.1906377186412217,0.7320304358112316,0.8337184248961359,439.27030504192226,2,29,random,True
1300,4645,185.8,0.001,0.0900285738147795,0.0831356158107519,0.0969215314090252,0.1950260680233318,0.229678151619888,0.1603739872110756,0.7630722509049738,0.8565090156927436,475.2333611669019,2,29,random,True
1400,5000,200.0,0.001,0.072875516526401,0.0643728955648839,0.08137813732028,0.187687789589476,0.2258999461121212,0.1494756353355196,0.7702377021919291,0.8607178937455278,511.01601854199544,2,29,random,True
1500,5358,214.32,0.001,0.0642641322314739,0.0588435309752821,0.0696847330033779,0.2068223333482511,0.2513957321643829,0.1622489350477304,0.7529350567333232,0.848861635565108,547.0076490000356,2,29,random,True
1600,5716,228.64,0.001,0.0656966415047645,0.0614549755584448,0.0699383072555065,0.1976243985565476,0.2347390363991879,0.1605097622607406,0.7556605195998172,0.8502706961639401,582.8674115838949,2,29,random,True
1700,6074,242.96,0.001,0.0653972550481557,0.0599092088826,0.0708853012323379,0.1953182804130765,0.2365258615012812,0.154110698963944,0.7663306083562749,0.8572908202592446,618.9751011668704,2,29,random,True
1800,6429,257.16,0.001,0.0532088758796453,0.0482619619742035,0.0581557892262935,0.1995309584074779,0.249270897319985,0.1497910216605374,0.7651796472942608,0.8576693175668365,654.780214374885,2,29,random,True
1900,6787,271.48,0.001,0.0502672985196113,0.0461960663832724,0.0543385306000709,0.1942823505009747,0.2438728607237132,0.1446918403813583,0.7728145582359522,0.863074038124988,690.8354912090581,2,29,random,True
2000,7145,285.8,0.001,0.057072390820831,0.0526435543969273,0.0615012276172637,0.2066765703956973,0.2601912065979518,0.1531619355340317,0.7599759441783981,0.8547064169092153,727.0639134999365,2,29,random,True
2100,7500,300.0,0.0001,0.0513564558513462,0.0460287517402321,0.0566841594874858,0.1866825462212612,0.234977276112794,0.1383878186499783,0.7820980116279971,0.8689085069946242,762.8370493750554,2,29,random,True
2200,7858,314.32,0.0001,0.0466728178970515,0.0422269124165177,0.0511187234520912,0.1885329657153687,0.236996772998757,0.1400691588444693,0.7797901573640557,0.867287572465552,799.7340945419855,2,29,random,True
2300,8216,328.64,0.0001,0.0435996844060719,0.0385496787168085,0.0486496903002262,0.1841673061096957,0.2318023912428159,0.1365322192234976,0.783601054578932,0.8699840195917551,835.8884756250773,2,29,random,True
2400,8574,342.96,0.0001,0.0416132454015314,0.0379354051128029,0.0452910856902599,0.1912503493595288,0.2423757491021007,0.1401249467295346,0.7781231679684598,0.8662855735765853,872.3489756248891,2,29,random,True
2500,8929,357.16,0.0001,0.0432742184773087,0.037404986154288,0.0491434505581855,0.1892010453559948,0.24135121893924,0.1370508736805107,0.780951149576806,0.868999458832037,908.1712127500214,2,29,random,True
2600,9287,371.48,0.0001,0.0420349186472594,0.0377302051708102,0.0463396324217319,0.1931899186855369,0.2461748621249281,0.1402049736993123,0.7767406794209263,0.865875786737082,944.1066401249263,2,29,random,True
2700,9645,385.8,0.0001,0.0403284433484077,0.0360365124698728,0.0446203742921352,0.1871392222630523,0.2383450537816876,0.1359333915693949,0.7829150709902709,0.8701901017721158,980.2837123749778,2,29,random,True
2800,10000,400.0,0.0001,0.0423105674237012,0.0383861413504928,0.0462349934875965,0.1904082419963031,0.2451580791737381,0.1356584029626681,0.7825215174086899,0.8699667632424748,1016.4360278339592,2,29,random,True
2900,10358,414.32,0.0001,0.0385751158744096,0.034134135665372,0.0430160965025425,0.1915960643943206,0.2463261612971349,0.1368659685227285,0.781032902454405,0.8688778875368385,1052.7832932919264,2,29,random,True
3000,10716,428.64,0.0001,0.0403349919337779,0.0374175987020134,0.0432523852586746,0.195355475876983,0.2535067655429708,0.1372041881703175,0.7799094762519602,0.8683011650330856,1088.867248875089,2,29,random,True
3100,11074,442.96,0.0001,0.0378433557413518,0.0336719950474798,0.0420147164165973,0.1961338352992047,0.2539955885971294,0.1382720812794246,0.7796424885761708,0.8673650323187968,1124.8578552089166,2,29,random,True
3200,11429,457.16,0.0001,0.0388431356474757,0.0350208466686308,0.0426654241979122,0.1910357098369037,0.246879961457632,0.1351914572880755,0.7825378502818923,0.8703336393347607,1160.8504222920164,2,29,random,True
3300,11787,471.48,0.0001,0.0346281225420534,0.0309706265199929,0.0382856185734272,0.1924279280084227,0.2498551945372848,0.1350006630263939,0.7823336656278567,0.8700953771167803,1196.8861578749493,2,29,random,True
3400,12145,485.8,0.0001,0.0354604349657893,0.0316075353324413,0.0393133346736431,0.1919480073926358,0.2500538902299214,0.1338421236272501,0.7845591582223295,0.8715480771268405,1232.984252583934,2,29,random,True
3500,12500,500.0,0.0001,0.0359250099491328,0.0326319988211616,0.0392180210351943,0.1945144904319802,0.2539179606627428,0.1351110190668733,0.7817681299432904,0.869821373877354,1269.1406115000136,2,29,random,True
3600,12858,514.32,0.0001,0.0366026714164763,0.0329769572522491,0.0402283854782581,0.1933791677638321,0.2526837138774898,0.1340746248469633,0.7849978905818208,0.8716706364847862,1305.1404382919427,2,29,random,True
3700,13216,528.64,0.0001,0.0361947493813931,0.032008852828294,0.0403806456923484,0.1937766444827446,0.2532133790035973,0.1343399102712585,0.7834883687482791,0.8709067650738395,1341.461189334048,2,29,random,True
3800,13574,542.96,0.0001,0.0332485162094235,0.0305797321163117,0.035917300581932,0.1944521658870175,0.2543713728861825,0.1345329575472637,0.7837616808589047,0.8708128891202161,1377.6233688339123,2,29,random,True
3900,13929,557.16,0.0001,0.0349287639744579,0.0316165072843432,0.0382410208880901,0.1887164461880819,0.2440579320113964,0.1333749595397896,0.7862357116063536,0.8723268305151616,1413.647119167028,2,29,random,True
4000,14287,571.48,0.0001,0.0340624371077865,0.0298896672017872,0.0382352072000503,0.1985669872340034,0.2626296798456911,0.1345042957566601,0.782392462480579,0.8700675055879432,1449.804263375001,2,29,random,True
0,0,0.0,0.001,,,,0.6805803738663353,0.661634955439188,0.6995257856936603,0.0034602076124567,0.0034602076124567,6.247724000131711,2,29,imagenet,False
100,358,14.32,0.001,0.3759200963377953,0.2604913718998432,0.4913488185405731,0.3021719297941993,0.22205311116669,0.382290744451503,0.7873691916234496,0.8733240348207708,40.95889899996109,2,29,imagenet,False
200,716,28.64,0.001,0.2006078998744487,0.1273793002963066,0.2738364991545677,0.1940422528342804,0.1586911984071599,0.2293933089629176,0.8023755213051027,0.8834438244167314,75.68402074999176,2,29,imagenet,False
300,1074,42.96,0.001,0.1213242084532976,0.0812450078129768,0.1614034086465835,0.1484529850392193,0.1391197498178812,0.1577862200027518,0.8238792765000778,0.8991169690750629,110.86775158299132,2,29,imagenet,False
400,1429,57.16,0.001,0.0801117468625307,0.0571219172701239,0.1031015764176845,0.1371885431369695,0.1407242299776176,0.1336528574306659,0.8340352442174642,0.9039144583417532,146.00175620801747,2,29,imagenet,False
500,1787,71.48,0.001,0.0589015388488769,0.0439257941022515,0.073877283334732,0.1300167857466272,0.1422499487866167,0.1177836235831765,0.8376900764943238,0.9063867802527455,180.71808600006625,2,29,imagenet,False
600,2145,85.8,0.001,0.0588251772522926,0.0496071231551468,0.0680432315170764,0.1432532279858539,0.1671673167226224,0.1193391387850355,0.8306788967864865,0.9014195956255764,215.36974608292803,2,29,imagenet,False
700,2500,100.0,0.001,0.0436935922689735,0.0354895855300128,0.0518975991010665,0.1453888250263504,0.1709401744150372,0.1198374752767358,0.8212398699109047,0.8955639901719856,249.93882612511516,2,29,imagenet,False
800,2858,114.32,0.001,0.0438678476028144,0.037903281841427,0.0498324131965637,0.1415101435151479,0.1666193401834131,0.1164009455578549,0.8232466569985276,0.8973105089786441,284.37709324993193,2,29,imagenet,False
900,3216,128.64,0.001,0.0364394093491137,0.0313730957359075,0.0415057231485843,0.1714803745074255,0.2078188411298507,0.1351419068537781,0.7958943939310948,0.8772499135193392,318.86326129199006,2,29,imagenet,False
1000,3574,142.96,0.001,0.0333240159973502,0.0287424980383366,0.0379055339097976,0.1472751012516681,0.1827227404682694,0.1118274626022391,0.8285445746189449,0.8977557038260935,354.7306784579996,2,29,imagenet,False
1100,3929,157.16,0.001,0.0278511446155607,0.0237010254152119,0.0320012637972831,0.1461808752642371,0.1841764982183912,0.1081852529288163,0.8299319723673274,0.8992745060959835,389.2810342500452,2,29,imagenet,False
1200,4287,171.48,0.001,0.0267283846251666,0.0231371830403804,0.0303195862472057,0.1458057518855098,0.1870826270341048,0.1045288767369148,0.8345042796619242,0.9026965382672968,424.353799375007,2,29,imagenet,False
1300,4645,185.8,0.001,0.0245161061733961,0.0213749160617589,0.0276572962105274,0.1458007691228266,0.1893236134394642,0.1022779256827278,0.8363303241082555,0.904119041943504,459.5997536671348,2,29,imagenet,False
1400,5000,200.0,0.001,0.021747816549614,0.0186166593059897,0.0248789738118648,0.1484340942339088,0.194139584125532,0.1027286042391635,0.8343224146603263,0.90279763421118,495.08396250009537,2,29,imagenet,False
1500,5358,214.32,0.001,0.0203865054249763,0.0176982012111693,0.0230748096108436,0.1539672373384752,0.2049495045185914,0.1029849695911869,0.832977864547155,0.9018805460816194,531.1605011250358,2,29,imagenet,False
1600,5716,228.64,0.001,0.0193505423888564,0.0169365397375077,0.0217645449936389,0.1741853701305224,0.2363550893472552,0.1120156495216396,0.8171256892505954,0.8922210358795418,566.8415132500231,2,29,imagenet,False
1700,6074,242.96,0.001,0.0193907173164188,0.0169195306953042,0.0218619038164615,0.1524281462583575,0.2081435531068425,0.096712738791139,0.8402727480848814,0.9066255734085183,602.2615548749454,2,29,imagenet,False
1800,6429,257.16,0.001,0.0210412576422095,0.018996185362339,0.0230863299965858,0.2248390821230865,0.3246819046954383,0.1249962589320014,0.7952493868259856,0.8794039586084942,637.7050775000826,2,29,imagenet,False
1900,6787,271.48,0.001,0.0529774563945829,0.0543511187005788,0.0516037939488887,0.1865076659872457,0.2525521111529591,0.120463219274699,0.8043270227080032,0.8850436166617096,673.2021938329563,2,29,imagenet,False
2000,7145,285.8,0.001,0.0320045205391943,0.0298620015662163,0.0341470398008823,0.1434115144620717,0.1839728488435382,0.1028501787400163,0.833352100643027,0.902746991288426,708.8110723749269,2,29,imagenet,False
2100,7500,300.0,0.0001,0.0216046108212322,0.0190948704350739,0.024114351272583,0.1432726814775731,0.1883733402486491,0.0981720250783082,0.8379825847207764,0.9060610004936768,744.5331570419949,2,29,imagenet,False
2200,7858,314.32,0.0001,0.0216262237634509,0.0193890292849391,0.0238634184002876,0.1443256404779361,0.1905965076495206,0.0980547738735238,0.8385402927981526,0.9062869025843032,780.3450784171,2,29,imagenet,False
2300,8216,328.64,0.0001,0.0205218002665787,0.0182109202537685,0.0228326803445816,0.1451898510583956,0.1934675954823675,0.0969121078718904,0.8393557405666326,0.9069462017892655,816.29663729202,2,29,imagenet,False
2400,8574,342.96,0.0001,0.0201640820736065,0.0181887106224894,0.0221394535899162,0.1450380313252082,0.193092561768413,0.0969835020679091,0.8391996645826404,0.9069594741208732,852.022735417122,2,29,imagenet,False
2500,8929,357.16,0.0001,0.0200963280815631,0.0179830261785537,0.0222096300125122,0.1444060471952993,0.1931147829574697,0.095697312000301,0.8408218147205079,0.9080096421028516,887.5356227080338,2,29,imagenet,False
2600,9287,371.48,0.0001,0.0196578329801559,0.017809178745374,0.0215064871311187,0.1466582223618319,0.1963786865910032,0.096937760143544,0.8396924577711826,0.907048784852974,923.8820556250868,2,29,imagenet,False
2700,9645,385.8,0.0001,0.0192566594202071,0.0171867146808654,0.0213266041874885,0.1462063498563007,0.1967933480611721,0.0956193532498237,0.8409755826840717,0.9078981564669096,959.7110339170322,2,29,imagenet,False
2800,10000,400.0,0.0001,0.0191742306109517,0.017253080564551,0.0210953806340694,0.1465651753864486,0.197695984766145,0.0954343668317299,0.8408555394963512,0.9080409658205194,995.7409525420516,2,29,imagenet,False
2900,10358,414.32,0.0001,0.0182942609675228,0.0164219759125262,0.0201665461063385,0.14847553255855,0.2010730383305401,0.0958780281271489,0.8401692708386158,0.9074729887780002,1031.5814197501168,2,29,imagenet,False
3000,10716,428.64,0.0001,0.0183575427252799,0.0166309034265577,0.0200841818749904,0.1472481716050408,0.1993132319211135,0.0951831107733571,0.8416340963452023,0.9083963022642176,1067.644642750034,2,29,imagenet,False
3100,11074,442.96,0.0001,0.0176121968310326,0.0158268415671773,0.0193975520133972,0.147327182356874,0.1996896331388645,0.0949647311108335,0.8412558587249809,0.9083266070020384,1103.8077239999548,2,29,imagenet,False
3200,11429,457.16,0.0001,0.0178910154569894,0.0161630872543901,0.0196189434826374,0.1484886781154619,0.20157291969626,0.0954044387002304,0.8404814720099802,0.907750726377024,1139.3922723750584,2,29,imagenet,False
3300,11787,471.48,0.0001,0.0169847638579085,0.0151475893030874,0.0188219381868839,0.1496523018526783,0.2046069405380005,0.0946976620845728,0.8410620612568884,0.9082596046390328,1175.1043877499178,2,29,imagenet,False
3400,12145,485.8,0.0001,0.0170722614182159,0.0154138457402586,0.0187306770682334,0.1509384096287526,0.2066356660894869,0.0952411512602571,0.8404406230857211,0.907814984731457,1210.9786204579286,2,29,imagenet,False
3500,12500,500.0,0.0001,0.0169938830053433,0.01536478954833,0.0186229763925075,0.1509685744773145,0.2066578888253769,0.0952792588402243,0.8405712397796125,0.907774822333885,1246.7427669579629,2,29,imagenet,False
3600,12858,514.32,0.0001,0.0164869794109836,0.0148108040587976,0.01816315472126,0.1534248889008195,0.2117870052483667,0.0950627733266889,0.8404909480391167,0.9077688938859658,1282.513487166958,2,29,imagenet,False
3700,13216,528.64,0.0001,0.0165453421790152,0.0149024274945259,0.018188256919384,0.1525665757771594,0.2102828751282708,0.0948502761682424,0.8411153446678918,0.9081447731145084,1318.2558346251026,2,29,imagenet,False
3800,13574,542.96,0.0001,0.0164330760762095,0.0148703072220087,0.0179958449304103,0.1548391557379164,0.2137433264701011,0.0959349852119762,0.8395023760099927,0.9070761672855808,1353.9886821249966,2,29,imagenet,False
3900,13929,557.16,0.0001,0.0160224806005135,0.0143948372290469,0.0176501241326332,0.1543996044302481,0.2139112917403448,0.094887915985807,0.840892405879129,0.9078344500107436,1389.411179000046,2,29,imagenet,False
4000,14287,571.48,0.0001,0.0154647665005177,0.0137486370885744,0.0171808961033821,0.1558904176042979,0.2164638025950395,0.0953170335416562,0.8397059221806884,0.907254023481836,1425.1681022921111,2,29,imagenet,False
0,0,0.0,0.001,,,,0.6805803738663353,0.661634955439188,0.6995257856936603,0.0034602076124567,0.0034602076124567,6.376902583055198,2,29,imagenet,True
100,358,14.32,0.001,0.3860393160581589,0.27015146240592,0.501927170753479,0.2994826571132897,0.2202156481033378,0.3787496650920194,0.7848777177403546,0.8724599697542597,42.3897086661309,2,29,imagenet,True
200,716,28.64,0.001,0.2209008629620075,0.1415435582399368,0.3002581675350666,0.1911445168269134,0.1588150980047701,0.2234739349787623,0.788829524233955,0.876298934232856,78.72971075004898,2,29,imagenet,True
300,1074,42.96,0.001,0.1376748291403055,0.0909740353003144,0.1843756225705146,0.1741337474035969,0.1584930960797933,0.1897743987789616,0.8088155197807262,0.8873103736357119,115.10451350011864,2,29,imagenet,True
400,1429,57.16,0.001,0.0910610296577215,0.0645295320823788,0.1175925269722938,0.1422941259343731,0.1471308478022116,0.1374574054071235,0.8235789528547116,0.8978737749415668,150.97600425011478,2,29,imagenet,True
500,1787,71.48,0.001,0.0898527646809816,0.0716764825768768,0.108029047101736,0.1522738546854897,0.1600652758328559,0.1444824346209067,0.8139603849501025,0.8904205261310786,187.2375554579776,2,29,imagenet,True
600,2145,85.8,0.001,0.0622171361744403,0.0477968979813158,0.0766373747587204,0.1418330912255911,0.1589658680568517,0.1247003140334027,0.82677267456066,0.8986249708079682,223.2303214999847,2,29,imagenet,True
700,2500,100.0,0.001,0.0489298923313617,0.0378350708261132,0.0600247140228748,0.1429764506210505,0.1664114821328423,0.1195414198311142,0.8291001430740746,0.8999833506946797,259.42543187504634,2,29,imagenet,True
800,2858,114.32,0.001,0.0455229116789996,0.0352828421350568,0.0557629810273647,0.1556282222889699,0.1881066609212684,0.1231497829348158,0.8181793644896967,0.8925346183858835,295.6808872909751,2,29,imagenet,True
900,3216,128.64,0.001,0.0399819027353078,0.0325194405950605,0.047444364875555,0.1467296475460785,0.1787493677494022,0.1147099263115325,0.826084618132397,0.8974615099163443,331.72074800007977,2,29,imagenet,True
1000,3574,142.96,0.001,0.0406962413340806,0.0338850592914968,0.0475074233114719,0.1305053433641843,0.1616015847269639,0.0994091017435991,0.8449392112799533,0.910587509458274,367.8210467910394,2,29,imagenet,True
1100,3929,157.16,0.001,0.0355827002972364,0.0294808172341436,0.0416845835745334,0.1494692184005229,0.1897331850029605,0.1092052531902352,0.8289132914900537,0.8997319365023262,403.8584765410051,2,29,imagenet,True
1200,4287,171.48,0.001,0.0330709345452487,0.0279582775291055,0.0381835915148258,0.1378705926935565,0.1784884618227869,0.0972527251111594,0.8433172392477675,0.9094068405232708,439.731023499975,2,29,imagenet,True
1300,4645,185.8,0.001,0.0295390639267861,0.0248577702511101,0.0342203575372695,0.1306901014696768,0.1659454534210548,0.0954347485901987,0.8466724443154751,0.9117846783251284,475.7870072911028,2,29,imagenet,True
1400,5000,200.0,0.001,0.0303947724029421,0.0245954796485602,0.0361940652132034,0.1580112765198348,0.2090202337420935,0.1070023199678704,0.8295319864346029,0.8994037070023885,511.876562749967,2,29,imagenet,True
1500,5358,214.32,0.001,0.0248797324858605,0.0209761741198599,0.0287832908332347,0.1448465920855842,0.1921672814857588,0.0975259014479429,0.8415613237439646,0.9076588282353136,547.9500597910956,2,29,imagenet,True
1600,5716,228.64,0.001,0.0232023573480546,0.0202814974449574,0.0261232171952724,0.1714480642010183,0.2318238260733627,0.1110723010396462,0.8177785306846422,0.893094387975089,584.0448375830892,2,29,imagenet,True
1700,6074,242.96,0.001,0.0374606116302311,0.0341797720175236,0.0407414518296718,0.1419685992402601,0.1850541485119031,0.0988830513607672,0.8416528257480191,0.908218057572882,620.096679582959,2,29,imagenet,True
1800,6429,257.16,0.001,0.0285280726570636,0.0259404305182397,0.0311157146096229,0.1523505458060433,0.2039883506442436,0.1007127407100373,0.8354112415812298,0.903861626391875,655.9176679579541,2,29,imagenet,True
1900,6787,271.48,0.001,0.0236243369989097,0.0206762476544827,0.0265724262595176,0.1473982447571408,0.2010552648029525,0.0937412249175735,0.8446026998741988,0.9100808863010982,692.0517300411593,2,29,imagenet,True
2000,7145,285.8,0.001,0.0270376496668905,0.0239944082964211,0.0300808911025524,0.171592969898534,0.2344920105175163,0.108693930310774,0.8186470640626038,0.894396040112118,728.1485889579635,2,29,imagenet,True
2100,7500,300.0,0.0001,0.0237642463296651,0.020637788916938,0.0268907038867473,0.1504346545798555,0.2037414327831004,0.0971278748297773,0.8389641598661405,0.9067464110893872,764.0563450830523,2,29,imagenet,True
2200,7858,314.32,0.0001,0.0225439901743084,0.0196789842564612,0.0254089960455894,0.1485770072491523,0.2003619720882198,0.0967920422554016,0.8387502937275405,0.9069179924328435,799.8629118329845,2,29,imagenet,True
2300,8216,328.64,0.0001,0.0223508843872696,0.0188015673309564,0.0259002016484737,0.1494517959009817,0.2034209681010989,0.0954826208134423,0.8399379850597077,0.9077433535232384,835.891280000098,2,29,imagenet,True
2400,8574,342.96,0.0001,0.0208750334847718,0.0180903121549636,0.0236597546935081,0.1523593943630535,0.2085138489218319,0.0962049389792973,0.8385778671747359,0.9069104277041394,871.9392349999398,2,29,imagenet,True
2500,8929,357.16,0.0001,0.0232011159323155,0.0189015182759612,0.0275007137656211,0.1533300873523765,0.2111367190894783,0.0955234559762024,0.8390555299004775,0.907327312182559,907.8641079161316,2,29,imagenet,True
2600,9287,371.48,0.0001,0.0216249181516468,0.0185375892929732,0.0247122471034526,0.1548723973411177,0.2145918663913403,0.0951529285487006,0.8400884291632309,0.9078198368917582,943.930801874958,2,29,imagenet,True
2700,9645,385.8,0.0001,0.0210515271592885,0.0179057058319449,0.0241973483562469,0.1539872902281144,0.2132691280033349,0.0947054521435272,0.8402519488644759,0.907949359073714,979.953542290954,2,29,imagenet,True
2800,10000,400.0,0.0001,0.0224639397859573,0.0191095157712698,0.0258183640241622,0.1534231855279434,0.2119567938226317,0.0948895770785717,0.8397070054898904,0.907716050572446,1015.7852590831462,2,29,imagenet,True
2900,10358,414.32,0.0001,0.0202910120692104,0.0171623955992981,0.0234196285903453,0.155296818298452,0.2151001548478347,0.0954934826771693,0.8387499507185013,0.9070956815059922,1051.7662150829565,2,29,imagenet,True
3000,10716,428.64,0.0001,0.0204913583863526,0.0175636873487383,0.0234190294146537,0.1550473723444559,0.2156608225358811,0.094433921843664,0.8407393778854828,0.9082405829685616,1087.5984289159533,2,29,imagenet,True
3100,11074,442.96,0.0001,0.0199938615132123,0.0170198238547891,0.0229678991436958,0.1550378992792644,0.2156712346835944,0.0944045650092788,0.8404256828715458,0.908125868345753,1123.7167377499864,2,29,imagenet,True
3200,11429,457.16,0.0001,0.0195677684154361,0.0167277975752949,0.022407739162445,0.1591479192039958,0.2232475610752831,0.0950482772295862,0.8396945886816088,0.9073393935793383,1159.631199750118,2,29,imagenet,True
3300,11787,471.48,0.0001,0.0180130057875067,0.0156009328365325,0.0204250787198543,0.1571715697903946,0.2204526286430425,0.0938905089784246,0.8409531959925631,0.9084957140595786,1195.4853208749555,2,29,imagenet,True
3400,12145,485.8,0.0001,0.0187005154881626,0.0160087153315544,0.0213923156261444,0.1605013119617548,0.2257883477582238,0.0952142763715301,0.8395978478086523,0.907295901317641,1231.4108810410837,2,29,imagenet,True
3500,12500,500.0,0.0001,0.0182075260952115,0.0157071460597217,0.020707906037569,0.1578554980276365,0.2210675160880732,0.0946434798125164,0.8404155733550828,0.9077904647602956,1267.013640250079,2,29,imagenet,True
3600,12858,514.32,0.0001,0.0190432549733668,0.0162567458115518,0.0218297643959522,0.1579437458494542,0.2221857177344985,0.0937017734487988,0.8413111158974961,0.908629279091938,1302.8678249160291,2,29,imagenet,True
3700,13216,528.64,0.0001,0.0188534967321902,0.0159893825184553,0.0217176109552383,0.1599071076893889,0.2259203943208014,0.0938938216767096,0.8411674624522976,0.9084138182334762,1338.7867812500335,2,29,imagenet,True
3800,13574,542.96,0.0001,0.0165222885087132,0.0148474741354584,0.0181971029937267,0.1582118819844764,0.222569834092909,0.0938539317322437,0.8412001313710268,0.9085331692438134,1374.6247342079878,2,29,imagenet,True
3900,13929,557.16,0.0001,0.0176364832092076,0.0155934249702841,0.0196795414388179,0.1582968568100649,0.2234884923304653,0.0931052202584421,0.8421987514479659,0.9091241078080852,1410.08239412494,2,29,imagenet,True
4000,14287,571.48,0.0001,0.0179675617162138,0.0148615462053567,0.0210735772550106,0.1591764505449875,0.2252031516245079,0.0931497486404894,0.8417144669595522,0.908878911077046,1446.013410540996,2,29,imagenet,True
