step,examples_processed,data_passages,learning_rate,train_loss,train_bce,train_soft_dice_loss,validation_loss,validation_bce,validation_soft_dice_loss,validation_mean_iou,validation_mean_dice,elapsed_seconds,subset_repetition,subset_seed,frozen_encoder_statistics
0,0,0.0,0.001,,,,0.6805803738663353,0.661634955439188,0.6995257856936603,0.0034602076124567,0.0034602076124567,6.277366458205506,1,17,False
100,358,14.32,0.001,0.3832095417380333,0.2647668676078319,0.5016522142291069,0.2836279357593365,0.2177879719070084,0.3494679016225478,0.7523736418146979,0.8525961635484427,41.48821245809086,1,17,False
200,716,28.64,0.001,0.2133392089605331,0.1314735507965088,0.2952048662304878,0.2027827380643996,0.172048595640486,0.2335168836851021,0.8061676778754958,0.8871570583313656,76.30645491718315,1,17,False
300,1074,42.96,0.001,0.1282733722776174,0.084084729924798,0.1724620145559311,0.1650215897799363,0.1635746926997359,0.1664684880976033,0.7930681448132124,0.878464783420447,110.98943041707388,1,17,False
400,1429,57.16,0.001,0.0857336311787366,0.0585493072122335,0.112917955070734,0.1485917912635011,0.1524480409585068,0.1447355415169343,0.821560060460143,0.8966522250418412,145.40352129214443,1,17,False
500,1787,71.48,0.001,0.0680065150931477,0.0511256609857082,0.0848873689770698,0.1380628701106074,0.1620233718396058,0.1141023681238035,0.8307498397324331,0.9019161185872908,180.81975300004703,1,17,False
600,2145,85.8,0.001,0.0678956687077879,0.0554962535202503,0.080295083373785,0.158069071318039,0.1808694166914402,0.1352687267696156,0.8097823203830377,0.8877743098941151,216.33022650005296,1,17,False
700,2500,100.0,0.001,0.0565511617064476,0.0473399387858808,0.0657623846828937,0.1510459049556494,0.1819826236645655,0.1201091862467333,0.8156121942430757,0.8921135791083056,251.23450954211876,1,17,False
800,2858,114.32,0.001,0.0569793070666492,0.0484595788270235,0.0654990346729755,0.1733624937212591,0.209317088024014,0.1374079017903153,0.7960311163582524,0.8783137497617322,286.6092773331329,1,17,False
900,3216,128.64,0.001,0.0558718605153262,0.0460078147985041,0.0657359056174755,0.1628008101225724,0.2037743075805551,0.1218273150879619,0.8054094581773726,0.8859175784636188,322.1817484581843,1,17,False
1000,3574,142.96,0.001,0.0450124406442046,0.0349582050461322,0.0550666764378547,0.1429276755627463,0.1763991903268754,0.1094561615204728,0.8320637954594954,0.9026983956361996,357.7641923332121,1,17,False
1100,3929,157.16,0.001,0.0349587173573672,0.0294325897563248,0.0404848450422287,0.1514749265047093,0.1915697899347358,0.111380064569955,0.8232635729893243,0.8974784800699892,393.6789159581531,1,17,False
1200,4287,171.48,0.001,0.0310158728342503,0.0266989774815738,0.0353327684104442,0.1668315683475415,0.2183332299897415,0.1153299078396859,0.814998287953578,0.8915369661920024,428.7352250001859,1,17,False
1300,4645,185.8,0.001,0.0404223112389445,0.034258289868012,0.0465863324701786,0.1590289541594297,0.2030793109773352,0.1149785968259131,0.8157616780158315,0.8922278385087584,463.60122720804065,1,17,False
1400,5000,200.0,0.001,0.0279792769066989,0.0244095035549253,0.0315490500628948,0.1471586687857717,0.1923200415904959,0.1019972969091474,0.8323019765409776,0.9033566854214736,498.016181625193,1,17,False
1500,5358,214.32,0.001,0.0254799172841012,0.022213246487081,0.0287465880811214,0.1530122949796564,0.203442698892425,0.1025818901903489,0.8316701846862844,0.902679196825131,533.6590955420397,1,17,False
1600,5716,228.64,0.001,0.0236554013006389,0.0204514052718877,0.0268593974411487,0.1592853646274256,0.2150205349014704,0.1035501940440141,0.8283095074914723,0.9006334984708437,569.3885003752075,1,17,False
1700,6074,242.96,0.001,0.0222864371119067,0.0193150067050009,0.0252578672766685,0.1506147285130609,0.2025322076771086,0.0986972488334022,0.8368371931600475,0.905659319049192,605.0613574581221,1,17,False
1800,6429,257.16,0.001,0.0557882837112993,0.0521318211220204,0.0594447468221187,0.1723373660682394,0.2154351831719949,0.129239551336295,0.799324752996277,0.881369557655116,640.4973995001055,1,17,False
1900,6787,271.48,0.001,0.0434641128964722,0.0384725707862526,0.0484556543827056,0.1803079528998338,0.2392946916880492,0.1213212118429296,0.803867862072318,0.8832413194127131,675.5750892499927,1,17,False
2000,7145,285.8,0.001,0.0296020844578742,0.0267919806111603,0.0324121883511543,0.1565316259139136,0.2079113661005422,0.1051518851085517,0.8292872584789275,0.9000549905569105,710.6028972500935,1,17,False
2100,7500,300.0,0.0001,0.0247426661476492,0.0216499349800869,0.027835397273302,0.1626277782512783,0.2188426437674921,0.1064129137662867,0.8264769749660594,0.8978730979158285,745.314220083179,1,17,False
2200,7858,314.32,0.0001,0.0244218255765736,0.0216787049174308,0.027164946347475,0.1635209610717931,0.2200883229401697,0.1069535992549777,0.8261026470576588,0.8973725941838749,780.1597337920684,1,17,False
2300,8216,328.64,0.0001,0.0245784101728349,0.0221835747547447,0.0269732455909252,0.1606196814239231,0.2152882085848844,0.105951153902034,0.8272060105157462,0.8982797554623814,814.6776760001667,1,17,False
2400,8574,342.96,0.0001,0.025636865850538,0.0218635914474725,0.0294101399183273,0.1620358947960975,0.2174593724284617,0.1066124152559722,0.8256771012318997,0.8973913234162515,849.333077083109,1,17,False
2500,8929,357.16,0.0001,0.0230842954851686,0.0203595529403537,0.0258090381324291,0.1597048487630269,0.2144898442248572,0.1049198533011967,0.82794481040342,0.8988988830247624,883.8847629171796,1,17,False
2600,9287,371.48,0.0001,0.0254217010270804,0.0207381111895665,0.0301052908599376,0.1655423907260168,0.2225956698189969,0.1084891118392812,0.8232210835247096,0.8956246925529895,918.755781542044,1,17,False
2700,9645,385.8,0.0001,0.0224325102288275,0.0200470767356455,0.0248179437220096,0.1660734651719822,0.2255402172828628,0.1066067136282739,0.8261116073767243,0.8974221330955501,953.6533228331244,1,17,False
2800,10000,400.0,0.0001,0.0223604178614914,0.0199452129704877,0.024775622934103,0.1548178450149648,0.2077299039875347,0.101905787486106,0.8324107645794028,0.9019245026325954,988.2264174581504,1,17,False
2900,10358,414.32,0.0001,0.0215295082144439,0.019164783898741,0.0238942323625087,0.1582432035034503,0.2135149535423331,0.1029714548051563,0.8316875843286827,0.9009164901152056,1023.9693389581516,1,17,False
3000,10716,428.64,0.0001,0.0248473775014281,0.0203618955612182,0.0293328592181205,0.1645103609995033,0.2227205050960956,0.1063002172638388,0.8264708728854453,0.8974711889319903,1059.5978380001616,1,17,False
3100,11074,442.96,0.0001,0.0206095341034233,0.0182005358440801,0.0230185323953628,0.1644185418488657,0.2233801477920637,0.1054569359056677,0.8274635153004661,0.8982506757243994,1094.841212542029,1,17,False
3200,11429,457.16,0.0001,0.0223885020334273,0.0184976787259802,0.0262793251872062,0.1673795196733672,0.2276084932488966,0.1071505435197823,0.8254335292961692,0.8967602224907466,1129.928059417056,1,17,False
3300,11787,471.48,0.0001,0.020671008164063,0.0183315890002995,0.0230104275047779,0.1638009447643088,0.2226100117999377,0.1049918788114633,0.8274678271878827,0.8985353987950516,1166.2597502500284,1,17,False
3400,12145,485.8,0.0001,0.0213096593273803,0.0184596978547051,0.0241596208512783,0.1606534268307438,0.2179346877089008,0.1033721663135145,0.8298157144170619,0.9002476751350867,1201.73717149999,1,17,False
3500,12500,500.0,0.0001,0.0205252002039924,0.0181378791155293,0.022912521213293,0.164837273810974,0.2251037037496335,0.1045708462441256,0.8284534572496286,0.8989172457207921,1236.727041167207,1,17,False
3600,12858,514.32,0.0001,0.0205627052159979,0.0184557136893272,0.0226696966588497,0.1651322766880675,0.2259015120230744,0.1043630409405718,0.8286231725629716,0.8991270654131938,1271.4761138330214,1,17,False
3700,13216,528.64,0.0001,0.020620694225654,0.0180294037377461,0.0232119846343994,0.1669591877184112,0.2294514725777517,0.1044669033746818,0.8275041630062092,0.898602331236734,1306.059736583149,1,17,False
3800,13574,542.96,0.0001,0.0205846100673079,0.0175231275521218,0.0236460925638675,0.1634514681917573,0.2230887499647569,0.1038141856969021,0.8289085065689911,0.8995305874572092,1341.2966543750372,1,17,False
3900,13929,557.16,0.0001,0.0199985219445079,0.0173211428988724,0.0226759010553359,0.1684247866324487,0.2323625378542705,0.1044870336575491,0.8270272022044264,0.898512340561454,1376.6180990419816,1,17,False
4000,14287,571.48,0.0001,0.0192638097191229,0.017108358554542,0.0214192607998847,0.1654448207068195,0.2266872055493424,0.1042024357096134,0.827863628513491,0.8991061015240134,1412.274042917183,1,17,False
0,0,0.0,0.001,,,,0.6805803738663353,0.661634955439188,0.6995257856936603,0.0034602076124567,0.0034602076124567,7.032179292058572,1,17,True
100,358,14.32,0.001,0.4260000136494636,0.3055537995696067,0.5464462277293205,0.6470162983996646,0.7236314151938811,0.5704011801617368,0.2797636361743513,0.4306818273550325,42.68071920913644,1,17,True
200,716,28.64,0.001,0.2763971090316772,0.1869566410779953,0.3658375763893127,0.2836020724996151,0.2370308725788519,0.3301732701001282,0.6665012535245171,0.7911641644580072,76.7883862091694,1,17,True
300,1074,42.96,0.001,0.1969893489778041,0.1434471381455659,0.2505315600335598,0.2092427908343014,0.1842608679227763,0.2342247140036322,0.7461599959572638,0.8453564686766821,111.12667025020346,1,17,True
400,1429,57.16,0.001,0.1510964884608984,0.1193073126301169,0.1828856632113456,0.1924755032912257,0.1871302918785583,0.1978207146007709,0.756856507103656,0.8518288100386413,145.15692525007762,1,17,True
500,1787,71.48,0.001,0.1372114247083664,0.1128816662356257,0.1615411831438541,0.1791611828399777,0.1819206522100937,0.1764017139339117,0.7659819835827766,0.8600280184265121,179.3650838751346,1,17,True
600,2145,85.8,0.001,0.1090427073463797,0.0919965593516826,0.1260888555645942,0.2276022246552173,0.2349591196408321,0.2202453322476581,0.7020726284939416,0.8104684491669374,213.60563762509264,1,17,True
700,2500,100.0,0.001,0.0906964443624019,0.0799079345539212,0.1014849543571472,0.3440653307421397,0.4125766463345722,0.2755540198933294,0.6107790462892834,0.7469575116610515,247.4423353341408,1,17,True
800,2858,114.32,0.001,0.1026577853411436,0.0916027731448411,0.1137127971649169,0.1850767033529116,0.2092381938518537,0.1609152132664584,0.7611159680643842,0.8563275910603189,281.3620032921899,1,17,True
900,3216,128.64,0.001,0.0917147427424788,0.082411017678678,0.1010184688866138,0.1794229854143202,0.2110498874451462,0.1477960812179275,0.7752112579518746,0.8644997246979441,315.26461004209705,1,17,True
1000,3574,142.96,0.001,0.0789097349159419,0.0665812827367335,0.0912381878495216,0.1736918098476931,0.2037685971359068,0.1436150222501127,0.7818831081140922,0.8688793843987968,349.40325537510216,1,17,True
1100,3929,157.16,0.001,0.0687564225494861,0.0619565729610621,0.0755562715232372,0.1820094516842423,0.2210004170873173,0.143018486178045,0.7794946328760455,0.8677191101923886,383.3306616670452,1,17,True
1200,4287,171.48,0.001,0.053453199993819,0.0481694812420755,0.0587369191646575,0.1754428445261655,0.2130224934189377,0.1378631948599765,0.7859327938216928,0.8722815096488785,417.0194612501655,1,17,True
1300,4645,185.8,0.001,0.0584748963266611,0.0524502881802618,0.0644995047152042,0.1821140088527673,0.2211604977355283,0.143067520382495,0.779115817587878,0.8679700294422,451.017185542034,1,17,True
1400,5000,200.0,0.001,0.0427307880390435,0.0388568217447027,0.0466047541797161,0.1758531625914326,0.2198370773487025,0.1318692498966071,0.79098386253577,0.8755984938232251,484.8737965421751,1,17,True
1500,5358,214.32,0.001,0.0383708393201231,0.0345992312394082,0.0421424472332,0.1920616295201555,0.2434143150760228,0.1407089419018438,0.7806843903855473,0.8671437010098869,518.9441841251682,1,17,True
1600,5716,228.64,0.001,0.0451507437042892,0.0409951499477028,0.049306337237358,0.192992924767382,0.2506788419398469,0.1353070078011615,0.7851129766703225,0.8697007058059271,552.7892660000362,1,17,True
1700,6074,242.96,0.001,0.039443441350013,0.0357399936439469,0.0431468892097473,0.1996017153597208,0.2551776879180261,0.1440257411514599,0.7747096636232366,0.8624535561367694,586.7318985001184,1,17,True
1800,6429,257.16,0.001,0.0479839663766324,0.0419905865937471,0.0539773467183113,0.2080275006463371,0.2667334388077877,0.1493215645473308,0.7699647772562663,0.8587481935982377,620.4420490001794,1,17,True
1900,6787,271.48,0.001,0.0471222574450075,0.0408966802153736,0.0533478341996669,0.2033860496789938,0.260886162983505,0.1458859371478995,0.7735495205137334,0.8615744837601677,654.346040125005,1,17,True
2000,7145,285.8,0.001,0.0334036389645189,0.030714564025402,0.0360927134752273,0.1931583962844729,0.2517078286842491,0.1346089617191301,0.7851851947623523,0.8708762385853062,688.9251001251396,1,17,True
2100,7500,300.0,0.0001,0.0277472605742514,0.024531234013848,0.030963287204504,0.1904999716884124,0.2489603956368555,0.1320395484102638,0.7888131539130002,0.8732102538746744,722.8945388339926,1,17,True
2200,7858,314.32,0.0001,0.0272895721346139,0.024674673685804,0.0299044705927372,0.1896651869826663,0.2473705030951945,0.1319598697873547,0.7890403601832281,0.8732387534127147,757.0170409171842,1,17,True
2300,8216,328.64,0.0001,0.0269578433968126,0.0240617419313639,0.0298539447784423,0.191841418819444,0.2504894491607343,0.1331933879109814,0.787186039102362,0.8719846649285097,791.207058875123,1,17,True
2400,8574,342.96,0.0001,0.0287544112093746,0.0249277895828709,0.0325810331106185,0.1901682326537927,0.2482058040823491,0.1321306647313919,0.7879814292117648,0.8727491651135686,825.3385270000435,1,17,True
2500,8929,357.16,0.0001,0.0264352200087159,0.0237809984618797,0.02908944144845,0.1904608210787228,0.2491707203709955,0.1317509220958168,0.7884176570592993,0.8728542142705669,859.4135083751753,1,17,True
2600,9287,371.48,0.0001,0.0274716164637357,0.0232792756380513,0.0316639573872089,0.1889876423719432,0.246580447808269,0.1313948392043064,0.7893087977755029,0.8734455619496476,893.5120147501584,1,17,True
2700,9645,385.8,0.0001,0.0257276250980794,0.0233402456808835,0.0281150044500827,0.1934989839792251,0.2544630496765915,0.132534919313081,0.7876860071145634,0.8722101499106559,927.6872454171536,1,17,True
2800,10000,400.0,0.0001,0.0258682029973715,0.0231386107718572,0.0285977953672409,0.1912945655390465,0.2519125925009638,0.1306765364115626,0.7894607878346687,0.873726344988978,961.6279185840394,1,17,True
2900,10358,414.32,0.0001,0.0244951961189508,0.0218404160160571,0.0271499763429164,0.1934699395020528,0.2561336770189674,0.1308062027069936,0.7897079911847,0.8737198147362079,995.8083952090236,1,17,True
3000,10716,428.64,0.0001,0.0341956601478159,0.030478291879408,0.0379130282998085,0.1954475719107888,0.2568899611700777,0.1340051839920888,0.7854859477362689,0.8708995160112015,1029.9091169591993,1,17,True
3100,11074,442.96,0.0001,0.0241983000002801,0.0214765370450913,0.0269200630486011,0.196945346195805,0.2597502651511592,0.1341404279623064,0.7848265812659416,0.8703387166837888,1063.8904880841728,1,17,True
3200,11429,457.16,0.0001,0.0285888792946934,0.0223207798041403,0.0348569786548614,0.1984326226385407,0.2606049062471489,0.1362603405767658,0.7829004873932216,0.8688405416185296,1097.870539917145,1,17,True
3300,11787,471.48,0.0001,0.0238326392602175,0.0209156393352895,0.0267496392130851,0.1994146599489099,0.2635926829592991,0.1352366334839263,0.7828869211866356,0.869100168787562,1132.0625247501305,1,17,True
3400,12145,485.8,0.0001,0.0237729476112872,0.020504831043072,0.0270410640537738,0.1986723735567607,0.2630390735233531,0.1343056736932906,0.7838741343139842,0.8698245754373463,1166.232627084013,1,17,True
3500,12500,500.0,0.0001,0.0248590971576049,0.0225173819717019,0.0272008121013641,0.200626004577508,0.2674846953380479,0.1337673146419459,0.7845657485235019,0.8700716506756462,1200.129614250036,1,17,True
3600,12858,514.32,0.0001,0.0240070135332644,0.0218057424901053,0.026208284497261,0.2022759567907524,0.2714269256612421,0.1331249877655795,0.7856643014761137,0.8706982890413968,1234.1501512092073,1,17,True
3700,13216,528.64,0.0001,0.0243402074184268,0.0214964426402002,0.0271839721500873,0.2038011823661599,0.2736993685725651,0.1339029939941881,0.7838055226453223,0.8697137196549746,1268.217180417152,1,17,True
3800,13574,542.96,0.0001,0.0235951344296336,0.0202039337623864,0.0269863350689411,0.2006319826243245,0.2678191083319047,0.1334448568136221,0.7848186905160845,0.8704520525499049,1302.218671125127,1,17,True
3900,13929,557.16,0.0001,0.0250320676807314,0.0228099390631541,0.0272541962563991,0.2058501927807257,0.2762006297965363,0.1354997554039872,0.7812346195880231,0.8680505562303115,1336.0856063340325,1,17,True
4000,14287,571.48,0.0001,0.0229080541199073,0.0206354860775172,0.025180622190237,0.2041636875034616,0.2731581125601765,0.1351692606421078,0.7824629473449447,0.8686107614487146,1370.3171615840402,1,17,True
0,0,0.0,0.001,,,,0.6805803738663353,0.661634955439188,0.6995257856936603,0.0034602076124567,0.0034602076124567,6.247724000131711,2,29,False
100,358,14.32,0.001,0.3759200963377953,0.2604913718998432,0.4913488185405731,0.3021719297941993,0.22205311116669,0.382290744451503,0.7873691916234496,0.8733240348207708,40.95889899996109,2,29,False
200,716,28.64,0.001,0.2006078998744487,0.1273793002963066,0.2738364991545677,0.1940422528342804,0.1586911984071599,0.2293933089629176,0.8023755213051027,0.8834438244167314,75.68402074999176,2,29,False
300,1074,42.96,0.001,0.1213242084532976,0.0812450078129768,0.1614034086465835,0.1484529850392193,0.1391197498178812,0.1577862200027518,0.8238792765000778,0.8991169690750629,110.86775158299132,2,29,False
400,1429,57.16,0.001,0.0801117468625307,0.0571219172701239,0.1031015764176845,0.1371885431369695,0.1407242299776176,0.1336528574306659,0.8340352442174642,0.9039144583417532,146.00175620801747,2,29,False
500,1787,71.48,0.001,0.0589015388488769,0.0439257941022515,0.073877283334732,0.1300167857466272,0.1422499487866167,0.1177836235831765,0.8376900764943238,0.9063867802527455,180.71808600006625,2,29,False
600,2145,85.8,0.001,0.0588251772522926,0.0496071231551468,0.0680432315170764,0.1432532279858539,0.1671673167226224,0.1193391387850355,0.8306788967864865,0.9014195956255764,215.36974608292803,2,29,False
700,2500,100.0,0.001,0.0436935922689735,0.0354895855300128,0.0518975991010665,0.1453888250263504,0.1709401744150372,0.1198374752767358,0.8212398699109047,0.8955639901719856,249.93882612511516,2,29,False
800,2858,114.32,0.001,0.0438678476028144,0.037903281841427,0.0498324131965637,0.1415101435151479,0.1666193401834131,0.1164009455578549,0.8232466569985276,0.8973105089786441,284.37709324993193,2,29,False
900,3216,128.64,0.001,0.0364394093491137,0.0313730957359075,0.0415057231485843,0.1714803745074255,0.2078188411298507,0.1351419068537781,0.7958943939310948,0.8772499135193392,318.86326129199006,2,29,False
1000,3574,142.96,0.001,0.0333240159973502,0.0287424980383366,0.0379055339097976,0.1472751012516681,0.1827227404682694,0.1118274626022391,0.8285445746189449,0.8977557038260935,354.7306784579996,2,29,False
1100,3929,157.16,0.001,0.0278511446155607,0.0237010254152119,0.0320012637972831,0.1461808752642371,0.1841764982183912,0.1081852529288163,0.8299319723673274,0.8992745060959835,389.2810342500452,2,29,False
1200,4287,171.48,0.001,0.0267283846251666,0.0231371830403804,0.0303195862472057,0.1458057518855098,0.1870826270341048,0.1045288767369148,0.8345042796619242,0.9026965382672968,424.353799375007,2,29,False
1300,4645,185.8,0.001,0.0245161061733961,0.0213749160617589,0.0276572962105274,0.1458007691228266,0.1893236134394642,0.1022779256827278,0.8363303241082555,0.904119041943504,459.5997536671348,2,29,False
1400,5000,200.0,0.001,0.021747816549614,0.0186166593059897,0.0248789738118648,0.1484340942339088,0.194139584125532,0.1027286042391635,0.8343224146603263,0.90279763421118,495.08396250009537,2,29,False
1500,5358,214.32,0.001,0.0203865054249763,0.0176982012111693,0.0230748096108436,0.1539672373384752,0.2049495045185914,0.1029849695911869,0.832977864547155,0.9018805460816194,531.1605011250358,2,29,False
1600,5716,228.64,0.001,0.0193505423888564,0.0169365397375077,0.0217645449936389,0.1741853701305224,0.2363550893472552,0.1120156495216396,0.8171256892505954,0.8922210358795418,566.8415132500231,2,29,False
1700,6074,242.96,0.001,0.0193907173164188,0.0169195306953042,0.0218619038164615,0.1524281462583575,0.2081435531068425,0.096712738791139,0.8402727480848814,0.9066255734085183,602.2615548749454,2,29,False
1800,6429,257.16,0.001,0.0210412576422095,0.018996185362339,0.0230863299965858,0.2248390821230865,0.3246819046954383,0.1249962589320014,0.7952493868259856,0.8794039586084942,637.7050775000826,2,29,False
1900,6787,271.48,0.001,0.0529774563945829,0.0543511187005788,0.0516037939488887,0.1865076659872457,0.2525521111529591,0.120463219274699,0.8043270227080032,0.8850436166617096,673.2021938329563,2,29,False
2000,7145,285.8,0.001,0.0320045205391943,0.0298620015662163,0.0341470398008823,0.1434115144620717,0.1839728488435382,0.1028501787400163,0.833352100643027,0.902746991288426,708.8110723749269,2,29,False
2100,7500,300.0,0.0001,0.0216046108212322,0.0190948704350739,0.024114351272583,0.1432726814775731,0.1883733402486491,0.0981720250783082,0.8379825847207764,0.9060610004936768,744.5331570419949,2,29,False
2200,7858,314.32,0.0001,0.0216262237634509,0.0193890292849391,0.0238634184002876,0.1443256404779361,0.1905965076495206,0.0980547738735238,0.8385402927981526,0.9062869025843032,780.3450784171,2,29,False
2300,8216,328.64,0.0001,0.0205218002665787,0.0182109202537685,0.0228326803445816,0.1451898510583956,0.1934675954823675,0.0969121078718904,0.8393557405666326,0.9069462017892655,816.29663729202,2,29,False
2400,8574,342.96,0.0001,0.0201640820736065,0.0181887106224894,0.0221394535899162,0.1450380313252082,0.193092561768413,0.0969835020679091,0.8391996645826404,0.9069594741208732,852.022735417122,2,29,False
2500,8929,357.16,0.0001,0.0200963280815631,0.0179830261785537,0.0222096300125122,0.1444060471952993,0.1931147829574697,0.095697312000301,0.8408218147205079,0.9080096421028516,887.5356227080338,2,29,False
2600,9287,371.48,0.0001,0.0196578329801559,0.017809178745374,0.0215064871311187,0.1466582223618319,0.1963786865910032,0.096937760143544,0.8396924577711826,0.907048784852974,923.8820556250868,2,29,False
2700,9645,385.8,0.0001,0.0192566594202071,0.0171867146808654,0.0213266041874885,0.1462063498563007,0.1967933480611721,0.0956193532498237,0.8409755826840717,0.9078981564669096,959.7110339170322,2,29,False
2800,10000,400.0,0.0001,0.0191742306109517,0.017253080564551,0.0210953806340694,0.1465651753864486,0.197695984766145,0.0954343668317299,0.8408555394963512,0.9080409658205194,995.7409525420516,2,29,False
2900,10358,414.32,0.0001,0.0182942609675228,0.0164219759125262,0.0201665461063385,0.14847553255855,0.2010730383305401,0.0958780281271489,0.8401692708386158,0.9074729887780002,1031.5814197501168,2,29,False
3000,10716,428.64,0.0001,0.0183575427252799,0.0166309034265577,0.0200841818749904,0.1472481716050408,0.1993132319211135,0.0951831107733571,0.8416340963452023,0.9083963022642176,1067.644642750034,2,29,False
3100,11074,442.96,0.0001,0.0176121968310326,0.0158268415671773,0.0193975520133972,0.147327182356874,0.1996896331388645,0.0949647311108335,0.8412558587249809,0.9083266070020384,1103.8077239999548,2,29,False
3200,11429,457.16,0.0001,0.0178910154569894,0.0161630872543901,0.0196189434826374,0.1484886781154619,0.20157291969626,0.0954044387002304,0.8404814720099802,0.907750726377024,1139.3922723750584,2,29,False
3300,11787,471.48,0.0001,0.0169847638579085,0.0151475893030874,0.0188219381868839,0.1496523018526783,0.2046069405380005,0.0946976620845728,0.8410620612568884,0.9082596046390328,1175.1043877499178,2,29,False
3400,12145,485.8,0.0001,0.0170722614182159,0.0154138457402586,0.0187306770682334,0.1509384096287526,0.2066356660894869,0.0952411512602571,0.8404406230857211,0.907814984731457,1210.9786204579286,2,29,False
3500,12500,500.0,0.0001,0.0169938830053433,0.01536478954833,0.0186229763925075,0.1509685744773145,0.2066578888253769,0.0952792588402243,0.8405712397796125,0.907774822333885,1246.7427669579629,2,29,False
3600,12858,514.32,0.0001,0.0164869794109836,0.0148108040587976,0.01816315472126,0.1534248889008195,0.2117870052483667,0.0950627733266889,0.8404909480391167,0.9077688938859658,1282.513487166958,2,29,False
3700,13216,528.64,0.0001,0.0165453421790152,0.0149024274945259,0.018188256919384,0.1525665757771594,0.2102828751282708,0.0948502761682424,0.8411153446678918,0.9081447731145084,1318.2558346251026,2,29,False
3800,13574,542.96,0.0001,0.0164330760762095,0.0148703072220087,0.0179958449304103,0.1548391557379164,0.2137433264701011,0.0959349852119762,0.8395023760099927,0.9070761672855808,1353.9886821249966,2,29,False
3900,13929,557.16,0.0001,0.0160224806005135,0.0143948372290469,0.0176501241326332,0.1543996044302481,0.2139112917403448,0.094887915985807,0.840892405879129,0.9078344500107436,1389.411179000046,2,29,False
4000,14287,571.48,0.0001,0.0154647665005177,0.0137486370885744,0.0171808961033821,0.1558904176042979,0.2164638025950395,0.0953170335416562,0.8397059221806884,0.907254023481836,1425.1681022921111,2,29,False
0,0,0.0,0.001,,,,0.6805803738663353,0.661634955439188,0.6995257856936603,0.0034602076124567,0.0034602076124567,6.404295250074938,2,29,True
100,358,14.32,0.001,0.4069397529959678,0.291769044548273,0.522110462486744,0.3607476487704214,0.2935134443651021,0.427981851422663,0.6772658395375013,0.7993569893596971,40.988192208111286,2,29,True
200,716,28.64,0.001,0.2578612007200718,0.1772191773355007,0.33850322291255,0.428331882277162,0.3810486279969396,0.4756151316075176,0.4663654143142104,0.6119971400694271,75.4999071659986,2,29,True
300,1074,42.96,0.001,0.1808046958595514,0.1312807861343026,0.2303286062180995,0.1875527752724486,0.1685095761474028,0.2065959737787609,0.7642373688120284,0.8593864358010229,109.5756477501709,2,29,True
400,1429,57.16,0.001,0.1389294813200831,0.1083742664381861,0.1694846972823143,0.1770159409326665,0.1697709368586952,0.1842609474815711,0.7761392395721254,0.8660348427225005,143.7026205000002,2,29,True
500,1787,71.48,0.001,0.1166875075548887,0.0959649536572396,0.1374100616574287,0.1621091126570652,0.1639292436590656,0.1602889804691591,0.7912467580654626,0.8763357463392999,178.10279908310622,2,29,True
600,2145,85.8,0.001,0.1093422688543796,0.0951269077323377,0.1235576285421848,0.1727691297918867,0.1890038648381777,0.156534393972179,0.7811983071991117,0.868654272328144,212.2236855411902,2,29,True
700,2500,100.0,0.001,0.0815187969058752,0.0700223785452544,0.0930152149498462,0.3743828735137068,0.47271068389028,0.2760550662308003,0.5885130852398872,0.7318000135505469,246.047221083194,2,29,True
800,2858,114.32,0.001,0.0622214445471763,0.0541199607774615,0.0703229282796382,0.1935189077082802,0.2225077698284367,0.1645300454334404,0.7584513379866249,0.8514118778370413,280.05404937500134,2,29,True
900,3216,128.64,0.001,0.0644284423999488,0.0581510572414845,0.0707058276236057,0.1898299473173478,0.2273973214688185,0.1522625758986159,0.7703256780258327,0.859750201010836,314.093930416042,2,29,True
1000,3574,142.96,0.001,0.0519136048853397,0.0462046828120946,0.0576225270330905,0.2656149206276996,0.3266297330287088,0.2046001093610348,0.6962760077290356,0.8040592527357835,348.08804962504655,2,29,True
1100,3929,157.16,0.001,0.0493525954335928,0.044257534854114,0.054447655826807,0.1703467385063534,0.2041687798850676,0.1365246981073003,0.7878282405688946,0.8733910868352951,381.91726512508467,2,29,True
1200,4287,171.48,0.001,0.0443899333104491,0.0408835982810705,0.0478962677717208,0.178830301060396,0.2230860022731305,0.1345745989195615,0.7875151811099542,0.8724520064461396,415.88565787510015,2,29,True
1300,4645,185.8,0.001,0.0503582533076405,0.0469531656056642,0.0537633414566516,0.2427523093858804,0.3066753552240484,0.1788292615883903,0.7254631648067899,0.8254804837740691,449.82558670802973,2,29,True
1400,5000,200.0,0.001,0.0438685156591236,0.039515833184123,0.0482211981713771,0.1856979026513941,0.2323467601541829,0.139049048242272,0.7799840787813418,0.8686155336839342,483.56367891607806,2,29,True
1500,5358,214.32,0.001,0.0469119172543287,0.0435167465545237,0.050307088047266,0.1727702747579264,0.2160442551939545,0.1294962939094094,0.7950535470008354,0.8784765857039423,517.5670554160606,2,29,True
1600,5716,228.64,0.001,0.0401057279109954,0.0376108977245166,0.0426005579531192,0.1792267970869697,0.2276512303979339,0.1308023644978612,0.7909353095921033,0.875205895636601,551.855200082995,2,29,True
1700,6074,242.96,0.001,0.0416796266939491,0.0386079260148108,0.0447513273358345,0.2197174562921161,0.280672495134149,0.1587624180688165,0.7494418792392574,0.8480614038695679,585.8268883752171,2,29,True
1800,6429,257.16,0.001,0.0337968212179839,0.0312049690354615,0.0363886733353137,0.1906957530439106,0.2463521780027237,0.1350393256101641,0.7849445564475089,0.8704089970174701,619.6636372911744,2,29,True
1900,6787,271.48,0.001,0.033355576172471,0.0312248661462217,0.0354862861335277,0.181935273549136,0.2333858434922967,0.1304847030903641,0.7912897689713375,0.8749375760097935,653.7290542081464,2,29,True
2000,7145,285.8,0.001,0.0252359646838158,0.0230504576303064,0.027421471774578,0.1823227066791593,0.2422727137082175,0.1223726986188789,0.8006812435137209,0.8818292551335034,687.8067567502148,2,29,True
2100,7500,300.0,0.0001,0.0250615747738629,0.0225513624958694,0.0275717870891094,0.175534834911254,0.2300663039758543,0.121003364609187,0.8030057781172809,0.883448111310087,721.8007405831013,2,29,True
2200,7858,314.32,0.0001,0.0277924160193651,0.0256921513844281,0.029892680644989,0.1751700857312621,0.2264738590247078,0.1238663134690387,0.8000787102386562,0.8810921878382653,755.9591810409911,2,29,True
2300,8216,328.64,0.0001,0.0235000150185078,0.0212680559325963,0.0257319739460945,0.179561798135302,0.2362511444669281,0.1228724520099204,0.8005340503116123,0.8812162581056783,789.8537765410729,2,29,True
2400,8574,342.96,0.0001,0.02471200610511,0.0223543519154191,0.0270696604251861,0.1792579273142204,0.2337335030512826,0.1247823527115026,0.7984243110476124,0.8798393105135262,823.9252824580763,2,29,True
2500,8929,357.16,0.0001,0.0221969804447144,0.019916695933789,0.024477264881134,0.1825454818748685,0.2412581472145232,0.1238328166898971,0.7983096921646584,0.8800389573653019,857.7678398331627,2,29,True
2600,9287,371.48,0.0001,0.0243649331480264,0.0230045998003333,0.0257252664864063,0.1757858890563146,0.2290502305055572,0.1225215485351721,0.8017330586919603,0.8824000232417707,891.8185042911209,2,29,True
2700,9645,385.8,0.0001,0.0228176529798656,0.020810716310516,0.0248245897889137,0.1792854182551063,0.2348526088733574,0.1237182268634387,0.7994163206350434,0.8804899251591155,925.8508043750188,2,29,True
2800,10000,400.0,0.0001,0.0248253346141427,0.0231633515655994,0.0264873176813125,0.1794377496807633,0.2352020309973753,0.1236734699625457,0.7990491936294832,0.8804621397567125,959.7770522499924,2,29,True
2900,10358,414.32,0.0001,0.0227626610174775,0.0209407637035474,0.0245845587551593,0.1823870304546554,0.2410701033772069,0.1237039553665372,0.7988821947894085,0.8800774456492233,993.8444454160052,2,29,True
3000,10716,428.64,0.0001,0.0257993014156818,0.0252184248995035,0.0263801778852939,0.1789518928342212,0.2339025356365322,0.1240012488975657,0.7990977492199963,0.8802438799288702,1027.93836787506,2,29,True
3100,11074,442.96,0.0001,0.0223384086694568,0.0204617489594966,0.0242150683701038,0.1796796339399674,0.2355015433061494,0.1238577260690576,0.7990750389110577,0.8802297325187778,1061.854311583098,2,29,True
3200,11429,457.16,0.0001,0.0218123141210526,0.0199596370570361,0.0236649909615516,0.1807231178126945,0.2374798825146005,0.1239663521311274,0.7993345215050696,0.8799679846729808,1095.5872653331608,2,29,True
3300,11787,471.48,0.0001,0.0218898522760719,0.0200582111254334,0.0237214934825897,0.1840454548287969,0.2447827723405765,0.1233081396888284,0.7991733703371972,0.8801989215978204,1129.590560708195,2,29,True
3400,12145,485.8,0.0001,0.0218551608128473,0.0203038802929222,0.023406441360712,0.183765678411949,0.2438796594687399,0.123651697767647,0.7988876577982208,0.8800387978135562,1163.606220000191,2,29,True
3500,12500,500.0,0.0001,0.0235221663769334,0.0222968438966199,0.0247474886476993,0.1839909971172834,0.2445128157373943,0.1234691803018114,0.7984493196449053,0.8801301669047306,1197.3081329581328,2,29,True
3600,12858,514.32,0.0001,0.0232898129662498,0.0220799263846129,0.0244996991753578,0.186601333655288,0.2499311312156565,0.1232715381058029,0.7991469179862061,0.8801584143172952,1231.1647611660885,2,29,True
3700,13216,528.64,0.0001,0.0216747946571558,0.0197058873903006,0.0236437021195888,0.1858529884716218,0.2480588422823942,0.1236471364654884,0.7982708888415245,0.8799133417137975,1265.0779062910003,2,29,True
3800,13574,542.96,0.0001,0.0212474327813833,0.0195030176267027,0.0229918481409549,0.1860403837217179,0.2487630347067097,0.1233177337679483,0.7983429040958434,0.8801274508063333,1299.1154067500029,2,29,True
3900,13929,557.16,0.0001,0.0230636318493634,0.0213727545691654,0.0247545091807842,0.1852428493409008,0.2473661080776201,0.1231195914291593,0.7988605115943296,0.8805172151655823,1332.9918127499986,2,29,True
4000,14287,571.48,0.0001,0.0203442866448313,0.0184658715967088,0.0222227016091346,0.1874802059471401,0.252209825293003,0.1227505881481104,0.7983611522162146,0.8806361699658457,1367.0275869581385,2,29,True
