initialization,threshold,mean_iou,mean_dice,image_count
random,0.1,0.783329476377483,0.8733891593941021,289
random,0.2,0.80509985100834,0.8871111907258269,289
random,0.3,0.8108394174179623,0.8906849121787146,289
random,0.4,0.8124344671908343,0.8916448666155404,289
random,0.5,0.8127040367831994,0.8917731918688862,289
random,0.6,0.8102803943673965,0.8901679179728127,289
random,0.7,0.8059894937970233,0.887448938724078,289
random,0.8,0.7947008960463016,0.8803002324436453,289
random,0.9,0.7542028501259178,0.8539185352883492,289
imagenet,0.1,0.8529067027252205,0.9171329861292026,289
imagenet,0.2,0.8592690878521102,0.920835684514991,289
imagenet,0.3,0.8614920938805233,0.922125561189581,289
imagenet,0.4,0.8623092121820147,0.9225996359259023,289
imagenet,0.5,0.8622061299730235,0.9225384437968881,289
imagenet,0.6,0.8609842833949614,0.92182705862777,289
imagenet,0.7,0.8577389328308521,0.9199262251231969,289
imagenet,0.8,0.8490468736671114,0.9148131358305315,289
imagenet,0.9,0.8131631802808419,0.8932266267270932,289
