window_start_step,window_end_step,iou_trend_per_1000,loss_trend_per_1000,initialization,learning_rate
2100,3000,0.0038378535863020785,-0.023477217942848055,random,0.0001
2200,3100,0.006182590433098674,-0.026303200991983463,random,0.0001
2300,3200,0.0017808302377463915,-0.023374776657964818,random,0.0001
2400,3300,0.006006638250731785,-0.02550102333309034,random,0.0001
2500,3400,0.007913561583916368,-0.028503730822824494,random,0.0001
2600,3500,0.009264200473687664,-0.02818448989224083,random,0.0001
2700,3600,0.01177418992505031,-0.02876968717592579,random,0.0001
2800,3700,0.008263409497546151,-0.02288730276434678,random,0.0001
2900,3800,0.00965545384817898,-0.01884864321466975,random,0.0001
3000,3900,0.005208500510952884,-0.014807008110753134,random,0.0001
3100,4000,0.0009807305151110616,-0.008829108521512532,random,0.0001
2100,3000,0.012666322329292688,-0.0171249784162813,random,0.001
2200,3100,0.010072202466856578,-0.011758695221102317,random,0.001
2300,3200,-0.0006451366023478537,-0.0015434215369308812,random,0.001
2400,3300,-0.00033752528177435226,-0.00082247969650979,random,0.001
2500,3400,-0.004005238639842895,0.00016115091626242592,random,0.001
2600,3500,-0.006824369425319561,0.0061884849647987255,random,0.001
2700,3600,-0.0040013052377343645,0.008314336794307984,random,0.001
2800,3700,0.003688260087457111,0.004187596282382067,random,0.001
2900,3800,0.00410660861694469,0.00174823465544294,random,0.001
3000,3900,0.010077448511423125,-0.0005509904299164665,random,0.001
3100,4000,0.001042516744655542,0.004753870647558798,random,0.001
2100,3000,0.007965372729658245,-0.04045771808291525,imagenet,0.0001
2200,3100,0.005930937336633939,-0.03647108405712852,imagenet,0.0001
2300,3200,0.003220330230403442,-0.03233524628864003,imagenet,0.0001
2400,3300,0.00036191540839991006,-0.02276072544510081,imagenet,0.0001
2500,3400,0.0025233611207022737,-0.022574781435608714,imagenet,0.0001
2600,3500,-0.0003689340038844982,-0.0169788767056631,imagenet,0.0001
2700,3600,-0.005381950728928841,-0.011098203965174365,imagenet,0.0001
2800,3700,-0.003974910365819563,-0.010085686495984804,imagenet,0.0001
2900,3800,-0.005277352422026386,-0.005569201083481715,imagenet,0.0001
3000,3900,-0.002722363869971006,-0.005553340887178438,imagenet,0.0001
3100,4000,-0.0005369390405904628,-0.007042379662139914,imagenet,0.0001
2100,3000,-0.01323730541367718,0.009498392940629992,imagenet,0.001
2200,3100,-0.01064153667179736,0.010381038923039562,imagenet,0.001
2300,3200,-0.0068780174234708644,0.013240573337346346,imagenet,0.001
2400,3300,-0.0004290600066220286,0.007441337377104806,imagenet,0.001
2500,3400,0.001395874555759193,0.011114837157847465,imagenet,0.001
2600,3500,0.004424537904153604,0.01364858410537674,imagenet,0.001
2700,3600,0.009418985722393414,0.011115873464313504,imagenet,0.001
2800,3700,0.012017553554107517,0.011236074086541556,imagenet,0.001
2900,3800,-0.004124459777730905,0.016578002575122028,imagenet,0.001
3000,3900,-0.006421354810283358,0.01467044611978147,imagenet,0.001
3100,4000,-0.004091551088589073,0.008222064616808378,imagenet,0.001
