step,examples_processed,data_passages,learning_rate,train_loss,train_bce,train_soft_dice_loss,validation_loss,validation_bce,validation_soft_dice_loss,validation_mean_iou,validation_mean_dice,elapsed_seconds,subset_seed,initialization
0,0,0.0,0.001,,,,0.6862850733694321,0.6750598459095278,0.6975102927858029,0.0034602076124567,0.0034602076124567,7.092693625018001,17,random
100,400,4.0,0.001,0.4412150067090988,0.3325008291006088,0.549929181933403,0.3366346190132484,0.257607499105295,0.4156617381993462,0.6788701281219491,0.7956595352918356,46.039914458058774,17,random
200,800,8.0,0.001,0.316910869628191,0.2366910253465175,0.3971307153999805,0.2622504754049968,0.213164065432796,0.3113368852740753,0.7187880693484918,0.8276829526531433,84.44841304095462,17,random
300,1200,12.0,0.001,0.2594342789053916,0.2074131716787815,0.3114553855359554,0.1961204207479747,0.1825937027543474,0.2096471374010132,0.7408505428872323,0.8440384650661735,122.76164420810528,17,random
400,1600,16.0,0.001,0.2323958726227283,0.1962717837840318,0.2685199622809887,0.1973942311989807,0.1909047831816656,0.2038836782366346,0.7322404053428091,0.8369546829578624,161.37561516603455,17,random
500,2000,20.0,0.001,0.2136848762631416,0.1857137620449066,0.2416559927165508,0.1822814230894135,0.1688956174367852,0.1956672280717473,0.7584076763799175,0.8562265547746939,200.19542670808733,17,random
600,2400,24.0,0.001,0.2000934498757124,0.1771799933165311,0.2230069060623646,0.1759740715414595,0.1628307308292718,0.1891174122536471,0.7711123212589546,0.864191458588044,238.83601162489504,17,random
700,2800,28.0,0.001,0.2009630797803402,0.1833042878657579,0.2186218723654747,0.1621784863793726,0.1488836322585604,0.175473341067357,0.7770475691291747,0.8695982346023932,277.5583409580868,17,random
800,3200,32.0,0.001,0.1803325213491916,0.1634226995334029,0.1972423456609249,0.1690676718640905,0.1629265396240261,0.1752088045166438,0.7681767581279615,0.8619862048562501,316.48793112509884,17,random
900,3600,36.0,0.001,0.1834867817908525,0.1652881577610969,0.2016854055225849,0.1492667244586152,0.1477501707402892,0.1507832781253801,0.7892499188298402,0.877092548178288,354.77252150001004,17,random
1000,4000,40.0,0.001,0.1684636637568473,0.1551023966819048,0.1818249298632145,0.1647860342862284,0.1543138803701499,0.1752581864492291,0.774427992446811,0.86699907748451,393.56364095793106,17,random
1100,4400,44.0,0.001,0.1617768450081348,0.1499088072776794,0.1736448813974857,0.1487073487888983,0.1584901895799438,0.1389245075338027,0.7970673572270843,0.8822782815221181,431.3938613750506,17,random
1200,4800,48.0,0.001,0.1594747181981802,0.1471350384503603,0.1718143972754478,0.1743101168256317,0.1749222742644973,0.1736979593867661,0.7569655651965835,0.851668893968711,469.3435873331037,17,random
1300,5200,52.0,0.001,0.1538480239361524,0.1437133263796567,0.163982722312212,0.137868753044663,0.1438221474626072,0.1319153579048632,0.806880232941919,0.887939432732988,507.03200925001875,17,random
1400,5600,56.0,0.001,0.1564719853550195,0.1481262586638331,0.1648177105188369,0.1458023182764185,0.154790655500336,0.1368139813103065,0.7953849996782042,0.8799209209006301,544.819211582886,17,random
1500,6000,60.0,0.001,0.1425658496469259,0.1314273671805858,0.1537043313682079,0.1433012967084931,0.1502736911538563,0.1363289013865909,0.8010837513208424,0.8839515400563318,582.110959332902,17,random
1600,6400,64.0,0.001,0.1376269196718931,0.129791397973895,0.1454624418914318,0.1461159763245434,0.1541420975152184,0.1380898544120128,0.8001100689621466,0.8837903933441501,619.4626233330928,17,random
1700,6800,68.0,0.001,0.1373624345660209,0.1268184608593583,0.1479064080119133,0.1404852105568849,0.140038228261842,0.1409321922331945,0.8022949290568975,0.8849537240544437,657.0623413329013,17,random
1800,7200,72.0,0.001,0.1240814125537872,0.117218176536262,0.1309446483850479,0.1301529072869607,0.1362701305881091,0.1240356838826902,0.8168902480729165,0.8944464846871854,694.5136333750561,17,random
1900,7600,76.0,0.001,0.1237471938133239,0.1143061421439051,0.1331882447004318,0.1448412641212602,0.1521735098535214,0.1375090184921212,0.7965675586181546,0.8820094300132195,732.0608995000366,17,random
2000,8000,80.0,0.001,0.1204732888191938,0.1140649715811014,0.1268816049396991,0.1348935584811603,0.1516244245441727,0.1181626922119035,0.816558139490984,0.8942389400872063,769.3589987079613,17,random
2100,8400,84.0,0.0001,0.1024651227146387,0.095562794804573,0.1093674506247043,0.1306596600473133,0.1422164480372696,0.1191028719542348,0.8204757289990616,0.8967790678960431,806.9987544580363,17,random
2200,8800,88.0,0.0001,0.1007007715478539,0.0956790318340063,0.1057225109636783,0.1261455018627602,0.1350632893069805,0.1172277143669788,0.8240067053478097,0.8989626201171578,844.8969384159427,17,random
2300,9200,92.0,0.0001,0.0964246593043208,0.0913568400219082,0.1014924782514572,0.1279162601616143,0.1382862608428645,0.1175462589131919,0.8231392632531133,0.8984974313381113,882.8306867079809,17,random
2400,9600,96.0,0.0001,0.0951547745615244,0.0903942157700657,0.0999153333902359,0.1282054278161699,0.1383025695192772,0.1181082849271569,0.8220858917903606,0.8977378916836506,920.5429084999488,17,random
2500,10000,100.0,0.0001,0.0932013564184308,0.0872545016556978,0.0991482102870941,0.1271012728086392,0.1381740707736526,0.1160284757201646,0.8242185485582848,0.8992935705205808,958.067917374894,17,random
2600,10400,104.0,0.0001,0.0921077356860041,0.0875069455429911,0.0967085260152816,0.1274397111784628,0.1399887492396839,0.1148906744062694,0.8245297284826818,0.8993474714593059,996.025733208051,17,random
2700,10800,108.0,0.0001,0.090987385995686,0.0872630187124013,0.0947117532789707,0.1261746230113052,0.1389125667022586,0.1134366809703074,0.8256627609858924,0.9001565742367015,1033.9167825409677,17,random
2800,11200,112.0,0.0001,0.0932343424856662,0.0886525349318981,0.0978161495923995,0.1270724327712735,0.1413201540708542,0.1128247118326206,0.8259150030240144,0.9004685148536399,1071.701403915882,17,random
2900,11600,116.0,0.0001,0.0916126056015491,0.0866110094264149,0.0966142010688781,0.1267284676690415,0.1391659805931434,0.1142909537137173,0.825096999794066,0.8999133533543889,1109.2078273328952,17,random
3000,12000,120.0,0.0001,0.0861153124645352,0.0825715900585055,0.0896590349078178,0.1263052342156637,0.1396747604270294,0.1129357074371258,0.826313540666637,0.900603202387622,1146.6446157500611,17,random
3100,12400,124.0,0.0001,0.0857506835833191,0.0819798571243882,0.0895215100049972,0.1260273717988321,0.1401918552119839,0.1118628910668581,0.8276418939245471,0.9012490988813674,1184.7970605830196,17,random
3200,12800,128.0,0.0001,0.0859553864225745,0.0820280427113175,0.0898827303946018,0.1262250015170516,0.1395139713807089,0.112936032890861,0.8271252092170717,0.9010222590975682,1222.7140570410993,17,random
3300,13200,132.0,0.0001,0.0842778275161981,0.0811682587489485,0.0873873963952064,0.1265966687544819,0.1398856523849559,0.1133076839381023,0.8269138658448104,0.9007402319710264,1260.7420352909248,17,random
3400,13600,136.0,0.0001,0.0851514517515897,0.0807947554066777,0.0895081484317779,0.1284062994392685,0.1461406648159027,0.1106719339595121,0.8254024319381273,0.8999591021473856,1298.3426396250725,17,random
3500,14000,140.0,0.0001,0.0832922051101923,0.079760942980647,0.0868234677612781,0.1296244865367156,0.1473652100171185,0.1118837646547073,0.8245012493223598,0.8994324330877518,1336.0510145830922,17,random
3600,14400,144.0,0.0001,0.0814172774925828,0.0772475489974021,0.0855870063602924,0.1273178611865918,0.1430746984626182,0.1115610224152931,0.8267557754374224,0.9006626543383885,1373.5749476659112,17,random
3700,14800,148.0,0.0001,0.0813595200702548,0.0788162931799888,0.0839027473330497,0.1246258893330616,0.1395053748028501,0.1097464027289288,0.8292477612029248,0.9021627352964212,1411.311985624954,17,random
3800,15200,152.0,0.0001,0.0804322065040469,0.0772838222049176,0.0835805903375148,0.1267829272883161,0.1426464382133682,0.1109194157445307,0.8278085256298375,0.9012555726832244,1449.330916875042,17,random
3900,15600,156.0,0.0001,0.0793154807761311,0.0758160939440131,0.0828148676455021,0.1261726784871111,0.1441295368654917,0.1082158191806304,0.8298367116447535,0.9027185670362922,1487.4207341659348,17,random
4000,16000,160.0,0.0001,0.0778127764910459,0.075440763272345,0.0801847895979881,0.1242121610158867,0.1398221517826034,0.1086021698882423,0.8303437647284041,0.9030269423546976,1525.5318824579008,17,random
0,0,0.0,0.001,,,,0.6805803738663353,0.661634955439188,0.6995257856936603,0.0034602076124567,0.0034602076124567,6.297537208069116,17,imagenet
100,400,4.0,0.001,0.3982489657402038,0.2877024900913238,0.5087954398989677,0.2928191390417026,0.2153043760354131,0.3703339005011588,0.7999939184030994,0.8841921683751295,44.238861167104915,17,imagenet
200,800,8.0,0.001,0.2445070473849773,0.1674398224055767,0.3215742751955986,0.187717545300619,0.1423325049835918,0.233102584586424,0.8348562660095332,0.9058351356692036,82.29647225001827,17,imagenet
300,1200,12.0,0.001,0.1724653995782137,0.1278598440438509,0.217070954144001,0.1504314117984375,0.125883975759097,0.1749788458784558,0.8409368143114746,0.909721235039396,120.4622167078778,17,imagenet
400,1600,16.0,0.001,0.1437023158371448,0.1172441689670086,0.1701604618132114,0.1321911350872277,0.1209669143580235,0.1434153561773597,0.8311643392785374,0.9032644018864237,158.376442583045,17,imagenet
500,2000,20.0,0.001,0.1123251254856586,0.0940803588554263,0.1305698922276497,0.1094143606696574,0.1027057202835809,0.1161230010557339,0.8551867894019531,0.91820031803134,196.19333283300512,17,imagenet
600,2400,24.0,0.001,0.0906786829605698,0.0796116731315851,0.1017456929385662,0.1133581111175378,0.1152514257954891,0.1114647972130033,0.8527404668046606,0.9167892625096008,234.28524320805445,17,imagenet
700,2800,28.0,0.001,0.0788343764469027,0.0704791986197233,0.0871895542740821,0.1072543592910865,0.1150143942618452,0.0994943250421834,0.8566276009280042,0.9194158557713904,272.2349551669322,17,imagenet
800,3200,32.0,0.001,0.07701763946563,0.0719194411486387,0.0821158385276794,0.1185198200924586,0.1302037091094317,0.106835932261391,0.842740744371592,0.9101189104550864,309.7206738330424,17,imagenet
900,3600,36.0,0.001,0.0824784084782004,0.0761512907594442,0.0888055254518985,0.1363983188327208,0.1569095703557288,0.115887064628535,0.819653047731115,0.896872412008097,347.1514240419492,17,imagenet
1000,4000,40.0,0.001,0.0689539904147386,0.0642011059634387,0.0737068751454353,0.1133220895454545,0.1295808946591347,0.0970632846380187,0.8492841105058174,0.914624371736099,384.8807435419876,17,imagenet
1100,4400,44.0,0.001,0.0533784884400665,0.0492051242105662,0.0575518529117107,0.1139565502586661,0.1351665827126651,0.0927465164125171,0.8529081792780872,0.916663672929846,422.4232733328827,17,imagenet
1200,4800,48.0,0.001,0.0511186001449823,0.0476524364389479,0.0545847637951374,0.1055491716185243,0.1208507277355062,0.0902476151921757,0.8591136478931584,0.9205802035128372,460.02289366698824,17,imagenet
1300,5200,52.0,0.001,0.0455522186867892,0.0423864651285111,0.0487179723381996,0.1112370833393611,0.1319975248154472,0.0904766413992251,0.8555862062166886,0.9183097798248682,497.9333618748933,17,imagenet
1400,5600,56.0,0.001,0.0488103609159588,0.0464735309593379,0.0511471907794475,0.1236946854521246,0.1523978431744559,0.0949915278329156,0.8478735853114617,0.9125938974083267,535.5000874579418,17,imagenet
1500,6000,60.0,0.001,0.0479538701474666,0.0458999046590179,0.0500078356266021,0.1186104861304009,0.1438240922446069,0.0933968806349282,0.8503032328269585,0.9151036029775832,573.097625042079,17,imagenet
1600,6400,64.0,0.001,0.0553709849342703,0.0541210017725825,0.0566209682822227,0.1102698766030242,0.1228962319687163,0.0976435199740848,0.847911360527852,0.9136157883601734,610.6583294169977,17,imagenet
1700,6800,68.0,0.001,0.0593974137306213,0.056154433004558,0.0626403947174549,0.1208994785085268,0.1461579738036571,0.0956409837547883,0.8427947669254232,0.9107731567930648,648.8503446669783,17,imagenet
1800,7200,72.0,0.001,0.0523956450074911,0.0503326984681189,0.0544585913419723,0.1091808905651,0.1295072514705592,0.0888545311033519,0.8554682803863681,0.9182369994096682,686.6639455419499,17,imagenet
1900,7600,76.0,0.001,0.0457771605066955,0.0434932492859661,0.0480610717833042,0.1025327460576093,0.1204559219337252,0.0846095703877379,0.8637365456953624,0.9234134456686736,724.580536250025,17,imagenet
2000,8000,80.0,0.001,0.039695134088397,0.0373723958060145,0.042017872184515,0.104328960850577,0.1261242504093061,0.0825336701317229,0.8649020033963936,0.9238594326175156,762.6381510829087,17,imagenet
2100,8400,84.0,0.0001,0.0366393846273422,0.0345141725800931,0.0387645967304706,0.1063411704499828,0.130209940450208,0.0824724000630494,0.8638639894811463,0.9232520844583008,800.4977463330142,17,imagenet
2200,8800,88.0,0.0001,0.0359567318111658,0.0338086093962192,0.0381048543751239,0.1064372830170248,0.1306460612682322,0.0822285044564507,0.8642698450056585,0.9234772076139732,838.2003577079158,17,imagenet
2300,9200,92.0,0.0001,0.035485301874578,0.0330810878798365,0.0378895159065723,0.10360048855671,0.1260474272665268,0.0811535485063044,0.8667469828095458,0.9249867197830388,875.8993560420349,17,imagenet
2400,9600,96.0,0.0001,0.0349873002804815,0.0332591506280005,0.0367154496908187,0.1057629872977114,0.1295778289643538,0.0819481460693385,0.8654459500442532,0.9242326296257536,913.7063358749728,17,imagenet
2500,10000,100.0,0.0001,0.0340278546884655,0.0320160119608044,0.0360396975278854,0.1054960623331961,0.1295115831195276,0.0814805408250089,0.8661190802242206,0.924606935215576,951.0259313751012,17,imagenet
2600,10400,104.0,0.0001,0.0339872515946626,0.0320917601604014,0.0358827427029609,0.1049001029205982,0.12916671123781,0.0806334938557502,0.8668965604223319,0.9250608339837696,988.2816026250366,17,imagenet
2700,10800,108.0,0.0001,0.0342114937491715,0.0327990124747157,0.035623975098133,0.1066291227060205,0.1311824579810188,0.0820757870443139,0.8646913207712809,0.923748409194527,1025.81799533288,17,imagenet
2800,11200,112.0,0.0001,0.0333502522483468,0.0313539104536175,0.0353465938568115,0.107053561761305,0.1319925676270752,0.0821145566689514,0.8648790432279105,0.9238479818951548,1063.225381083088,17,imagenet
2900,11600,116.0,0.0001,0.0338042932190001,0.0313713219203054,0.0362372644245624,0.1083873445909328,0.1348654328745541,0.0819092557917004,0.8642285614287494,0.923563580578514,1100.9737579999492,17,imagenet
3000,12000,120.0,0.0001,0.0326950841769576,0.0309099843353033,0.0344801840186119,0.1064194638320731,0.1327625061401446,0.0800764220396127,0.8667842528242314,0.9250798459075787,1138.6945382079575,17,imagenet
3100,12400,124.0,0.0001,0.0322378354147076,0.0305203847773373,0.0339552861452102,0.1075477225248376,0.1342880601598317,0.0808073863851157,0.8656556657300094,0.924406948867684,1176.26758191688,17,imagenet
3200,12800,128.0,0.0001,0.0318733076006174,0.0299768576398491,0.0337697573006153,0.1075601598383233,0.1348217577257783,0.0802985619508683,0.8667224174433513,0.925071735537986,1214.1417827080004,17,imagenet
3300,13200,132.0,0.0001,0.0322734143212437,0.0304822226054966,0.0340646056830883,0.1083164717293115,0.1349821856896357,0.081650758078354,0.8650979867353727,0.9240634116494928,1252.1184517079964,17,imagenet
3400,13600,136.0,0.0001,0.0315593184158205,0.029722880590707,0.0333957560360431,0.1072156649972328,0.1342415691040791,0.0801897609935087,0.8664790772976814,0.9248678505817168,1289.9033876669127,17,imagenet
3500,14000,140.0,0.0001,0.0315318772569298,0.0296763267088681,0.0333874279260635,0.1093212712594794,0.1373712602989896,0.0812712823230915,0.8647789854300436,0.9238759755505556,1328.0561453329865,17,imagenet
3600,14400,144.0,0.0001,0.0314229210093617,0.0296217316016554,0.0332241101562976,0.1075123760939469,0.1344553412141272,0.0805694089628833,0.8666166893331267,0.9249314940896874,1365.5110533749685,17,imagenet
3700,14800,148.0,0.0001,0.0312508172728121,0.0293733328022062,0.0331283016502857,0.1056283920693975,0.1316860937690652,0.0795706900345825,0.8683295130628582,0.9258743135272024,1403.1394014169928,17,imagenet
3800,15200,152.0,0.0001,0.0308043155074119,0.029000817509368,0.0326078134775161,0.1076601026998671,0.1346577140905452,0.0806624918248001,0.866599019294527,0.9248592243176336,1440.7788443749305,17,imagenet
3900,15600,156.0,0.0001,0.0306001649424433,0.028760091047734,0.0324402390420436,0.1072488017766945,0.1350061716608522,0.079491431944098,0.8676274941869387,0.925485629193918,1478.217370166909,17,imagenet
4000,16000,160.0,0.0001,0.0303027506545186,0.0286481890734285,0.0319573122262954,0.1092600838948286,0.1384082826879197,0.080111883503343,0.8660033387282744,0.924589273824965,1515.1703284170944,17,imagenet
0,0,0.0,0.001,,,,0.6862850733694321,0.6750598459095278,0.6975102927858029,0.0034602076124567,0.0034602076124567,7.175091082928702,29,random
100,400,4.0,0.001,0.4360119441151619,0.3250578936934471,0.5469659912586212,0.3141124611494862,0.2423633368473152,0.3858615836470185,0.706204555476199,0.8188970586423009,45.317412375006825,29,random
200,800,8.0,0.001,0.304799798130989,0.2258265742659568,0.3837730213999748,0.2356335592929879,0.1920472785675814,0.2792198406371278,0.7337813033409406,0.8386024725004413,82.20810704189353,29,random
300,1200,12.0,0.001,0.2588972339034081,0.208650077059865,0.3091443888843059,0.2274954481933356,0.2000849101576425,0.2549059857134175,0.7211805961762923,0.8292186348158863,119.09397833282128,29,random
400,1600,16.0,0.001,0.2293769335746765,0.1944243315607309,0.2643295359611511,0.1957019012692065,0.1758523997963506,0.2155514048045069,0.7435421713227081,0.845721898367969,155.7785580828786,29,random
500,2000,20.0,0.001,0.2106613177061081,0.1817183552682399,0.2396042767167091,0.1807106632262365,0.158274857746276,0.2031464677780969,0.7627080732517504,0.8588716652340649,193.3941208748147,29,random
600,2400,24.0,0.001,0.1898693136125803,0.1688254407048225,0.2109131862223148,0.1762653765587658,0.1767606167541655,0.1757701344556049,0.760993297040119,0.8573430763949125,231.1698573748581,29,random
700,2800,28.0,0.001,0.1909132067114115,0.1741868989169597,0.2076395137608051,0.1655145119940121,0.1514500987983492,0.1795789246740638,0.7766417535019503,0.8686862939968855,268.89563491684385,29,random
800,3200,32.0,0.001,0.1786787132173776,0.1630183940380811,0.1943390323221683,0.1747791611405804,0.1716366480378543,0.1779216750682844,0.7617263379294303,0.8573270651095235,306.9670667499304,29,random
900,3600,36.0,0.001,0.1681134136766195,0.1533393870294094,0.1828874389827251,0.1646454908649814,0.1629370587094845,0.166353922401745,0.772432744182598,0.8647058404699208,345.02677583298646,29,random
1000,4000,40.0,0.001,0.155619720518589,0.1447533535212278,0.1664860887825489,0.1497635963053852,0.1601786983673135,0.1393484939340901,0.7944234226597952,0.8792762031518124,383.44392874999903,29,random
1100,4400,44.0,0.001,0.1487832856178283,0.1385157826170325,0.1590507891774177,0.1570562105174708,0.1659814593185603,0.1481309601179868,0.7868545081642095,0.8748135660435765,421.72110304189846,29,random
1200,4800,48.0,0.001,0.1466349510103464,0.1355028199031949,0.1577670836448669,0.1469610352004688,0.1421068983610113,0.1518151706477762,0.7985886216231873,0.8826553973549061,459.5475169168785,29,random
1300,5200,52.0,0.001,0.1402312108129263,0.1324392691254615,0.1480231533944606,0.157325203443481,0.1642890930382025,0.1503613118894372,0.7856850527989646,0.8726802699720191,498.1304591668304,29,random
1400,5600,56.0,0.001,0.1351333831995725,0.1278608064725995,0.142405958622694,0.1440699239709385,0.163180784886271,0.1249590619212615,0.804648006950871,0.8867678906949593,536.0141096669249,29,random
1500,6000,60.0,0.001,0.1256066915392875,0.1185919829085469,0.1326214002072811,0.1423013072628463,0.1533003334458724,0.1313022806157703,0.8045634987108695,0.8863824945490169,574.0777224169578,29,random
1600,6400,64.0,0.001,0.1112754229456186,0.1058484127372503,0.1167024326324462,0.1311222265335928,0.139720162357426,0.1225242911738095,0.8146632719295777,0.8930756612774509,611.841608125018,29,random
1700,6800,68.0,0.001,0.1178379549458623,0.1118986852094531,0.1237772251665592,0.1615083771387186,0.1649024690208138,0.1581142839675956,0.7764196932016467,0.8665462227997149,650.0471499578562,29,random
1800,7200,72.0,0.001,0.1076853068172931,0.1036162010207772,0.1117544123530387,0.1459532362573287,0.159535149956657,0.1323713198252615,0.7987409801706044,0.8810098346587923,687.7802229169756,29,random
1900,7600,76.0,0.001,0.1051722547411918,0.1012848561629653,0.1090596531331539,0.1340169124949762,0.1414064280302054,0.1266273975784803,0.8086048526111401,0.8892286863846262,725.0850884998217,29,random
2000,8000,80.0,0.001,0.1075666465982794,0.1045131414383649,0.1106201514601707,0.1403995954454151,0.1573149556210296,0.1234842351151172,0.8110020838944627,0.8907711929727941,762.8592056669295,29,random
2100,8400,84.0,0.0001,0.0965399078652262,0.090283878147602,0.1027959382534027,0.1279339791891071,0.1369038726941112,0.1189640855294198,0.8214505009416618,0.8971428379820655,800.8032117078546,29,random
2200,8800,88.0,0.0001,0.091649449057877,0.0865098508447408,0.0967890472710132,0.1263211228752631,0.1358647350621471,0.1167775107915013,0.822923955312741,0.8982115126664934,838.3138229998294,29,random
2300,9200,92.0,0.0001,0.0854751877486705,0.0825340171344578,0.088416358679533,0.1275405122231447,0.139197746311092,0.1158832790117362,0.8222628674866107,0.8976485444902117,876.7706597498618,29,random
2400,9600,96.0,0.0001,0.0808537818491458,0.0772375298477709,0.0844700334966182,0.1279488934983844,0.1407236264548087,0.1151741615216212,0.8217684427610641,0.8974785471852657,914.9545175419188,29,random
2500,10000,100.0,0.0001,0.0820213334262371,0.0787901089712977,0.0852525569498539,0.1268171172550392,0.1403178146244333,0.1133164196278397,0.8243309357196918,0.8991860517458925,952.9678914579564,29,random
2600,10400,104.0,0.0001,0.0769239781051874,0.0737705373391509,0.0800774186849594,0.1261845911662883,0.1398306040409114,0.1125385769510764,0.8251189948689214,0.8998053345717625,990.6467707918492,29,random
2700,10800,108.0,0.0001,0.0787034002318978,0.0746736836060881,0.0827331162989139,0.1245950273267125,0.1375205218791961,0.1116695325679845,0.8265665090918916,0.900614773839681,1027.8827655420173,29,random
2800,11200,112.0,0.0001,0.077426091581583,0.0744373815506696,0.0804148015379905,0.1252041156419833,0.1393926161177018,0.1110156147537759,0.8263773459907459,0.9006867007059487,1065.0038995000068,29,random
2900,11600,116.0,0.0001,0.0763367476686835,0.0726906014978885,0.0799828942120075,0.124912839344216,0.1389682848767013,0.1108573930898752,0.8275137300889498,0.9015692392348872,1101.918328707805,29,random
3000,12000,120.0,0.0001,0.0739271878451108,0.0703951321542263,0.0774592438340187,0.123839163347099,0.1382709496677128,0.1094073770780464,0.8292633892505041,0.9025610907204996,1139.9962829169815,29,random
3100,12400,124.0,0.0001,0.073914476968348,0.0709231535904109,0.0769058009982109,0.127640399759616,0.1439886910383264,0.1112921083262222,0.8254853902141784,0.9001753639872995,1178.510135874851,29,random
3200,12800,128.0,0.0001,0.0707253110408783,0.0684456497058272,0.0730049720406532,0.1254796801863244,0.1416865477409329,0.1092728116520548,0.8278446431846836,0.9015661246420568,1216.2398463748395,29,random
3300,13200,132.0,0.0001,0.0718802819401025,0.0691461576148867,0.0746144062280654,0.1261296225872832,0.143109103954787,0.109150141580707,0.8277651533484747,0.9013254019733704,1253.86921716691,29,random
3400,13600,136.0,0.0001,0.0693852366134524,0.0666345158964395,0.0721359573304653,0.1272554142871117,0.1452837156898835,0.1092271122140455,0.8266674681662372,0.900693480350398,1291.97012574994,29,random
3500,14000,140.0,0.0001,0.0710938637331128,0.067773242779076,0.0744144847989082,0.1250056682676592,0.1403149273568783,0.1096964080440956,0.8278158149602096,0.9015609259268512,1329.5825608749874,29,random
3600,14400,144.0,0.0001,0.0714295516908168,0.0683141354843974,0.074544968008995,0.1238690497140983,0.1403626349970543,0.1073754650498756,0.8307395240957945,0.903410862250144,1367.495802792022,29,random
3700,14800,148.0,0.0001,0.0696246726810932,0.066861752141267,0.0723875932395458,0.1256020512547872,0.1424159054422048,0.1087881978407863,0.8278372558841638,0.9015213982337128,1405.894718957832,29,random
3800,15200,152.0,0.0001,0.0679490334913134,0.0658300560899078,0.0700680105388164,0.1280999311526341,0.1470246702741999,0.1091751901748683,0.8264534500576717,0.9006495723277169,1444.1960744578391,29,random
3900,15600,156.0,0.0001,0.0672781258448958,0.064825237058103,0.0697310146689415,0.1249676405042925,0.1426645928806912,0.107270687715405,0.8299442677980851,0.90286584298066,1482.5514146669302,29,random
4000,16000,160.0,0.0001,0.0669680002704262,0.0642466003447771,0.0696894001960754,0.1280290015222292,0.1467862328752927,0.1092717705300935,0.8265082591078139,0.9006730273751937,1520.91672116681,29,random
0,0,0.0,0.001,,,,0.6805803738663353,0.661634955439188,0.6995257856936603,0.0034602076124567,0.0034602076124567,6.578223500167951,29,imagenet
100,400,4.0,0.001,0.3961971274018288,0.2843107989430427,0.5080834564566612,0.2632754467762878,0.2103288539759428,0.3162220400922438,0.7569058671728213,0.856796992031525,44.03083666716702,29,imagenet
200,800,8.0,0.001,0.2422475370764732,0.1653824719041585,0.3191126000881195,0.2119899747899659,0.1609527740408392,0.2630271744563093,0.80731416193073,0.8879315151822638,82.52400012500584,29,imagenet
300,1200,12.0,0.001,0.169065591096878,0.1247254718840122,0.2134057110548019,0.158854563034117,0.1522017052738724,0.1655074215677782,0.7888655194946188,0.8763758624407658,120.65789645910264,29,imagenet
400,1600,16.0,0.001,0.1272969528287649,0.1005713694170117,0.1540225361287593,0.1374805876437355,0.1420513415212862,0.1329098337661848,0.8211131896186464,0.8977446895820651,158.37962987506762,29,imagenet
500,2000,20.0,0.001,0.1049336091428995,0.0892219739034771,0.1206452442705631,0.1300038619540554,0.1471486155549547,0.1128591107249672,0.8272321409406035,0.9006669390777174,196.2623005420901,29,imagenet
600,2400,24.0,0.001,0.0974692239239811,0.0845645815879106,0.1103738668560981,0.1174457806410674,0.1305221526989887,0.1043694093565627,0.8436672248471618,0.9105852555812104,234.23979600006712,29,imagenet
700,2800,28.0,0.001,0.0836272574961185,0.0757065453007817,0.0915479695796966,0.127175378964434,0.1410055701398519,0.1133451901092661,0.8363345652126997,0.9060563475921132,272.08955816715024,29,imagenet
800,3200,32.0,0.001,0.0685123292356729,0.061184572186321,0.0758400863409042,0.1181689580728438,0.1307718967277698,0.10556602044914,0.8455975531981864,0.911785930020238,309.9392492091283,29,imagenet
900,3600,36.0,0.001,0.0594663700461387,0.0537711653299629,0.0651615750789642,0.1129609023617213,0.1290251290406323,0.0968966766624714,0.8561375652722785,0.9175652655183422,347.8940987500828,29,imagenet
1000,4000,40.0,0.001,0.0533446698077023,0.0492317429557442,0.0574575966596603,0.1192394292890819,0.140851424794296,0.0976274339385511,0.8488020420241257,0.9133471250942236,385.8589737091679,29,imagenet
1100,4400,44.0,0.001,0.0496290139667689,0.0455299156717956,0.0537281121313571,0.1169194910146785,0.1401644409424706,0.0936745423759143,0.8520236061773071,0.9160964410866376,423.3834990840405,29,imagenet
1200,4800,48.0,0.001,0.0452482485957443,0.041843429710716,0.0486530674993991,0.1095216567644198,0.1298796539178769,0.0891636599718905,0.8561562877304171,0.9191113243711018,461.7659465840552,29,imagenet
1300,5200,52.0,0.001,0.0539495384506881,0.0514951036870479,0.0564039732515811,0.1231951573315788,0.1526951749122679,0.0936951410399176,0.8514996881518094,0.914356471451912,500.1993945001159,29,imagenet
1400,5600,56.0,0.001,0.0473898311331868,0.0451550701446831,0.0496245920658111,0.1211337746220889,0.152368176174205,0.0898993708270643,0.8527578564024971,0.916136068718448,538.5085880840197,29,imagenet
1500,6000,60.0,0.001,0.0454306022264063,0.0428797706030309,0.0479814335703849,0.1109196691673932,0.1328596616080063,0.0889796767267801,0.8585336908288701,0.9196057093408464,576.2068067500368,29,imagenet
1600,6400,64.0,0.001,0.0398061069659888,0.0369455151073634,0.0426666989922523,0.114450348238219,0.1417781572440916,0.0871225387167353,0.8584821653407324,0.9193838864079792,614.2295855840202,29,imagenet
1700,6800,68.0,0.001,0.0380854702368378,0.0362404289655387,0.0399305112659931,0.1163941504221061,0.1446678830265586,0.0881204186426314,0.8565615628366374,0.9180498351544878,651.9662481669802,29,imagenet
1800,7200,72.0,0.001,0.0404013913311064,0.0384427443519234,0.0423600383102893,0.1130543964492821,0.1343927216622656,0.0917160713136402,0.8530094074762354,0.9161313844119406,689.412483750144,29,imagenet
1900,7600,76.0,0.001,0.0385231249220669,0.0364075136184692,0.0406387361884117,0.1207796427514726,0.1492964735441554,0.0922628121392537,0.8499311004890362,0.9137656827121932,726.9642575841863,29,imagenet
2000,8000,80.0,0.001,0.0403540376573801,0.0383451934345066,0.04236288189888,0.1287645317588298,0.1647245169304646,0.0928045459684616,0.8482780452732814,0.9126834887081936,764.7458232920617,29,imagenet
2100,8400,84.0,0.0001,0.0377338620275259,0.0361113627068698,0.0393563610315322,0.1171397691057627,0.1461508101864257,0.0881287265813886,0.8563118713291574,0.9175816726722564,802.2028134590946,29,imagenet
2200,8800,88.0,0.0001,0.0347108720429241,0.0326357868500053,0.0367859573662281,0.1163675268422361,0.145557007317312,0.0871780461093546,0.8577640202570961,0.9184798668135534,840.5675574589986,29,imagenet
2300,9200,92.0,0.0001,0.0325287979468703,0.0305609576124697,0.0344966381788253,0.119249596469955,0.1513086733211695,0.0871905205984016,0.856935990428919,0.9180252102885303,878.4825249169953,29,imagenet
2400,9600,96.0,0.0001,0.0324634990468621,0.0306024323962628,0.0343245655298233,0.1177757201928993,0.1486045471988747,0.0869468926970934,0.8576566516682401,0.9184337168037676,916.2554032499902,29,imagenet
2500,10000,100.0,0.0001,0.0314394902810454,0.0296217988058924,0.0332571816444397,0.1188655885961229,0.1516116883051436,0.086119489067566,0.8584713518415703,0.9189364775296496,953.9049306251108,29,imagenet
2600,10400,104.0,0.0001,0.0312660398148,0.0293991073034703,0.0331329722702503,0.1200899420673459,0.1531272749690448,0.0870526092687692,0.8573960859943192,0.9182757635640956,991.2621854171156,29,imagenet
2700,10800,108.0,0.0001,0.0306346875987947,0.0287646062020212,0.0325047689676284,0.1183213106901175,0.1502806168423392,0.0863620044863347,0.8580090139029269,0.918843871312513,1028.6859090421349,29,imagenet
2800,11200,112.0,0.0001,0.0308273427002131,0.0290231749415397,0.0326315106451511,0.1187169395619197,0.1512938374879038,0.0861400415328134,0.8581690768505288,0.918934748657718,1066.1096357090864,29,imagenet
2900,11600,116.0,0.0001,0.0298368829302489,0.0279100063070654,0.031763759702444,0.1204834631724753,0.1543397970471827,0.086627130277429,0.8574639759593491,0.9184251844076464,1103.6298869170714,29,imagenet
3000,12000,120.0,0.0001,0.0299762890860438,0.0280484394729137,0.0319041390717029,0.1209152138511614,0.1552129727643253,0.0866174543192642,0.8568841751942107,0.9181031027075334,1141.169238459086,29,imagenet
3100,12400,124.0,0.0001,0.0297089944966137,0.0278158534504473,0.0316021354496479,0.1166813422290924,0.1487435661900827,0.0846191182681021,0.8604962964896091,0.9204151970704956,1178.8720013750717,29,imagenet
3200,12800,128.0,0.0001,0.0289977157674729,0.0272092571761459,0.0307861746847629,0.1170365280346062,0.1498719252465505,0.0842011302812701,0.8610290246082479,0.920753650792712,1217.0983561251778,29,imagenet
3300,13200,132.0,0.0001,0.0290461843833327,0.0271515093650668,0.0309408591687679,0.1166636625427275,0.1488769293140787,0.0844503964932319,0.8610452952026884,0.9207214938403884,1255.1539410841651,29,imagenet
3400,13600,136.0,0.0001,0.0288093256019055,0.0269934790581464,0.0306251721084117,0.1185122276672442,0.1524606202455128,0.0845638369193951,0.8600565068574493,0.9200831761105528,1292.749045834178,29,imagenet
3500,14000,140.0,0.0001,0.0287178164348006,0.0267117311060428,0.0307239018380641,0.1160978968786945,0.148978993889576,0.0832168002029603,0.8627270207359075,0.921791203919751,1329.964403625112,29,imagenet
3600,14400,144.0,0.0001,0.0282891948893666,0.0265926548000425,0.0299857349693775,0.1165886903922863,0.1505403759982759,0.0826370060237633,0.862979643329791,0.92198657295107,1367.269991209032,29,imagenet
3700,14800,148.0,0.0001,0.0279465462826192,0.0261169419717043,0.0297761505842208,0.118983165564009,0.1542753465086943,0.0836909848513487,0.8609273167163586,0.9207099752001237,1404.7214377091732,29,imagenet
3800,15200,152.0,0.0001,0.0280356173217296,0.0263281567767262,0.0297430779039859,0.118581616393835,0.1536531301930701,0.0835101026977222,0.8612863522893159,0.9209650970326828,1443.7662788750604,29,imagenet
3900,15600,156.0,0.0001,0.0274624929390847,0.0257075679861009,0.0292174182832241,0.1193918032526557,0.1555750283402967,0.0832085801243369,0.8614003705575883,0.9210138476667128,1482.7616827089803,29,imagenet
4000,16000,160.0,0.0001,0.0275429413095116,0.0257722971402108,0.029313585460186,0.1198326261604533,0.1555918666008847,0.0840733849466053,0.8606733027900175,0.9204360729623844,1521.528938875068,29,imagenet
