initialization,learning_rate,step,examples_processed,data_passages,train_loss,train_bce,train_soft_dice_loss,validation_loss,validation_bce,validation_soft_dice_loss,validation_mean_iou,validation_mean_dice,elapsed_seconds
random,0.0001,0,0,0.0,,,,0.6862850733694321,0.6750598459095278,0.6975102927858029,0.0034602076124567,0.0034602076124567,6.916725791990757
random,0.0001,100,400,4.0,0.5279353725910186,0.4178743588924408,0.6379963785409928,0.4445547405823704,0.3636871743367205,0.5254223070342648,0.6453120127093085,0.7762250951123836,45.678344832966104
random,0.0001,200,800,8.0,0.4544318130612373,0.3382565075159073,0.5706071162223816,0.400408663964189,0.3083424148468823,0.4924749140095958,0.7195549088986599,0.8301624035477726,83.4128533329349
random,0.0001,300,1200,12.0,0.4273354917764663,0.3097588619589805,0.5449121218919754,0.3846637173507453,0.2923966416231901,0.4769307886440448,0.7353390481612861,0.8407100144115223,121.07675804197788
random,0.0001,400,1600,16.0,0.4088186329603195,0.2932695987820625,0.5243676659464837,0.3743582999005037,0.2849208540363708,0.4637957460740033,0.7283595687725684,0.8336367533677765,159.01952091697603
random,0.0001,500,2000,20.0,0.3874525609612465,0.2731711260974407,0.5017339968681336,0.3673219620975244,0.2752657470818622,0.4593781802068532,0.7305852929190486,0.8357534093975646,196.74749608291313
random,0.0001,600,2400,24.0,0.3669429540634155,0.2550812011957168,0.4788047102093696,0.3339059227065644,0.2482528864924883,0.4195589608799627,0.7539117083345643,0.8518325161589952,234.2400417078752
random,0.0001,700,2800,28.0,0.3537202087044716,0.2455163821578025,0.4619240340590477,0.3242636978832495,0.2412409773128667,0.4072864183505101,0.7491685787742777,0.8494806155413223,272.25789145799354
random,0.0001,800,3200,32.0,0.339559243619442,0.2347519688308239,0.4443665209412575,0.311134917307065,0.2275978101991039,0.3946720213213593,0.7451650409005808,0.8467260968741288,309.93139745807275
random,0.0001,900,3600,36.0,0.3242169272899627,0.2232167327404022,0.4252171245217323,0.2914594634593976,0.2178698504878575,0.3650490763278156,0.7646803771899109,0.8599465902290592,347.32631474989466
random,0.0001,1000,4000,40.0,0.3068807211518287,0.2091738803684711,0.404587559401989,0.2797381991333615,0.2068318306987261,0.352644564371208,0.769372360103982,0.8629203919246821,387.8549722500611
random,0.0001,1100,4400,44.0,0.2942463970184326,0.200891496092081,0.3876012977957725,0.2618586629319768,0.1976653800497418,0.3260519465360674,0.7670422940018979,0.8616420909057437,427.21806237497367
random,0.0001,1200,4800,48.0,0.28170857578516,0.1926009362936019,0.370816213786602,0.2598287700369284,0.1940942004477689,0.3255633377698878,0.7778593376228716,0.8681244472058216,466.0100800420623
random,0.0001,1300,5200,52.0,0.2665999580919742,0.1822923925518989,0.3509075257182121,0.254787723085872,0.1916270676265538,0.3179483786998736,0.775507753057805,0.8672758112781864,505.6594477498438
random,0.0001,1400,5600,56.0,0.2592569498717785,0.1783706976473331,0.3401432034373283,0.2371786917369671,0.1829062215597159,0.2914511623267071,0.7750209257136932,0.8661896271260109,544.9961269998457
random,0.0001,1500,6000,60.0,0.2494260670244693,0.1725588056445121,0.3262933298945427,0.2400241988134219,0.1842268216568706,0.2958215790636399,0.7846298687881222,0.8726151435350792,584.4605150830466
random,0.0001,1600,6400,64.0,0.2388063783943653,0.1663104231655597,0.3113023328781128,0.2321069887146405,0.181557464120091,0.2826565118396983,0.7751656795950745,0.8668590254060743,624.4294721249025
random,0.0001,1700,6800,68.0,0.2281069280207157,0.1596813718229532,0.2965324836969376,0.2207940593104049,0.1731490082909904,0.2684391085251805,0.7860460234327444,0.8733254805141097,663.9793007080443
random,0.0001,1800,7200,72.0,0.2136231069266796,0.1477926721423864,0.2794535413384437,0.2122915964638073,0.1675070012729473,0.2570761922734006,0.7926710177035576,0.878573911587491,704.0932100419886
random,0.0001,1900,7600,76.0,0.2033238933980465,0.1421317844092846,0.2645160034298897,0.22168008833608,0.1789931309470668,0.2643670468594376,0.7715378112958726,0.8639441259809475,745.4421248328872
random,0.0001,2000,8000,80.0,0.1964819458127021,0.138074466958642,0.2548894254863262,0.1969216556697568,0.1563786242969308,0.2374646863722883,0.7929807941545883,0.8793669393377898,786.2101496248506
random,0.0003,0,0,0.0,,,,0.6862850733694321,0.6750598459095278,0.6975102927858029,0.0034602076124567,0.0034602076124567,6.357572874985635
random,0.0003,100,400,4.0,0.488076265156269,0.3760054519772529,0.6001470762491227,0.400478225884553,0.3176675650281477,0.4832888862253472,0.6885811341131892,0.8080457087225875,44.58563712495379
random,0.0003,200,800,8.0,0.4034124580025673,0.2903417235612869,0.5164831930398941,0.3549427570562461,0.2679621338019322,0.441923377010649,0.7139341108104628,0.8246845686554667,83.08563458302524
random,0.0003,300,1200,12.0,0.3548723351955414,0.2499674804508686,0.459777190387249,0.3098098697546856,0.2328908201629315,0.3867289203261009,0.7431593119012692,0.8450503699893295,121.51408733299468
random,0.0003,400,1600,16.0,0.32071981549263,0.2276660685241222,0.4137735638022423,0.2704823809099032,0.2071823289031388,0.3337824295136343,0.7504202515368966,0.8498328050596421,159.93494770803954
random,0.0003,500,2000,20.0,0.287297194302082,0.2048755495250225,0.3697188386321068,0.2634355764075546,0.197233656389078,0.3296374954979312,0.7618913305986577,0.8578748649781833,198.4027612080099
random,0.0003,600,2400,24.0,0.2573312994837761,0.185627234429121,0.3290353670716285,0.2170310408186335,0.1705805786134462,0.2634815031269429,0.7714811778978727,0.8653291287985218,236.68608629202936
random,0.0003,700,2800,28.0,0.2398234809935092,0.1778698662668466,0.3017770929634571,0.2018330249303765,0.1650802105613645,0.2385858400470245,0.7651850019538817,0.8609660037872933,274.9194741670508
random,0.0003,800,3200,32.0,0.2228125064074993,0.1695579076558351,0.2760671046376228,0.2131811465977797,0.1735552755606628,0.2528070180473856,0.7649669224107659,0.8607384161050965,312.9664031669963
random,0.0003,900,3600,36.0,0.2087208986282348,0.1609287618100643,0.2565130351483822,0.1729445180059717,0.1512084970940355,0.1946805391757133,0.7815455584049268,0.8721473817719166,351.061198667041
random,0.0003,1000,4000,40.0,0.1946375903487205,0.1524661771953105,0.2368090030550956,0.1834183004281925,0.1586846385963235,0.2081519614866448,0.778858682920548,0.8702552358722254,389.4033867500257
random,0.0003,1100,4400,44.0,0.1836978442966938,0.1482517650723457,0.2191439226269722,0.1607781284614417,0.1465899024970803,0.1749663548898531,0.7919540669789579,0.8788645664500395,427.72688483295497
random,0.0003,1200,4800,48.0,0.1762187341600656,0.1445782486349344,0.2078592200577259,0.1698479973114898,0.1550045139236846,0.1846914817305172,0.779975401165944,0.8707778895114145,466.02374112501275
random,0.0003,1300,5200,52.0,0.1609444291144609,0.1320259197056293,0.1898629380762577,0.1614613864042354,0.1482365738768066,0.1746861980035643,0.7929778457067104,0.879290634252204,504.22453762497753
random,0.0003,1400,5600,56.0,0.1581227200478315,0.1349571751058101,0.1812882652878761,0.1462901055709713,0.1378401167252484,0.154740096169772,0.8014196211776435,0.8851766064180933,542.4666036249837
random,0.0003,1500,6000,60.0,0.15811877168715,0.1341648084670305,0.1820727337896824,0.1505811103590631,0.1383086746126722,0.1628535466210652,0.8057102524324699,0.8877167167465888,580.9065144170308
random,0.0003,1600,6400,64.0,0.1474826766550541,0.1266759632527828,0.1682893893122673,0.1545002880702794,0.1437117789443389,0.1652887966806088,0.7926591982011713,0.878899567829979,619.0590504170395
random,0.0003,1700,6800,68.0,0.1394150452315807,0.1211964647471904,0.157633625715971,0.1370125724885703,0.1316145137210205,0.1424106305858255,0.812704036783199,0.8917731918688866,656.9487608330091
random,0.0003,1800,7200,72.0,0.1378251033276319,0.1206138198450207,0.1550363875925541,0.1481510817385875,0.1515953006113276,0.1447068628142861,0.8015577680320427,0.8848994049325398,695.3569082079921
random,0.0003,1900,7600,76.0,0.1322658417373895,0.1154576758667826,0.1490740077197551,0.1590382528965035,0.1609513328562145,0.1571251739680148,0.7852175395337373,0.874069263332858,733.3895022920333
random,0.0003,2000,8000,80.0,0.1308413115143775,0.1167521337419748,0.1449304892122745,0.1416575988065,0.1443629435498821,0.1389522542178012,0.8071148780669462,0.8883602286703667,771.5103167920606
random,0.001,0,0,0.0,,,,0.6862850733694321,0.6750598459095278,0.6975102927858029,0.0034602076124567,0.0034602076124567,7.0752517089713365
random,0.001,100,400,4.0,0.4412150067090988,0.3325008291006088,0.549929181933403,0.3366346190132484,0.257607499105295,0.4156617381993462,0.6788701281219491,0.7956595352918356,47.84838670887984
random,0.001,200,800,8.0,0.316910869628191,0.2366910253465175,0.3971307153999805,0.2622504754049968,0.213164065432796,0.3113368852740753,0.7187880693484918,0.8276829526531433,89.03335133404471
random,0.001,300,1200,12.0,0.2594342789053916,0.2074131716787815,0.3114553855359554,0.1961204207479747,0.1825937027543474,0.2096471374010132,0.7408505428872323,0.8440384650661735,130.29955299990252
random,0.001,400,1600,16.0,0.2323958726227283,0.1962717837840318,0.2685199622809887,0.1973942311989807,0.1909047831816656,0.2038836782366346,0.7322404053428091,0.8369546829578624,171.28902929183096
random,0.001,500,2000,20.0,0.2136848762631416,0.1857137620449066,0.2416559927165508,0.1822814230894135,0.1688956174367852,0.1956672280717473,0.7584076763799175,0.8562265547746939,212.2161652499344
random,0.001,600,2400,24.0,0.2000934498757124,0.1771799933165311,0.2230069060623646,0.1759740715414595,0.1628307308292718,0.1891174122536471,0.7711123212589546,0.864191458588044,253.4253721248824
random,0.001,700,2800,28.0,0.2009630797803402,0.1833042878657579,0.2186218723654747,0.1621784863793726,0.1488836322585604,0.175473341067357,0.7770475691291747,0.8695982346023932,294.7792535838671
random,0.001,800,3200,32.0,0.1803325213491916,0.1634226995334029,0.1972423456609249,0.1690676718640905,0.1629265396240261,0.1752088045166438,0.7681767581279615,0.8619862048562501,335.83829170884565
random,0.001,900,3600,36.0,0.1834867817908525,0.1652881577610969,0.2016854055225849,0.1492667244586152,0.1477501707402892,0.1507832781253801,0.7892499188298402,0.877092548178288,376.8101621249225
random,0.001,1000,4000,40.0,0.1684636637568473,0.1551023966819048,0.1818249298632145,0.1647860342862284,0.1543138803701499,0.1752581864492291,0.774427992446811,0.86699907748451,416.7597589169163
random,0.001,1100,4400,44.0,0.1617768450081348,0.1499088072776794,0.1736448813974857,0.1487073487888983,0.1584901895799438,0.1389245075338027,0.7970673572270843,0.8822782815221181,452.98066379199736
random,0.001,1200,4800,48.0,0.1594747181981802,0.1471350384503603,0.1718143972754478,0.1743101168256317,0.1749222742644973,0.1736979593867661,0.7569655651965835,0.851668893968711,489.4579840840306
random,0.001,1300,5200,52.0,0.1538480239361524,0.1437133263796567,0.163982722312212,0.137868753044663,0.1438221474626072,0.1319153579048632,0.806880232941919,0.887939432732988,525.4720874589402
random,0.001,1400,5600,56.0,0.1564719853550195,0.1481262586638331,0.1648177105188369,0.1458023182764185,0.154790655500336,0.1368139813103065,0.7953849996782042,0.8799209209006301,561.7375134169124
random,0.001,1500,6000,60.0,0.1425658496469259,0.1314273671805858,0.1537043313682079,0.1433012967084931,0.1502736911538563,0.1363289013865909,0.8010837513208424,0.8839515400563318,597.7663272919599
random,0.001,1600,6400,64.0,0.1376269196718931,0.129791397973895,0.1454624418914318,0.1461159763245434,0.1541420975152184,0.1380898544120128,0.8001100689621466,0.8837903933441501,633.824899249943
random,0.001,1700,6800,68.0,0.1373624345660209,0.1268184608593583,0.1479064080119133,0.1404852105568849,0.140038228261842,0.1409321922331945,0.8022949290568975,0.8849537240544437,669.8570920838974
random,0.001,1800,7200,72.0,0.1240814125537872,0.117218176536262,0.1309446483850479,0.1301529072869607,0.1362701305881091,0.1240356838826902,0.8168902480729165,0.8944464846871854,705.9015940418467
random,0.001,1900,7600,76.0,0.1237471938133239,0.1143061421439051,0.1331882447004318,0.1448412641212602,0.1521735098535214,0.1375090184921212,0.7965675586181546,0.8820094300132195,742.2114639589563
random,0.001,2000,8000,80.0,0.1204732888191938,0.1140649715811014,0.1268816049396991,0.1348935584811603,0.1516244245441727,0.1181626922119035,0.816558139490984,0.8942389400872063,778.4219795418903
imagenet,0.0001,0,0,0.0,,,,0.6805803738663353,0.661634955439188,0.6995257856936603,0.0034602076124567,0.0034602076124567,5.942806499777362
imagenet,0.0001,100,400,4.0,0.5160847088694572,0.4036139783263206,0.6285554352402687,0.4341162416349233,0.3488908639003661,0.5193416189569915,0.7220538551548028,0.8335599331786784,41.954370291903615
imagenet,0.0001,200,800,8.0,0.4314771509170532,0.3131886452436447,0.5497656577825546,0.3966989449151247,0.296443696974883,0.4969541886273552,0.8185292298973904,0.8962131954153585,78.16480854200199
imagenet,0.0001,300,1200,12.0,0.3967341497540474,0.2766945803165436,0.5167737197875977,0.3716377569523649,0.275885606100815,0.4673899067726927,0.8284743404306802,0.9021003729509706,114.41208220878616
imagenet,0.0001,400,1600,16.0,0.3685169658064842,0.2500818039476871,0.4869521290063858,0.3539937569608325,0.2576014506260004,0.4503860651003035,0.8363027020399192,0.9072579623204186,150.58126820879988
imagenet,0.0001,500,2000,20.0,0.3418274182081222,0.2256103911995887,0.4580444464087486,0.3361244449153491,0.2408422635397696,0.4314066313954786,0.8421029002793173,0.9109110582833272,186.76798545895144
imagenet,0.0001,600,2400,24.0,0.3199927219748497,0.2074596238136291,0.4325258186459541,0.3233466108158798,0.2314080880587488,0.4152851315105663,0.8444136743994588,0.9121814020220984,223.0395152918063
imagenet,0.0001,700,2800,28.0,0.3001228007674217,0.1917729739844799,0.4084726256132125,0.2991849651179924,0.2137173746283904,0.3846525587012611,0.8402781066240095,0.9094503790440728,259.0369742088951
imagenet,0.0001,800,3200,32.0,0.28022366553545,0.1761818432807922,0.3842654901742935,0.2890403887392327,0.2045310389727457,0.3735497334011698,0.8508475387954676,0.9160167726189918,298.78998470888473
imagenet,0.0001,900,3600,36.0,0.2619708441197872,0.1628671899437904,0.3610745000839233,0.2713694202239951,0.1931462722563001,0.3495925675213955,0.850340926138414,0.9158787001289832,337.1420241249725
imagenet,0.0001,1000,4000,40.0,0.2451990336179733,0.1511144557595253,0.3392836105823517,0.2641107230656699,0.1886432743969673,0.3395781756272365,0.8486095392202717,0.9145793669464708,375.218620874919
imagenet,0.0001,1100,4400,44.0,0.2295186178386211,0.140608769133687,0.3184284663200378,0.2447667915928322,0.1753384626654192,0.3141951195921452,0.8540966946788344,0.9181251781728194,413.50396320899017
imagenet,0.0001,1200,4800,48.0,0.2145502376556396,0.1307167406380176,0.2983837354183197,0.2327814744624299,0.1677554479210434,0.2978075010553775,0.8523298913667906,0.9169641963534296,452.01354333385825
imagenet,0.0001,1300,5200,52.0,0.2014533403515815,0.1225950053334236,0.2803116750717163,0.2294074838342963,0.1679492269007804,0.2908657411803011,0.8521278042718816,0.9165380031588164,489.88049412495457
imagenet,0.0001,1400,5600,56.0,0.1879693561792373,0.1140983168035745,0.2618403962254524,0.2281285261922229,0.1676101569846839,0.2886468976426702,0.8509388276876462,0.9161000065127508,527.8308478749823
imagenet,0.0001,1500,6000,60.0,0.1774266755580902,0.1076476249098777,0.2472057273983955,0.2097629320044006,0.1568945359864036,0.2626313270169558,0.8528147175292468,0.9173685190364428,565.7122084589209
imagenet,0.0001,1600,6400,64.0,0.1679460518062114,0.1025526370108127,0.2333394663035869,0.198821572077728,0.1510058649683493,0.2466372804245734,0.8492235816991046,0.9146563859122976,603.8962192919571
imagenet,0.0001,1700,6800,68.0,0.1564046457409858,0.0949921271950006,0.217817163914442,0.1909991115022283,0.1456749803776559,0.2363232423689951,0.8542608609479364,0.9180188752721468,641.7415179589298
imagenet,0.0001,1800,7200,72.0,0.1458955620229244,0.0895173418521881,0.2022737827897071,0.1885351867618032,0.1474372981225743,0.2296330753494711,0.8522096987567108,0.9167550435583672,680.0523049999028
imagenet,0.0001,1900,7600,76.0,0.1378935521095991,0.0847271636873483,0.1910599395632743,0.1782287142681003,0.1384513238412698,0.218006105777714,0.8547685760822176,0.918131833821896,718.2922810418531
imagenet,0.0001,2000,8000,80.0,0.1297248367965221,0.0800097095966339,0.1794399638473987,0.1711860264048856,0.1377807765116328,0.2045912761176746,0.8567001966943605,0.9184521434244488,756.3016534999479
imagenet,0.0003,0,0,0.0,,,,0.6805803738663353,0.661634955439188,0.6995257856936603,0.0034602076124567,0.0034602076124567,6.549871874973178
imagenet,0.0003,100,400,4.0,0.4621442422270775,0.3464525958895683,0.5778358867764473,0.3809473361935995,0.2971950989074773,0.4646995698704439,0.7514962526750962,0.8533651144411922,45.054032500018366
imagenet,0.0003,200,800,8.0,0.3626633080840111,0.2464716693758964,0.4788549450039863,0.3272509381020357,0.2349427481629856,0.4195591269067414,0.8298022784247707,0.902905779266104,83.64740179199725
imagenet,0.0003,300,1200,12.0,0.3022544395923614,0.196108636111021,0.4084002467989922,0.2708208799155938,0.1949149308320147,0.346726824461795,0.8307533299910269,0.9036435702690314,122.28848783299328
imagenet,0.0003,400,1600,16.0,0.2557044251263141,0.163228570073843,0.3481802800297737,0.2483936560607699,0.1811098625503197,0.3156774479212645,0.8289635098740231,0.901749652193067,160.9146574579645
imagenet,0.0003,500,2000,20.0,0.2108227823674678,0.1322620575875044,0.289383505731821,0.2179601211036365,0.1598418169368097,0.2760784242392411,0.8438105936236854,0.9112859669334296,199.181751707918
imagenet,0.0003,600,2400,24.0,0.177464365363121,0.1121433728188276,0.242785358428955,0.1959624677174644,0.1485533190949153,0.2433716157728413,0.852839688731541,0.9161790708576534,237.792714582989
imagenet,0.0003,700,2800,28.0,0.1503727661818266,0.0956085740774869,0.2051369573175907,0.1612874932561366,0.1322390133431213,0.190335976005013,0.8457952802590203,0.9120955288697808,276.3354673329741
imagenet,0.0003,800,3200,32.0,0.1319425760954618,0.0862958076223731,0.1775893437862396,0.1577659629826727,0.1320353547388294,0.1834965717421271,0.853045159697098,0.9167382755127228,314.7109235000098
imagenet,0.0003,900,3600,36.0,0.1152717062830925,0.0764394621551036,0.1541039498150348,0.1414818212544629,0.1180828885017381,0.1648807552446543,0.8530684735107158,0.916936228088024,352.95293329202104
imagenet,0.0003,1000,4000,40.0,0.0986077884584665,0.0664784453809261,0.1307371315360069,0.1359240812826321,0.1192649766854348,0.1525831861891961,0.8525131822047384,0.9170058728668052,391.3990644579753
imagenet,0.0003,1100,4400,44.0,0.0851472981274128,0.0578509059920907,0.1124436904489994,0.1206359788002027,0.1119265138690446,0.1293454448657052,0.8606455158018805,0.9214669614744084,429.7463094579289
imagenet,0.0003,1200,4800,48.0,0.0807500760629773,0.0574013374745845,0.104098814278841,0.1366052693046088,0.1278661050443831,0.1453444347249595,0.8451624468227885,0.9113563085344312,468.21913266694173
imagenet,0.0003,1300,5200,52.0,0.0749096136540174,0.0549191429838538,0.0949000842869281,0.1281821879084547,0.1258605105035445,0.130503862580626,0.8554092922425106,0.9182714142034262,506.3658644169336
imagenet,0.0003,1400,5600,56.0,0.0660975331813097,0.0489458029344677,0.083249262869358,0.1155411516506366,0.1110997086577762,0.1199825938185193,0.8622061299730234,0.9225384437968882,544.5483280419139
imagenet,0.0003,1500,6000,60.0,0.0605690440535545,0.0452016106434166,0.0759364777803421,0.1186558434604361,0.1244467467482114,0.1128649389867551,0.8582106453081777,0.9196668079548712,582.9821150830248
imagenet,0.0003,1600,6400,64.0,0.0574453964084386,0.0442362081632018,0.070654584467411,0.1193015720811269,0.125656925219153,0.1129462193040286,0.856581245385675,0.9182228892052996,621.1930204170058
imagenet,0.0003,1700,6800,68.0,0.0550175958499312,0.0426595996879041,0.0673755918443202,0.1213241966125461,0.1308126574620656,0.1118357352731962,0.8532298183600767,0.9163274561727104,659.2581572919153
imagenet,0.0003,1800,7200,72.0,0.047807077653706,0.0376673780195415,0.0579467770457267,0.1157024209371487,0.1269510114327021,0.1044538305704981,0.8576773122304279,0.9198360833760276,697.4437406249344
imagenet,0.0003,1900,7600,76.0,0.0446465026587247,0.035570298358798,0.0537227067351341,0.1116610557665874,0.1214221152621982,0.1018999973795405,0.8606235426144472,0.9212812626984994,735.7006956669502
imagenet,0.0003,2000,8000,80.0,0.0454542556963861,0.0368991861119866,0.0540093252062797,0.1141282428300917,0.1298748264830417,0.0983816595638499,0.8578872978812192,0.9192881108896352,773.9299815000268
imagenet,0.001,0,0,0.0,,,,0.6805803738663353,0.661634955439188,0.6995257856936603,0.0034602076124567,0.0034602076124567,6.395595999900252
imagenet,0.001,100,400,4.0,0.3982489657402038,0.2877024900913238,0.5087954398989677,0.2928191390417026,0.2153043760354131,0.3703339005011588,0.7999939184030994,0.8841921683751295,44.7134174159728
imagenet,0.001,200,800,8.0,0.2445070473849773,0.1674398224055767,0.3215742751955986,0.187717545300619,0.1423325049835918,0.233102584586424,0.8348562660095332,0.9058351356692036,83.36258070799522
imagenet,0.001,300,1200,12.0,0.1724653995782137,0.1278598440438509,0.217070954144001,0.1504314117984375,0.125883975759097,0.1749788458784558,0.8409368143114746,0.909721235039396,121.81907391594724
imagenet,0.001,400,1600,16.0,0.1437023158371448,0.1172441689670086,0.1701604618132114,0.1321911350872277,0.1209669143580235,0.1434153561773597,0.8311643392785374,0.9032644018864237,160.38012262503617
imagenet,0.001,500,2000,20.0,0.1123251254856586,0.0940803588554263,0.1305698922276497,0.1094143606696574,0.1027057202835809,0.1161230010557339,0.8551867894019531,0.91820031803134,198.57700883294456
imagenet,0.001,600,2400,24.0,0.0906786829605698,0.0796116731315851,0.1017456929385662,0.1133581111175378,0.1152514257954891,0.1114647972130033,0.8527404668046606,0.9167892625096008,236.74549991590905
imagenet,0.001,700,2800,28.0,0.0788343764469027,0.0704791986197233,0.0871895542740821,0.1072543592910865,0.1150143942618452,0.0994943250421834,0.8566276009280042,0.9194158557713904,274.7534879578743
imagenet,0.001,800,3200,32.0,0.07701763946563,0.0719194411486387,0.0821158385276794,0.1185198200924586,0.1302037091094317,0.106835932261391,0.842740744371592,0.9101189104550864,313.16003254102543
imagenet,0.001,900,3600,36.0,0.0824784084782004,0.0761512907594442,0.0888055254518985,0.1363983188327208,0.1569095703557288,0.115887064628535,0.819653047731115,0.896872412008097,351.1841969578527
imagenet,0.001,1000,4000,40.0,0.0689539904147386,0.0642011059634387,0.0737068751454353,0.1133220895454545,0.1295808946591347,0.0970632846380187,0.8492841105058174,0.914624371736099,389.016623249976
imagenet,0.001,1100,4400,44.0,0.0533784884400665,0.0492051242105662,0.0575518529117107,0.1139565502586661,0.1351665827126651,0.0927465164125171,0.8529081792780872,0.916663672929846,427.00904362485744
imagenet,0.001,1200,4800,48.0,0.0511186001449823,0.0476524364389479,0.0545847637951374,0.1055491716185243,0.1208507277355062,0.0902476151921757,0.8591136478931584,0.9205802035128372,465.09842379088514
imagenet,0.001,1300,5200,52.0,0.0455522186867892,0.0423864651285111,0.0487179723381996,0.1112370833393611,0.1319975248154472,0.0904766413992251,0.8555862062166886,0.9183097798248682,503.3805864159949
imagenet,0.001,1400,5600,56.0,0.0488103609159588,0.0464735309593379,0.0511471907794475,0.1236946854521246,0.1523978431744559,0.0949915278329156,0.8478735853114617,0.9125938974083267,541.4573487499729
imagenet,0.001,1500,6000,60.0,0.0479538701474666,0.0458999046590179,0.0500078356266021,0.1186104861304009,0.1438240922446069,0.0933968806349282,0.8503032328269585,0.9151036029775832,579.3457264578901
imagenet,0.001,1600,6400,64.0,0.0553709849342703,0.0541210017725825,0.0566209682822227,0.1102698766030242,0.1228962319687163,0.0976435199740848,0.847911360527852,0.9136157883601734,617.2268646659795
imagenet,0.001,1700,6800,68.0,0.0593974137306213,0.056154433004558,0.0626403947174549,0.1208994785085268,0.1461579738036571,0.0956409837547883,0.8427947669254232,0.9107731567930648,655.16977141588
imagenet,0.001,1800,7200,72.0,0.0523956450074911,0.0503326984681189,0.0544585913419723,0.1091808905651,0.1295072514705592,0.0888545311033519,0.8554682803863681,0.9182369994096682,693.3489294999745
imagenet,0.001,1900,7600,76.0,0.0457771605066955,0.0434932492859661,0.0480610717833042,0.1025327460576093,0.1204559219337252,0.0846095703877379,0.8637365456953624,0.9234134456686736,731.4404752498958
imagenet,0.001,2000,8000,80.0,0.039695134088397,0.0373723958060145,0.042017872184515,0.104328960850577,0.1261242504093061,0.0825336701317229,0.8649020033963936,0.9238594326175156,769.650230540894
