window_start_step,window_end_step,iou_trend_per_1000,loss_trend_per_1000,initialization,protocol
2100,3000,0.012666322329292688,-0.0171249784162813,random,constant 1e-3
2200,3100,0.010072202466856578,-0.011758695221102317,random,constant 1e-3
2300,3200,-0.0006451366023478537,-0.0015434215369308812,random,constant 1e-3
2400,3300,-0.00033752528177435226,-0.00082247969650979,random,constant 1e-3
2500,3400,-0.004005238639842895,0.00016115091626242592,random,constant 1e-3
2600,3500,-0.006824369425319561,0.0061884849647987255,random,constant 1e-3
2700,3600,-0.0040013052377343645,0.008314336794307984,random,constant 1e-3
2800,3700,0.003688260087457111,0.004187596282382067,random,constant 1e-3
2900,3800,0.00410660861694469,0.00174823465544294,random,constant 1e-3
3000,3900,0.010077448511423125,-0.0005509904299164665,random,constant 1e-3
3100,4000,0.001042516744655542,0.004753870647558798,random,constant 1e-3
2100,3000,-0.01323730541367718,0.009498392940629992,imagenet,constant 1e-3
2200,3100,-0.01064153667179736,0.010381038923039562,imagenet,constant 1e-3
2300,3200,-0.0068780174234708644,0.013240573337346346,imagenet,constant 1e-3
2400,3300,-0.0004290600066220286,0.007441337377104806,imagenet,constant 1e-3
2500,3400,0.001395874555759193,0.011114837157847465,imagenet,constant 1e-3
2600,3500,0.004424537904153604,0.01364858410537674,imagenet,constant 1e-3
2700,3600,0.009418985722393414,0.011115873464313504,imagenet,constant 1e-3
2800,3700,0.012017553554107517,0.011236074086541556,imagenet,constant 1e-3
2900,3800,-0.004124459777730905,0.016578002575122028,imagenet,constant 1e-3
3000,3900,-0.006421354810283358,0.01467044611978147,imagenet,constant 1e-3
3100,4000,-0.004091551088589073,0.008222064616808378,imagenet,constant 1e-3
2100,3000,0.0051571425756042856,-0.0027322536265061807,random,"1e-3 → 1e-4 at step 2,001"
2200,3100,0.004619065151771334,-0.0012773794673881119,random,"1e-3 → 1e-4 at step 2,001"
2300,3200,0.005284517886604299,-0.0021626565851879795,random,"1e-3 → 1e-4 at step 2,001"
2400,3300,0.004878397219586105,-0.0016743369080978784,random,"1e-3 → 1e-4 at step 2,001"
2500,3400,0.0024880828293059173,0.00015378296156527612,random,"1e-3 → 1e-4 at step 2,001"
2600,3500,0.0006259805971912921,0.0018859171068642006,random,"1e-3 → 1e-4 at step 2,001"
2700,3600,0.00016680640603260126,0.002279673461908053,random,"1e-3 → 1e-4 at step 2,001"
2800,3700,0.0015524283067139613,0.0003764591177542008,random,"1e-3 → 1e-4 at step 2,001"
2900,3800,0.0018866284999709982,0.00043607606532329926,random,"1e-3 → 1e-4 at step 2,001"
3000,3900,0.0025522585958432783,-3.1388464045980995e-05,random,"1e-3 → 1e-4 at step 2,001"
3100,4000,0.0037309798220045813,-0.001783013409434273,random,"1e-3 → 1e-4 at step 2,001"
2100,3000,0.0009192290618436857,0.002037750563119574,imagenet,"1e-3 → 1e-4 at step 2,001"
2200,3100,4.369593360329092e-05,0.0029848537596189346,imagenet,"1e-3 → 1e-4 at step 2,001"
2300,3200,-0.00019657515269803628,0.0038565672536410127,imagenet,"1e-3 → 1e-4 at step 2,001"
2400,3300,3.124434254980173e-05,0.003113511918137828,imagenet,"1e-3 → 1e-4 at step 2,001"
2500,3400,0.0003449090978520978,0.0026400480503378826,imagenet,"1e-3 → 1e-4 at step 2,001"
2600,3500,5.4776923703399704e-05,0.0029610645674779446,imagenet,"1e-3 → 1e-4 at step 2,001"
2700,3600,0.0014477845613922158,0.0014344430312278138,imagenet,"1e-3 → 1e-4 at step 2,001"
2800,3700,0.0023388236890466755,-0.0002837654703553766,imagenet,"1e-3 → 1e-4 at step 2,001"
2900,3800,0.001970112424264337,-0.0004895081200838742,imagenet,"1e-3 → 1e-4 at step 2,001"
3000,3900,0.0015202509841905313,-0.00010392828858646771,imagenet,"1e-3 → 1e-4 at step 2,001"
3100,4000,0.0014762889808412835,0.00020479920013675656,imagenet,"1e-3 → 1e-4 at step 2,001"
