step,examples_processed,data_passages,train_loss,train_bce,train_soft_dice_loss,validation_loss,validation_bce,validation_soft_dice_loss,validation_mean_iou,validation_mean_dice,elapsed_seconds,learning_rate_used,initialization,protocol,learning_rate
0,0,0.0,,,,0.6862850733694321,0.6750598459095278,0.6975102927858029,0.0034602076124567,0.0034602076124567,5.960676166927442,0.001,random,constant 1e-3,
100,400,4.0,0.4412150067090988,0.3325008291006088,0.549929181933403,0.3366346190132484,0.257607499105295,0.4156617381993462,0.6788701281219491,0.7956595352918356,42.01863750000484,0.001,random,constant 1e-3,
200,800,8.0,0.316910869628191,0.2366910253465175,0.3971307153999805,0.2622504754049968,0.213164065432796,0.3113368852740753,0.7187880693484918,0.8276829526531433,78.3194684588816,0.001,random,constant 1e-3,
300,1200,12.0,0.2594342789053916,0.2074131716787815,0.3114553855359554,0.1961204207479747,0.1825937027543474,0.2096471374010132,0.7408505428872323,0.8440384650661735,176.15270629199222,0.001,random,constant 1e-3,
400,1600,16.0,0.2323958726227283,0.1962717837840318,0.2685199622809887,0.1973942311989807,0.1909047831816656,0.2038836782366346,0.7322404053428091,0.8369546829578624,212.5387084169779,0.001,random,constant 1e-3,
500,2000,20.0,0.2136848762631416,0.1857137620449066,0.2416559927165508,0.1822814230894135,0.1688956174367852,0.1956672280717473,0.7584076763799175,0.8562265547746939,359.4671351669822,0.001,random,constant 1e-3,
600,2400,24.0,0.2000934498757124,0.1771799933165311,0.2230069060623646,0.1759740715414595,0.1628307308292718,0.1891174122536471,0.7711123212589546,0.864191458588044,525.515548291849,0.001,random,constant 1e-3,
700,2800,28.0,0.2009630797803402,0.1833042878657579,0.2186218723654747,0.1621784863793726,0.1488836322585604,0.175473341067357,0.7770475691291747,0.8695982346023932,734.0565719590522,0.001,random,constant 1e-3,
800,3200,32.0,0.1803325213491916,0.1634226995334029,0.1972423456609249,0.1690676718640905,0.1629265396240261,0.1752088045166438,0.7681767581279615,0.8619862048562501,954.1201522918418,0.001,random,constant 1e-3,
900,3600,36.0,0.1834867817908525,0.1652881577610969,0.2016854055225849,0.1492667244586152,0.1477501707402892,0.1507832781253801,0.7892499188298402,0.877092548178288,1003.5048185838386,0.001,random,constant 1e-3,
1000,4000,40.0,0.1684636637568473,0.1551023966819048,0.1818249298632145,0.1647860342862284,0.1543138803701499,0.1752581864492291,0.774427992446811,0.86699907748451,1039.8615740840323,0.001,random,constant 1e-3,
1100,4400,44.0,0.1617768450081348,0.1499088072776794,0.1736448813974857,0.1487073487888983,0.1584901895799438,0.1389245075338027,0.7970673572270843,0.8822782815221181,1076.6446858339475,0.001,random,constant 1e-3,
1200,4800,48.0,0.1594747181981802,0.1471350384503603,0.1718143972754478,0.1743101168256317,0.1749222742644973,0.1736979593867661,0.7569655651965835,0.851668893968711,1114.0347518748604,0.001,random,constant 1e-3,
1300,5200,52.0,0.1538480239361524,0.1437133263796567,0.163982722312212,0.137868753044663,0.1438221474626072,0.1319153579048632,0.806880232941919,0.887939432732988,1150.7712913339492,0.001,random,constant 1e-3,
1400,5600,56.0,0.1564719853550195,0.1481262586638331,0.1648177105188369,0.1458023182764185,0.154790655500336,0.1368139813103065,0.7953849996782042,0.8799209209006301,1188.9251785420347,0.001,random,constant 1e-3,
1500,6000,60.0,0.1425658496469259,0.1314273671805858,0.1537043313682079,0.1433012967084931,0.1502736911538563,0.1363289013865909,0.8010837513208424,0.8839515400563318,1228.3385418748949,0.001,random,constant 1e-3,
1600,6400,64.0,0.1376269196718931,0.129791397973895,0.1454624418914318,0.1461159763245434,0.1541420975152184,0.1380898544120128,0.8001100689621466,0.8837903933441501,1267.3746237920132,0.001,random,constant 1e-3,
1700,6800,68.0,0.1373624345660209,0.1268184608593583,0.1479064080119133,0.1404852105568849,0.140038228261842,0.1409321922331945,0.8022949290568975,0.8849537240544437,1310.224612458842,0.001,random,constant 1e-3,
1800,7200,72.0,0.1240814125537872,0.117218176536262,0.1309446483850479,0.1301529072869607,0.1362701305881091,0.1240356838826902,0.8168902480729165,0.8944464846871854,1352.9341646670364,0.001,random,constant 1e-3,
1900,7600,76.0,0.1237471938133239,0.1143061421439051,0.1331882447004318,0.1448412641212602,0.1521735098535214,0.1375090184921212,0.7965675586181546,0.8820094300132195,1391.40552724991,0.001,random,constant 1e-3,
2000,8000,80.0,0.1204732888191938,0.1140649715811014,0.1268816049396991,0.1348935584811603,0.1516244245441727,0.1181626922119035,0.816558139490984,0.8942389400872063,1428.914833583869,0.001,random,constant 1e-3,
2100,8400,84.0,0.1129719376936554,0.105933766849339,0.1200101083517074,0.1504740523735132,0.171834908709394,0.1291131956767046,0.8037552872124708,0.8847846589583239,1466.0130060419906,0.001,random,constant 1e-3,
2200,8800,88.0,0.1210180409252643,0.1188587982207536,0.123177283257246,0.1480373483937504,0.1578391884231237,0.1382355081581326,0.8093002205253343,0.8897510560933467,1503.0814650419634,0.001,random,constant 1e-3,
2300,9200,92.0,0.1135838163271546,0.1086675706133246,0.1185000620782375,0.1286810216297327,0.1408071139485778,0.1165549303421099,0.8214344531082898,0.8977119315439832,1541.0228760419411,0.001,random,constant 1e-3,
2400,9600,96.0,0.1044419699162244,0.0990656284987926,0.109818311035633,0.1284162435152126,0.1426533646752677,0.1141791217879853,0.8254657473790472,0.8998717998560333,1578.362172999885,0.001,random,constant 1e-3,
2500,10000,100.0,0.1061201781779527,0.1010466029122471,0.1111937537789344,0.1384095756859102,0.150545541081049,0.1262736120438493,0.814420097499782,0.8920827952631077,1616.1536468339618,0.001,random,constant 1e-3,
2600,10400,104.0,0.1017452807351946,0.0977969206497073,0.1056936413049697,0.1368046754062382,0.1541908497835113,0.119418501028965,0.816983808990292,0.8922678321808976,1653.7466667918488,0.001,random,constant 1e-3,
2700,10800,108.0,0.0997709329426288,0.0979760249704122,0.1015658414363861,0.1310058739874189,0.1443380873817886,0.1176736598196326,0.8228992847449358,0.8972208857616881,1690.3853747090325,0.001,random,constant 1e-3,
2800,11200,112.0,0.1113678880035877,0.1082782786339521,0.1144574980437755,0.1284394920594139,0.1356571954530003,0.1212217886142664,0.8170442780043022,0.8948369046932819,1727.644591166871,0.001,random,constant 1e-3,
2900,11600,116.0,0.1030228742212057,0.0974728870391845,0.1085728612542152,0.1314729357260733,0.1451227608745898,0.1178231084635513,0.8207643619675996,0.8964998530841379,1765.300502124941,0.001,random,constant 1e-3,
3000,12000,120.0,0.0903481709957122,0.0871066632866859,0.0935896773636341,0.1314109858757071,0.1465179477286586,0.116304023249339,0.8210699405757191,0.8969025712669564,1802.5005523338912,0.001,random,constant 1e-3,
3100,12400,124.0,0.0829454246908426,0.0804554178193211,0.0854354302585125,0.1266259451019722,0.1446803230727832,0.1085715658936946,0.8291293136609081,0.9018719847374468,1840.5011185000185,0.001,random,constant 1e-3,
3200,12800,128.0,0.1047940697520971,0.1017913122847676,0.1077968272566795,0.1331943753578258,0.1363089241628828,0.1300798270941605,0.8130982769435408,0.8915665632595927,1878.631484291982,0.001,random,constant 1e-3,
3300,13200,132.0,0.0916955111920833,0.0901579159870743,0.0932331067323684,0.1361473945700998,0.1518674205124996,0.1204273702776555,0.8193239698163449,0.894969381510698,1916.501059583854,0.001,random,constant 1e-3,
3400,13600,136.0,0.1109309750422835,0.1095184401422739,0.1123435100913047,0.1386118023350164,0.1450817439589121,0.1321418592674097,0.8066397408430335,0.8876226769462562,1954.3662853338756,0.001,random,constant 1e-3,
3500,14000,140.0,0.0968748907744884,0.0928740004822611,0.1008757823705673,0.1379101990519098,0.1578370789033731,0.1179833199738631,0.817512157292771,0.894447218513808,1991.989766875049,0.001,random,constant 1e-3,
3600,14400,144.0,0.0900423438474535,0.086109512578696,0.0939751751720905,0.1326080538512926,0.1552708756861802,0.1099452320679661,0.8254098806534276,0.8997288778764677,2029.6632361249067,0.001,random,constant 1e-3,
3700,14800,148.0,0.0765498166903853,0.0741412855684757,0.0789583484828472,0.1272998092805638,0.1408284244137239,0.1137711941989648,0.8289742338529473,0.9019858600833964,2067.5458854590543,0.001,random,constant 1e-3,
3800,15200,152.0,0.0810317392647266,0.0791360206529498,0.0829274579882621,0.1327064563246334,0.152768257837807,0.1126446556879987,0.8241497777678228,0.8988502813229189,2105.0666042088997,0.001,random,constant 1e-3,
3900,15600,156.0,0.076805710978806,0.0743196484819054,0.0792917731404304,0.1302040453394391,0.1549201375679161,0.1054879513578843,0.831361575929282,0.9038276946641972,2142.4835953339934,0.001,random,constant 1e-3,
4000,16000,160.0,0.0720642982795834,0.0699900006502866,0.0741385957598686,0.1439386108136094,0.1631440921432006,0.1247331281434293,0.8058324460207795,0.8869935258330512,2180.13732833392,0.001,random,constant 1e-3,
0,0,0.0,,,,0.6805803738663353,0.661634955439188,0.6995257856936603,0.0034602076124567,0.0034602076124567,6.416359958006069,0.001,imagenet,constant 1e-3,
100,400,4.0,0.3982489657402038,0.2877024900913238,0.5087954398989677,0.2928191390417026,0.2153043760354131,0.3703339005011588,0.7999939184030994,0.8841921683751295,44.05455254181288,0.001,imagenet,constant 1e-3,
200,800,8.0,0.2445070473849773,0.1674398224055767,0.3215742751955986,0.187717545300619,0.1423325049835918,0.233102584586424,0.8348562660095332,0.9058351356692036,81.2935006248299,0.001,imagenet,constant 1e-3,
300,1200,12.0,0.1724653995782137,0.1278598440438509,0.217070954144001,0.1504314117984375,0.125883975759097,0.1749788458784558,0.8409368143114746,0.909721235039396,118.46461962489413,0.001,imagenet,constant 1e-3,
400,1600,16.0,0.1437023158371448,0.1172441689670086,0.1701604618132114,0.1321911350872277,0.1209669143580235,0.1434153561773597,0.8311643392785374,0.9032644018864237,155.32803029194474,0.001,imagenet,constant 1e-3,
500,2000,20.0,0.1123251254856586,0.0940803588554263,0.1305698922276497,0.1094143606696574,0.1027057202835809,0.1161230010557339,0.8551867894019531,0.91820031803134,192.11889337492175,0.001,imagenet,constant 1e-3,
600,2400,24.0,0.0906786829605698,0.0796116731315851,0.1017456929385662,0.1133581111175378,0.1152514257954891,0.1114647972130033,0.8527404668046606,0.9167892625096008,228.9391377079301,0.001,imagenet,constant 1e-3,
700,2800,28.0,0.0788343764469027,0.0704791986197233,0.0871895542740821,0.1072543592910865,0.1150143942618452,0.0994943250421834,0.8566276009280042,0.9194158557713904,265.6581992919091,0.001,imagenet,constant 1e-3,
800,3200,32.0,0.07701763946563,0.0719194411486387,0.0821158385276794,0.1185198200924586,0.1302037091094317,0.106835932261391,0.842740744371592,0.9101189104550864,302.87957237497903,0.001,imagenet,constant 1e-3,
900,3600,36.0,0.0824784084782004,0.0761512907594442,0.0888055254518985,0.1363983188327208,0.1569095703557288,0.115887064628535,0.819653047731115,0.896872412008097,339.5416615828872,0.001,imagenet,constant 1e-3,
1000,4000,40.0,0.0689539904147386,0.0642011059634387,0.0737068751454353,0.1133220895454545,0.1295808946591347,0.0970632846380187,0.8492841105058174,0.914624371736099,376.76248437492177,0.001,imagenet,constant 1e-3,
1100,4400,44.0,0.0533784884400665,0.0492051242105662,0.0575518529117107,0.1139565502586661,0.1351665827126651,0.0927465164125171,0.8529081792780872,0.916663672929846,413.8506263748277,0.001,imagenet,constant 1e-3,
1200,4800,48.0,0.0511186001449823,0.0476524364389479,0.0545847637951374,0.1055491716185243,0.1208507277355062,0.0902476151921757,0.8591136478931584,0.9205802035128372,450.68294641701505,0.001,imagenet,constant 1e-3,
1300,5200,52.0,0.0455522186867892,0.0423864651285111,0.0487179723381996,0.1112370833393611,0.1319975248154472,0.0904766413992251,0.8555862062166886,0.9183097798248682,487.9201983748935,0.001,imagenet,constant 1e-3,
1400,5600,56.0,0.0488103609159588,0.0464735309593379,0.0511471907794475,0.1236946854521246,0.1523978431744559,0.0949915278329156,0.8478735853114617,0.9125938974083267,524.7303027079906,0.001,imagenet,constant 1e-3,
1500,6000,60.0,0.0479538701474666,0.0458999046590179,0.0500078356266021,0.1186104861304009,0.1438240922446069,0.0933968806349282,0.8503032328269585,0.9151036029775832,561.8510511668865,0.001,imagenet,constant 1e-3,
1600,6400,64.0,0.0553709849342703,0.0541210017725825,0.0566209682822227,0.1102698766030242,0.1228962319687163,0.0976435199740848,0.847911360527852,0.9136157883601734,598.8598632498179,0.001,imagenet,constant 1e-3,
1700,6800,68.0,0.0593974137306213,0.056154433004558,0.0626403947174549,0.1208994785085268,0.1461579738036571,0.0956409837547883,0.8427947669254232,0.9107731567930648,635.8880539168604,0.001,imagenet,constant 1e-3,
1800,7200,72.0,0.0523956450074911,0.0503326984681189,0.0544585913419723,0.1091808905651,0.1295072514705592,0.0888545311033519,0.8554682803863681,0.9182369994096682,672.791317124851,0.001,imagenet,constant 1e-3,
1900,7600,76.0,0.0457771605066955,0.0434932492859661,0.0480610717833042,0.1025327460576093,0.1204559219337252,0.0846095703877379,0.8637365456953624,0.9234134456686736,709.8538427918684,0.001,imagenet,constant 1e-3,
2000,8000,80.0,0.039695134088397,0.0373723958060145,0.042017872184515,0.104328960850577,0.1261242504093061,0.0825336701317229,0.8649020033963936,0.9238594326175156,746.8729650420137,0.001,imagenet,constant 1e-3,
2100,8400,84.0,0.0410495714284479,0.0392129113897681,0.0428862315416336,0.1078334628091964,0.1316936171281709,0.0839733095730052,0.8630060233620073,0.9231627467009764,783.7641445829067,0.001,imagenet,constant 1e-3,
2200,8800,88.0,0.0425145002454519,0.0406044266745448,0.0444245739281177,0.1125764609620645,0.1416015257369275,0.0835513942794403,0.8616229182091392,0.9219834896358122,820.4653209168464,0.001,imagenet,constant 1e-3,
2300,9200,92.0,0.0373285861685872,0.0350875943899154,0.0395695775747299,0.1056948421735664,0.1266021498553068,0.0847875348011927,0.8620642956687308,0.9224355737576554,858.3992332080379,0.001,imagenet,constant 1e-3,
2400,9600,96.0,0.0358830157108604,0.0342052475642412,0.0375607840716838,0.1072195131576597,0.1318215589106701,0.0826174668374771,0.8637261544110525,0.9233917601298192,896.5393550000153,0.001,imagenet,constant 1e-3,
2500,10000,100.0,0.0342209842614829,0.0324128301255405,0.0360291385650634,0.1089949915668956,0.1335280365391173,0.0844619461821849,0.861178103743906,0.9218535016654724,934.382218166953,0.001,imagenet,constant 1e-3,
2600,10400,104.0,0.0350134577974677,0.0333785214088857,0.0366483943164348,0.10919471152101,0.1337978767688711,0.0845915464793934,0.8601529267646749,0.9210203040660824,972.1825352499728,0.001,imagenet,constant 1e-3,
2700,10800,108.0,0.0354430477693676,0.0344630119949579,0.0364230835437774,0.1127464623805973,0.1417070976281248,0.0837858261534087,0.8600026544421968,0.9208264415859756,1009.9367009999696,0.001,imagenet,constant 1e-3,
2800,11200,112.0,0.0450880039110779,0.0435495457053184,0.0466264615952968,0.1190094966892552,0.138370129012319,0.0996488642115081,0.8405980306078689,0.9089297290234696,1047.651586666936,0.001,imagenet,constant 1e-3,
2900,11600,116.0,0.0456991754285991,0.0438168965280056,0.0475814542174339,0.1183274038728958,0.1473158435528666,0.0893389642444861,0.8528771954349167,0.9162065763097036,1085.5467487499118,0.001,imagenet,constant 1e-3,
3000,12000,120.0,0.0423283572308719,0.0419581489637494,0.0426985655725002,0.1115126898028858,0.137836643723468,0.085188735108887,0.8588206369491174,0.920474248414592,1123.290598707972,0.001,imagenet,constant 1e-3,
3100,12400,124.0,0.0376137110218405,0.0359527553524822,0.0392746666073799,0.1171795152978501,0.1480819933039094,0.0862770371371074,0.8575402007162399,0.919316011814203,1161.2796132080257,0.001,imagenet,constant 1e-3,
3200,12800,128.0,0.0320923423953354,0.0303461017087101,0.0338385832309722,0.1170837135669681,0.1506261223843353,0.0835413054198954,0.8601569112436154,0.9211081331551468,1199.2868162498344,0.001,imagenet,constant 1e-3,
3300,13200,132.0,0.0320047583989799,0.0303968956973403,0.0336126211285591,0.1106217803117725,0.1390076807625978,0.0822358795515806,0.8642149738874005,0.9236428534066656,1237.2004818329588,0.001,imagenet,constant 1e-3,
3400,13600,136.0,0.0314647478610277,0.0298196632973849,0.0331098319590091,0.1272198508870642,0.1670281409598552,0.0874115614330067,0.8541843664621884,0.916979879918855,1274.995250832988,0.001,imagenet,constant 1e-3,
3500,14000,140.0,0.0311353213898837,0.0295971928257495,0.0326734499633312,0.1274047943547522,0.1689590786980097,0.0858505108364725,0.8573850893966433,0.918751267098386,1312.917589374818,0.001,imagenet,constant 1e-3,
3600,14400,144.0,0.0288970727846026,0.0271884691528975,0.030605676472187,0.1219632538957166,0.1605237360953459,0.0834027718507707,0.8613991295999175,0.9210224944739976,1350.9116303748451,0.001,imagenet,constant 1e-3,
3700,14800,148.0,0.0293406176753342,0.0276275346055626,0.0310537008941173,0.1253233495777453,0.1654826601690074,0.0851640404301943,0.8574672830932585,0.9189294588596036,1388.4447604168672,0.001,imagenet,constant 1e-3,
3800,15200,152.0,0.0306907067634165,0.0292759148031473,0.032105498611927,0.1300365614437314,0.1637099807031427,0.0963631435249091,0.8462628975689376,0.9123040879587097,1426.2096699578688,0.001,imagenet,constant 1e-3,
3900,15600,156.0,0.0326878924854099,0.0312490648403763,0.0341267201304435,0.1200299668786435,0.1554944894718051,0.084565444388604,0.8578966056536975,0.9194849756956424,1464.1415698330384,0.001,imagenet,constant 1e-3,
4000,16000,160.0,0.0300920841842889,0.0285262889135628,0.0316578795015811,0.1204125632670511,0.1570363421392688,0.0837887843174917,0.8602301049010777,0.9209863260667313,1502.1403899169527,0.001,imagenet,constant 1e-3,
0,0,0.0,,,,0.6862850733694321,0.6750598459095278,0.6975102927858029,0.0034602076124567,0.0034602076124567,7.092693625018001,0.001,random,"1e-3 → 1e-4 at step 2,001",0.001
100,400,4.0,0.4412150067090988,0.3325008291006088,0.549929181933403,0.3366346190132484,0.257607499105295,0.4156617381993462,0.6788701281219491,0.7956595352918356,46.039914458058774,0.001,random,"1e-3 → 1e-4 at step 2,001",0.001
200,800,8.0,0.316910869628191,0.2366910253465175,0.3971307153999805,0.2622504754049968,0.213164065432796,0.3113368852740753,0.7187880693484918,0.8276829526531433,84.44841304095462,0.001,random,"1e-3 → 1e-4 at step 2,001",0.001
300,1200,12.0,0.2594342789053916,0.2074131716787815,0.3114553855359554,0.1961204207479747,0.1825937027543474,0.2096471374010132,0.7408505428872323,0.8440384650661735,122.76164420810528,0.001,random,"1e-3 → 1e-4 at step 2,001",0.001
400,1600,16.0,0.2323958726227283,0.1962717837840318,0.2685199622809887,0.1973942311989807,0.1909047831816656,0.2038836782366346,0.7322404053428091,0.8369546829578624,161.37561516603455,0.001,random,"1e-3 → 1e-4 at step 2,001",0.001
500,2000,20.0,0.2136848762631416,0.1857137620449066,0.2416559927165508,0.1822814230894135,0.1688956174367852,0.1956672280717473,0.7584076763799175,0.8562265547746939,200.19542670808733,0.001,random,"1e-3 → 1e-4 at step 2,001",0.001
600,2400,24.0,0.2000934498757124,0.1771799933165311,0.2230069060623646,0.1759740715414595,0.1628307308292718,0.1891174122536471,0.7711123212589546,0.864191458588044,238.83601162489504,0.001,random,"1e-3 → 1e-4 at step 2,001",0.001
700,2800,28.0,0.2009630797803402,0.1833042878657579,0.2186218723654747,0.1621784863793726,0.1488836322585604,0.175473341067357,0.7770475691291747,0.8695982346023932,277.5583409580868,0.001,random,"1e-3 → 1e-4 at step 2,001",0.001
800,3200,32.0,0.1803325213491916,0.1634226995334029,0.1972423456609249,0.1690676718640905,0.1629265396240261,0.1752088045166438,0.7681767581279615,0.8619862048562501,316.48793112509884,0.001,random,"1e-3 → 1e-4 at step 2,001",0.001
900,3600,36.0,0.1834867817908525,0.1652881577610969,0.2016854055225849,0.1492667244586152,0.1477501707402892,0.1507832781253801,0.7892499188298402,0.877092548178288,354.77252150001004,0.001,random,"1e-3 → 1e-4 at step 2,001",0.001
1000,4000,40.0,0.1684636637568473,0.1551023966819048,0.1818249298632145,0.1647860342862284,0.1543138803701499,0.1752581864492291,0.774427992446811,0.86699907748451,393.56364095793106,0.001,random,"1e-3 → 1e-4 at step 2,001",0.001
1100,4400,44.0,0.1617768450081348,0.1499088072776794,0.1736448813974857,0.1487073487888983,0.1584901895799438,0.1389245075338027,0.7970673572270843,0.8822782815221181,431.3938613750506,0.001,random,"1e-3 → 1e-4 at step 2,001",0.001
1200,4800,48.0,0.1594747181981802,0.1471350384503603,0.1718143972754478,0.1743101168256317,0.1749222742644973,0.1736979593867661,0.7569655651965835,0.851668893968711,469.3435873331037,0.001,random,"1e-3 → 1e-4 at step 2,001",0.001
1300,5200,52.0,0.1538480239361524,0.1437133263796567,0.163982722312212,0.137868753044663,0.1438221474626072,0.1319153579048632,0.806880232941919,0.887939432732988,507.03200925001875,0.001,random,"1e-3 → 1e-4 at step 2,001",0.001
1400,5600,56.0,0.1564719853550195,0.1481262586638331,0.1648177105188369,0.1458023182764185,0.154790655500336,0.1368139813103065,0.7953849996782042,0.8799209209006301,544.819211582886,0.001,random,"1e-3 → 1e-4 at step 2,001",0.001
1500,6000,60.0,0.1425658496469259,0.1314273671805858,0.1537043313682079,0.1433012967084931,0.1502736911538563,0.1363289013865909,0.8010837513208424,0.8839515400563318,582.110959332902,0.001,random,"1e-3 → 1e-4 at step 2,001",0.001
1600,6400,64.0,0.1376269196718931,0.129791397973895,0.1454624418914318,0.1461159763245434,0.1541420975152184,0.1380898544120128,0.8001100689621466,0.8837903933441501,619.4626233330928,0.001,random,"1e-3 → 1e-4 at step 2,001",0.001
1700,6800,68.0,0.1373624345660209,0.1268184608593583,0.1479064080119133,0.1404852105568849,0.140038228261842,0.1409321922331945,0.8022949290568975,0.8849537240544437,657.0623413329013,0.001,random,"1e-3 → 1e-4 at step 2,001",0.001
1800,7200,72.0,0.1240814125537872,0.117218176536262,0.1309446483850479,0.1301529072869607,0.1362701305881091,0.1240356838826902,0.8168902480729165,0.8944464846871854,694.5136333750561,0.001,random,"1e-3 → 1e-4 at step 2,001",0.001
1900,7600,76.0,0.1237471938133239,0.1143061421439051,0.1331882447004318,0.1448412641212602,0.1521735098535214,0.1375090184921212,0.7965675586181546,0.8820094300132195,732.0608995000366,0.001,random,"1e-3 → 1e-4 at step 2,001",0.001
2000,8000,80.0,0.1204732888191938,0.1140649715811014,0.1268816049396991,0.1348935584811603,0.1516244245441727,0.1181626922119035,0.816558139490984,0.8942389400872063,769.3589987079613,0.001,random,"1e-3 → 1e-4 at step 2,001",0.001
2100,8400,84.0,0.1024651227146387,0.095562794804573,0.1093674506247043,0.1306596600473133,0.1422164480372696,0.1191028719542348,0.8204757289990616,0.8967790678960431,806.9987544580363,0.0001,random,"1e-3 → 1e-4 at step 2,001",0.0001
2200,8800,88.0,0.1007007715478539,0.0956790318340063,0.1057225109636783,0.1261455018627602,0.1350632893069805,0.1172277143669788,0.8240067053478097,0.8989626201171578,844.8969384159427,0.0001,random,"1e-3 → 1e-4 at step 2,001",0.0001
2300,9200,92.0,0.0964246593043208,0.0913568400219082,0.1014924782514572,0.1279162601616143,0.1382862608428645,0.1175462589131919,0.8231392632531133,0.8984974313381113,882.8306867079809,0.0001,random,"1e-3 → 1e-4 at step 2,001",0.0001
2400,9600,96.0,0.0951547745615244,0.0903942157700657,0.0999153333902359,0.1282054278161699,0.1383025695192772,0.1181082849271569,0.8220858917903606,0.8977378916836506,920.5429084999488,0.0001,random,"1e-3 → 1e-4 at step 2,001",0.0001
2500,10000,100.0,0.0932013564184308,0.0872545016556978,0.0991482102870941,0.1271012728086392,0.1381740707736526,0.1160284757201646,0.8242185485582848,0.8992935705205808,958.067917374894,0.0001,random,"1e-3 → 1e-4 at step 2,001",0.0001
2600,10400,104.0,0.0921077356860041,0.0875069455429911,0.0967085260152816,0.1274397111784628,0.1399887492396839,0.1148906744062694,0.8245297284826818,0.8993474714593059,996.025733208051,0.0001,random,"1e-3 → 1e-4 at step 2,001",0.0001
2700,10800,108.0,0.090987385995686,0.0872630187124013,0.0947117532789707,0.1261746230113052,0.1389125667022586,0.1134366809703074,0.8256627609858924,0.9001565742367015,1033.9167825409677,0.0001,random,"1e-3 → 1e-4 at step 2,001",0.0001
2800,11200,112.0,0.0932343424856662,0.0886525349318981,0.0978161495923995,0.1270724327712735,0.1413201540708542,0.1128247118326206,0.8259150030240144,0.9004685148536399,1071.701403915882,0.0001,random,"1e-3 → 1e-4 at step 2,001",0.0001
2900,11600,116.0,0.0916126056015491,0.0866110094264149,0.0966142010688781,0.1267284676690415,0.1391659805931434,0.1142909537137173,0.825096999794066,0.8999133533543889,1109.2078273328952,0.0001,random,"1e-3 → 1e-4 at step 2,001",0.0001
3000,12000,120.0,0.0861153124645352,0.0825715900585055,0.0896590349078178,0.1263052342156637,0.1396747604270294,0.1129357074371258,0.826313540666637,0.900603202387622,1146.6446157500611,0.0001,random,"1e-3 → 1e-4 at step 2,001",0.0001
3100,12400,124.0,0.0857506835833191,0.0819798571243882,0.0895215100049972,0.1260273717988321,0.1401918552119839,0.1118628910668581,0.8276418939245471,0.9012490988813674,1184.7970605830196,0.0001,random,"1e-3 → 1e-4 at step 2,001",0.0001
3200,12800,128.0,0.0859553864225745,0.0820280427113175,0.0898827303946018,0.1262250015170516,0.1395139713807089,0.112936032890861,0.8271252092170717,0.9010222590975682,1222.7140570410993,0.0001,random,"1e-3 → 1e-4 at step 2,001",0.0001
3300,13200,132.0,0.0842778275161981,0.0811682587489485,0.0873873963952064,0.1265966687544819,0.1398856523849559,0.1133076839381023,0.8269138658448104,0.9007402319710264,1260.7420352909248,0.0001,random,"1e-3 → 1e-4 at step 2,001",0.0001
3400,13600,136.0,0.0851514517515897,0.0807947554066777,0.0895081484317779,0.1284062994392685,0.1461406648159027,0.1106719339595121,0.8254024319381273,0.8999591021473856,1298.3426396250725,0.0001,random,"1e-3 → 1e-4 at step 2,001",0.0001
3500,14000,140.0,0.0832922051101923,0.079760942980647,0.0868234677612781,0.1296244865367156,0.1473652100171185,0.1118837646547073,0.8245012493223598,0.8994324330877518,1336.0510145830922,0.0001,random,"1e-3 → 1e-4 at step 2,001",0.0001
3600,14400,144.0,0.0814172774925828,0.0772475489974021,0.0855870063602924,0.1273178611865918,0.1430746984626182,0.1115610224152931,0.8267557754374224,0.9006626543383885,1373.5749476659112,0.0001,random,"1e-3 → 1e-4 at step 2,001",0.0001
3700,14800,148.0,0.0813595200702548,0.0788162931799888,0.0839027473330497,0.1246258893330616,0.1395053748028501,0.1097464027289288,0.8292477612029248,0.9021627352964212,1411.311985624954,0.0001,random,"1e-3 → 1e-4 at step 2,001",0.0001
3800,15200,152.0,0.0804322065040469,0.0772838222049176,0.0835805903375148,0.1267829272883161,0.1426464382133682,0.1109194157445307,0.8278085256298375,0.9012555726832244,1449.330916875042,0.0001,random,"1e-3 → 1e-4 at step 2,001",0.0001
3900,15600,156.0,0.0793154807761311,0.0758160939440131,0.0828148676455021,0.1261726784871111,0.1441295368654917,0.1082158191806304,0.8298367116447535,0.9027185670362922,1487.4207341659348,0.0001,random,"1e-3 → 1e-4 at step 2,001",0.0001
4000,16000,160.0,0.0778127764910459,0.075440763272345,0.0801847895979881,0.1242121610158867,0.1398221517826034,0.1086021698882423,0.8303437647284041,0.9030269423546976,1525.5318824579008,0.0001,random,"1e-3 → 1e-4 at step 2,001",0.0001
0,0,0.0,,,,0.6805803738663353,0.661634955439188,0.6995257856936603,0.0034602076124567,0.0034602076124567,6.297537208069116,0.001,imagenet,"1e-3 → 1e-4 at step 2,001",0.001
100,400,4.0,0.3982489657402038,0.2877024900913238,0.5087954398989677,0.2928191390417026,0.2153043760354131,0.3703339005011588,0.7999939184030994,0.8841921683751295,44.238861167104915,0.001,imagenet,"1e-3 → 1e-4 at step 2,001",0.001
200,800,8.0,0.2445070473849773,0.1674398224055767,0.3215742751955986,0.187717545300619,0.1423325049835918,0.233102584586424,0.8348562660095332,0.9058351356692036,82.29647225001827,0.001,imagenet,"1e-3 → 1e-4 at step 2,001",0.001
300,1200,12.0,0.1724653995782137,0.1278598440438509,0.217070954144001,0.1504314117984375,0.125883975759097,0.1749788458784558,0.8409368143114746,0.909721235039396,120.4622167078778,0.001,imagenet,"1e-3 → 1e-4 at step 2,001",0.001
400,1600,16.0,0.1437023158371448,0.1172441689670086,0.1701604618132114,0.1321911350872277,0.1209669143580235,0.1434153561773597,0.8311643392785374,0.9032644018864237,158.376442583045,0.001,imagenet,"1e-3 → 1e-4 at step 2,001",0.001
500,2000,20.0,0.1123251254856586,0.0940803588554263,0.1305698922276497,0.1094143606696574,0.1027057202835809,0.1161230010557339,0.8551867894019531,0.91820031803134,196.19333283300512,0.001,imagenet,"1e-3 → 1e-4 at step 2,001",0.001
600,2400,24.0,0.0906786829605698,0.0796116731315851,0.1017456929385662,0.1133581111175378,0.1152514257954891,0.1114647972130033,0.8527404668046606,0.9167892625096008,234.28524320805445,0.001,imagenet,"1e-3 → 1e-4 at step 2,001",0.001
700,2800,28.0,0.0788343764469027,0.0704791986197233,0.0871895542740821,0.1072543592910865,0.1150143942618452,0.0994943250421834,0.8566276009280042,0.9194158557713904,272.2349551669322,0.001,imagenet,"1e-3 → 1e-4 at step 2,001",0.001
800,3200,32.0,0.07701763946563,0.0719194411486387,0.0821158385276794,0.1185198200924586,0.1302037091094317,0.106835932261391,0.842740744371592,0.9101189104550864,309.7206738330424,0.001,imagenet,"1e-3 → 1e-4 at step 2,001",0.001
900,3600,36.0,0.0824784084782004,0.0761512907594442,0.0888055254518985,0.1363983188327208,0.1569095703557288,0.115887064628535,0.819653047731115,0.896872412008097,347.1514240419492,0.001,imagenet,"1e-3 → 1e-4 at step 2,001",0.001
1000,4000,40.0,0.0689539904147386,0.0642011059634387,0.0737068751454353,0.1133220895454545,0.1295808946591347,0.0970632846380187,0.8492841105058174,0.914624371736099,384.8807435419876,0.001,imagenet,"1e-3 → 1e-4 at step 2,001",0.001
1100,4400,44.0,0.0533784884400665,0.0492051242105662,0.0575518529117107,0.1139565502586661,0.1351665827126651,0.0927465164125171,0.8529081792780872,0.916663672929846,422.4232733328827,0.001,imagenet,"1e-3 → 1e-4 at step 2,001",0.001
1200,4800,48.0,0.0511186001449823,0.0476524364389479,0.0545847637951374,0.1055491716185243,0.1208507277355062,0.0902476151921757,0.8591136478931584,0.9205802035128372,460.02289366698824,0.001,imagenet,"1e-3 → 1e-4 at step 2,001",0.001
1300,5200,52.0,0.0455522186867892,0.0423864651285111,0.0487179723381996,0.1112370833393611,0.1319975248154472,0.0904766413992251,0.8555862062166886,0.9183097798248682,497.9333618748933,0.001,imagenet,"1e-3 → 1e-4 at step 2,001",0.001
1400,5600,56.0,0.0488103609159588,0.0464735309593379,0.0511471907794475,0.1236946854521246,0.1523978431744559,0.0949915278329156,0.8478735853114617,0.9125938974083267,535.5000874579418,0.001,imagenet,"1e-3 → 1e-4 at step 2,001",0.001
1500,6000,60.0,0.0479538701474666,0.0458999046590179,0.0500078356266021,0.1186104861304009,0.1438240922446069,0.0933968806349282,0.8503032328269585,0.9151036029775832,573.097625042079,0.001,imagenet,"1e-3 → 1e-4 at step 2,001",0.001
1600,6400,64.0,0.0553709849342703,0.0541210017725825,0.0566209682822227,0.1102698766030242,0.1228962319687163,0.0976435199740848,0.847911360527852,0.9136157883601734,610.6583294169977,0.001,imagenet,"1e-3 → 1e-4 at step 2,001",0.001
1700,6800,68.0,0.0593974137306213,0.056154433004558,0.0626403947174549,0.1208994785085268,0.1461579738036571,0.0956409837547883,0.8427947669254232,0.9107731567930648,648.8503446669783,0.001,imagenet,"1e-3 → 1e-4 at step 2,001",0.001
1800,7200,72.0,0.0523956450074911,0.0503326984681189,0.0544585913419723,0.1091808905651,0.1295072514705592,0.0888545311033519,0.8554682803863681,0.9182369994096682,686.6639455419499,0.001,imagenet,"1e-3 → 1e-4 at step 2,001",0.001
1900,7600,76.0,0.0457771605066955,0.0434932492859661,0.0480610717833042,0.1025327460576093,0.1204559219337252,0.0846095703877379,0.8637365456953624,0.9234134456686736,724.580536250025,0.001,imagenet,"1e-3 → 1e-4 at step 2,001",0.001
2000,8000,80.0,0.039695134088397,0.0373723958060145,0.042017872184515,0.104328960850577,0.1261242504093061,0.0825336701317229,0.8649020033963936,0.9238594326175156,762.6381510829087,0.001,imagenet,"1e-3 → 1e-4 at step 2,001",0.001
2100,8400,84.0,0.0366393846273422,0.0345141725800931,0.0387645967304706,0.1063411704499828,0.130209940450208,0.0824724000630494,0.8638639894811463,0.9232520844583008,800.4977463330142,0.0001,imagenet,"1e-3 → 1e-4 at step 2,001",0.0001
2200,8800,88.0,0.0359567318111658,0.0338086093962192,0.0381048543751239,0.1064372830170248,0.1306460612682322,0.0822285044564507,0.8642698450056585,0.9234772076139732,838.2003577079158,0.0001,imagenet,"1e-3 → 1e-4 at step 2,001",0.0001
2300,9200,92.0,0.035485301874578,0.0330810878798365,0.0378895159065723,0.10360048855671,0.1260474272665268,0.0811535485063044,0.8667469828095458,0.9249867197830388,875.8993560420349,0.0001,imagenet,"1e-3 → 1e-4 at step 2,001",0.0001
2400,9600,96.0,0.0349873002804815,0.0332591506280005,0.0367154496908187,0.1057629872977114,0.1295778289643538,0.0819481460693385,0.8654459500442532,0.9242326296257536,913.7063358749728,0.0001,imagenet,"1e-3 → 1e-4 at step 2,001",0.0001
2500,10000,100.0,0.0340278546884655,0.0320160119608044,0.0360396975278854,0.1054960623331961,0.1295115831195276,0.0814805408250089,0.8661190802242206,0.924606935215576,951.0259313751012,0.0001,imagenet,"1e-3 → 1e-4 at step 2,001",0.0001
2600,10400,104.0,0.0339872515946626,0.0320917601604014,0.0358827427029609,0.1049001029205982,0.12916671123781,0.0806334938557502,0.8668965604223319,0.9250608339837696,988.2816026250366,0.0001,imagenet,"1e-3 → 1e-4 at step 2,001",0.0001
2700,10800,108.0,0.0342114937491715,0.0327990124747157,0.035623975098133,0.1066291227060205,0.1311824579810188,0.0820757870443139,0.8646913207712809,0.923748409194527,1025.81799533288,0.0001,imagenet,"1e-3 → 1e-4 at step 2,001",0.0001
2800,11200,112.0,0.0333502522483468,0.0313539104536175,0.0353465938568115,0.107053561761305,0.1319925676270752,0.0821145566689514,0.8648790432279105,0.9238479818951548,1063.225381083088,0.0001,imagenet,"1e-3 → 1e-4 at step 2,001",0.0001
2900,11600,116.0,0.0338042932190001,0.0313713219203054,0.0362372644245624,0.1083873445909328,0.1348654328745541,0.0819092557917004,0.8642285614287494,0.923563580578514,1100.9737579999492,0.0001,imagenet,"1e-3 → 1e-4 at step 2,001",0.0001
3000,12000,120.0,0.0326950841769576,0.0309099843353033,0.0344801840186119,0.1064194638320731,0.1327625061401446,0.0800764220396127,0.8667842528242314,0.9250798459075787,1138.6945382079575,0.0001,imagenet,"1e-3 → 1e-4 at step 2,001",0.0001
3100,12400,124.0,0.0322378354147076,0.0305203847773373,0.0339552861452102,0.1075477225248376,0.1342880601598317,0.0808073863851157,0.8656556657300094,0.924406948867684,1176.26758191688,0.0001,imagenet,"1e-3 → 1e-4 at step 2,001",0.0001
3200,12800,128.0,0.0318733076006174,0.0299768576398491,0.0337697573006153,0.1075601598383233,0.1348217577257783,0.0802985619508683,0.8667224174433513,0.925071735537986,1214.1417827080004,0.0001,imagenet,"1e-3 → 1e-4 at step 2,001",0.0001
3300,13200,132.0,0.0322734143212437,0.0304822226054966,0.0340646056830883,0.1083164717293115,0.1349821856896357,0.081650758078354,0.8650979867353727,0.9240634116494928,1252.1184517079964,0.0001,imagenet,"1e-3 → 1e-4 at step 2,001",0.0001
3400,13600,136.0,0.0315593184158205,0.029722880590707,0.0333957560360431,0.1072156649972328,0.1342415691040791,0.0801897609935087,0.8664790772976814,0.9248678505817168,1289.9033876669127,0.0001,imagenet,"1e-3 → 1e-4 at step 2,001",0.0001
3500,14000,140.0,0.0315318772569298,0.0296763267088681,0.0333874279260635,0.1093212712594794,0.1373712602989896,0.0812712823230915,0.8647789854300436,0.9238759755505556,1328.0561453329865,0.0001,imagenet,"1e-3 → 1e-4 at step 2,001",0.0001
3600,14400,144.0,0.0314229210093617,0.0296217316016554,0.0332241101562976,0.1075123760939469,0.1344553412141272,0.0805694089628833,0.8666166893331267,0.9249314940896874,1365.5110533749685,0.0001,imagenet,"1e-3 → 1e-4 at step 2,001",0.0001
3700,14800,148.0,0.0312508172728121,0.0293733328022062,0.0331283016502857,0.1056283920693975,0.1316860937690652,0.0795706900345825,0.8683295130628582,0.9258743135272024,1403.1394014169928,0.0001,imagenet,"1e-3 → 1e-4 at step 2,001",0.0001
3800,15200,152.0,0.0308043155074119,0.029000817509368,0.0326078134775161,0.1076601026998671,0.1346577140905452,0.0806624918248001,0.866599019294527,0.9248592243176336,1440.7788443749305,0.0001,imagenet,"1e-3 → 1e-4 at step 2,001",0.0001
3900,15600,156.0,0.0306001649424433,0.028760091047734,0.0324402390420436,0.1072488017766945,0.1350061716608522,0.079491431944098,0.8676274941869387,0.925485629193918,1478.217370166909,0.0001,imagenet,"1e-3 → 1e-4 at step 2,001",0.0001
4000,16000,160.0,0.0303027506545186,0.0286481890734285,0.0319573122262954,0.1092600838948286,0.1384082826879197,0.080111883503343,0.8660033387282744,0.924589273824965,1515.1703284170944,0.0001,imagenet,"1e-3 → 1e-4 at step 2,001",0.0001
