step,examples_processed,data_passages,learning_rate,train_loss,train_bce,train_soft_dice_loss,validation_loss,validation_bce,validation_soft_dice_loss,validation_mean_iou,validation_mean_dice,elapsed_seconds,subset_repetition,subset_seed,initialization,photometric_augmentation
0,0,0.0,0.001,,,,0.6862850733694321,0.6750598459095278,0.6975102927858029,0.0034602076124567,0.0034602076124567,7.063176041934639,1,17,random,False
100,358,14.32,0.001,0.4370558282732963,0.317229139059782,0.5568825134634972,0.3590470542132236,0.2831183940069073,0.434975713594562,0.656397674980658,0.7770316932403729,42.12558100000024,1,17,random,False
200,716,28.64,0.001,0.2959884823858738,0.2034220097213983,0.3885549548268318,0.2521598025589253,0.2060712798656477,0.2982483262834252,0.7259506858914722,0.8304836116056467,76.22355933394283,1,17,random,False
300,1074,42.96,0.001,0.2343277408182621,0.1791813085228204,0.2894741742312908,0.1948611409400161,0.1826593324181117,0.2070629499775315,0.7488566995454574,0.8475409023559776,110.03560841688886,1,17,random,False
400,1429,57.16,0.001,0.1914034601300955,0.1536092721670866,0.2291976480185985,0.2250595893001886,0.2278559070248092,0.2222632693584402,0.7153112558917546,0.8241753639522745,144.2522239170503,1,17,random,False
500,1787,71.48,0.001,0.1984383600950241,0.1696094769984483,0.2272672411799431,0.2421205697587617,0.2420365494840285,0.2422045902397393,0.6914309184283649,0.8024911530318619,178.8402664999012,1,17,random,False
600,2145,85.8,0.001,0.1646405693143606,0.1395507113263011,0.1897304283082485,0.1887763559199534,0.1827717711150027,0.1947809437154486,0.756442683894943,0.8546671547070749,214.7589312088676,1,17,random,False
700,2500,100.0,0.001,0.1430493146926164,0.1221984799951314,0.1639001496136188,0.1922652623438917,0.2065868395731936,0.1779436817631177,0.7513210589547247,0.8480883110489229,250.35645787487735,1,17,random,False
800,2858,114.32,0.001,0.1321278577297926,0.1167666241154074,0.1474890913069248,0.1873847928839158,0.2095967098864304,0.1651728763712318,0.7691054011049434,0.8595911729898341,284.52395316702314,1,17,random,False
900,3216,128.64,0.001,0.1387408905103802,0.1237372181937098,0.1537445621192455,0.1764496947448559,0.1954802577883314,0.1574191304639136,0.7666251685479432,0.8599596422902505,318.98486312502064,1,17,random,False
1000,3574,142.96,0.001,0.134632231388241,0.1172800142597407,0.15198445007205,0.1994573463618136,0.2280547224939075,0.1708599704359641,0.7515796721751163,0.8478682139184411,353.19617599993944,1,17,random,False
1100,3929,157.16,0.001,0.1110822024941444,0.0965698527172207,0.125594553053379,0.2007233803659986,0.2352394687211637,0.1662072941506197,0.7505209310189134,0.8472205136638453,387.9403198750224,1,17,random,False
1200,4287,171.48,0.001,0.1043994583189487,0.0970514043606817,0.1117475113272667,0.19640554338178,0.2202823447727414,0.1725287437438964,0.7491728640564008,0.8471482082756147,425.717106374912,1,17,random,False
1300,4645,185.8,0.001,0.1105982583947479,0.1024607142433524,0.1187358014285564,0.1771636984752536,0.2036463050075055,0.1506810910149016,0.7706697502214497,0.8629672561473508,460.6865057500545,1,17,random,False
1400,5000,200.0,0.001,0.0991032518073916,0.0928679203614592,0.1053385835886001,0.1930442571021281,0.2231110127120694,0.1629775011828201,0.7640671129863268,0.8585559351335049,495.0830422500149,1,17,random,False
1500,5358,214.32,0.001,0.0883631249144673,0.0814883332513272,0.0952379164099693,0.1937105421067109,0.2332705627469455,0.1541505198165207,0.7656818323191477,0.8573115404739095,529.1234870839398,1,17,random,False
1600,5716,228.64,0.001,0.094566494077444,0.0868605607748031,0.1022724270820617,0.2409912726252136,0.2613729665951745,0.2206095770568583,0.6783087458495556,0.7937879529184304,565.0672378749587,1,17,random,False
1700,6074,242.96,0.001,0.0874013017490506,0.0817910504713654,0.0930115526914596,0.1858786300185642,0.2234245814563493,0.1483326770855068,0.7711979722705681,0.8634908620674121,600.0631842089351,1,17,random,False
1800,6429,257.16,0.001,0.0823392698913812,0.075002153981477,0.0896763853728771,0.1918239464087469,0.2270778250529279,0.1565700664239771,0.7633330046654898,0.8560548900763232,634.7014399589971,1,17,random,False
1900,6787,271.48,0.001,0.0770835155248642,0.0719890998490154,0.0821779315173625,0.1927004622031248,0.2388108572229794,0.1465900674410757,0.7713335282259164,0.862942789519666,668.8607162500266,1,17,random,False
2000,7145,285.8,0.001,0.0613991600275039,0.0562348004709929,0.0665635196864605,0.1898962996100884,0.237727409621836,0.1420651880515075,0.7805388000309138,0.8676163477759752,703.935251833871,1,17,random,False
2100,7500,300.0,0.0001,0.0517672586534172,0.0458468416891992,0.0576876759529113,0.1924751712376683,0.2427496188755266,0.1422007228263934,0.7784243886136779,0.8663671759428999,739.401397791924,1,17,random,False
2200,7858,314.32,0.0001,0.0520031279884278,0.0472664832510054,0.0567397725582122,0.1973845372975491,0.2507413220446827,0.1440277553347155,0.7760849040516867,0.8647114535941416,774.5265836250037,1,17,random,False
2300,8216,328.64,0.0001,0.0509809805452823,0.0458355737756937,0.056126387566328,0.1917875260114669,0.2417342238978943,0.1418408275063062,0.7784555137026259,0.8666404285088274,810.4270681249909,1,17,random,False
2400,8574,342.96,0.0001,0.0561630070209503,0.0507284850534051,0.0615975287556648,0.195647193589425,0.247899844675328,0.143394541162933,0.7754122256115916,0.864720508037933,845.7803037918638,1,17,random,False
2500,8929,357.16,0.0001,0.0484571639075875,0.0437011017464101,0.0532132259011268,0.2015367330770591,0.2561129914229303,0.1469604760717768,0.77042591944313,0.8608977656235546,880.9112432920374,1,17,random,False
2600,9287,371.48,0.0001,0.0612690644711256,0.0555787470052018,0.0669593811035156,0.1982417453119086,0.2512571827144358,0.1452263080125036,0.7739777006419118,0.8633576180752667,916.2280616250356,1,17,random,False
2700,9645,385.8,0.0001,0.0484206194803118,0.0438867000304162,0.0529545390605926,0.1991673003121643,0.2540945363292232,0.144240059448361,0.7750574202932842,0.8640116087089001,951.5941866249776,1,17,random,False
2800,10000,400.0,0.0001,0.0451132966391742,0.0406649948749691,0.0495615983009338,0.1976363308289472,0.252929208909764,0.1423434507888081,0.7767192411584553,0.8653430162901917,986.6195751249325,1,17,random,False
2900,10358,414.32,0.0001,0.0445197583921253,0.0400455775484442,0.0489939391613006,0.1995354433991917,0.2566170660475959,0.1424538202351764,0.7761995230877807,0.865018381396235,1022.4521470419132,1,17,random,False
3000,10716,428.64,0.0001,0.0588066549412906,0.0537795038521289,0.0638338066637516,0.1992721241547574,0.2559368191705855,0.1426074310982516,0.776738680111659,0.8652033830574529,1057.9462615000084,1,17,random,False
3100,11074,442.96,0.0001,0.0429323163628578,0.0382274850690737,0.0476371479034423,0.1988043431901602,0.2556046768249524,0.1420040085241456,0.7772786125494939,0.8655184849958395,1093.4245048339944,1,17,random,False
3200,11429,457.16,0.0001,0.0614964388869702,0.0543367428798228,0.0686561354994773,0.203452647969797,0.2615575842997607,0.1453477117429555,0.7732973071333717,0.8629372119522906,1128.4912789589723,1,17,random,False
3300,11787,471.48,0.0001,0.0431862772256135,0.0383868842665106,0.047985670119524,0.2012500590725341,0.2604971589926617,0.142002958946162,0.776337991246468,0.8649795527409545,1163.866043749964,1,17,random,False
3400,12145,485.8,0.0001,0.0494224415067583,0.0445238985214382,0.0543209838867187,0.2040096818369565,0.2652729265005118,0.1427464373796456,0.7751573476093717,0.8642610167789272,1198.9595908748452,1,17,random,False
3500,12500,500.0,0.0001,0.0446023659501224,0.0393763753445819,0.0498283568024635,0.2048146286431481,0.2672847367075487,0.1423445187225474,0.775486999784983,0.8645195117784282,1234.2754411669448,1,17,random,False
3600,12858,514.32,0.0001,0.0439809938333928,0.0399827128276228,0.0479792746901512,0.2012971125053287,0.2627981572724543,0.1397960685116197,0.7788325202452796,0.8671244142461196,1269.722812833963,1,17,random,False
3700,13216,528.64,0.0001,0.0482935684360563,0.0424411494191735,0.0541459865868091,0.2023487222029676,0.2630081677931815,0.1416892762002648,0.7764389436147834,0.8650060809040381,1305.0299564169254,1,17,random,False
3800,13574,542.96,0.0001,0.0542439119331538,0.0485260943137109,0.0599617290496826,0.203137112530045,0.2632441300009361,0.143030096502865,0.7756036156817206,0.8649559872393843,1340.2890890419949,1,17,random,False
3900,13929,557.16,0.0001,0.0482943308167159,0.0424551236070692,0.0541335378587245,0.2039026443727288,0.267213456770953,0.1405918317682603,0.7781699863948971,0.8660925813515754,1375.4467096668668,1,17,random,False
4000,14287,571.48,0.0001,0.0410888500045985,0.036859128922224,0.0453185713291168,0.202522289794209,0.26489478040319,0.1401498008351837,0.7794017007018764,0.8668765451124395,1410.692960166838,1,17,random,False
0,0,0.0,0.001,,,,0.6862850733694321,0.6750598459095278,0.6975102927858029,0.0034602076124567,0.0034602076124567,6.837731458013877,1,17,random,True
100,358,14.32,0.001,0.4462264201045036,0.3269098097085953,0.565543033182621,0.5004196843473969,0.5398277374287378,0.4610116300285893,0.5151161593907386,0.6618842160996692,44.531170041067526,1,17,random,True
200,716,28.64,0.001,0.3029690761864185,0.2090887027978897,0.3968494495749473,0.2994845694117892,0.2440964587831992,0.354872680865357,0.6822853336547138,0.7978848230612756,80.63851004093885,1,17,random,True
300,1074,42.96,0.001,0.254081874936819,0.1979097124934196,0.3102540376782417,0.2166282060237079,0.1930751936658443,0.2401812171441048,0.74067432339286,0.8412915743628633,117.04562062490731,1,17,random,True
400,1429,57.16,0.001,0.1968503504991531,0.1550383597239852,0.2386623401939868,0.2041992854494537,0.1961742923127738,0.2122242793079891,0.7363558981503715,0.8380713552868985,153.52369116595946,1,17,random,True
500,1787,71.48,0.001,0.1869673838466405,0.1574636223167181,0.2164711439609527,0.2163724724499824,0.2200717099242969,0.2126732365482818,0.7140981484659242,0.8231213572662506,189.88691245787777,1,17,random,True
600,2145,85.8,0.001,0.1789770893007516,0.1533686470985412,0.2045855319499969,0.1862268356097198,0.189574518624474,0.1828791525949656,0.756915805999449,0.853556833107449,226.255970290862,1,17,random,True
700,2500,100.0,0.001,0.1524556602910161,0.1299791830033063,0.1749321374297142,0.2094439227894515,0.2317413744938827,0.1871464733021482,0.7387337635804236,0.8394769352942575,262.7444993748795,1,17,random,True
800,2858,114.32,0.001,0.1374820588529109,0.1211373085901141,0.1538268081843853,0.2019428771672364,0.2374699919075289,0.166415764798755,0.7547757862346096,0.8499192063488519,298.6084324158728,1,17,random,True
900,3216,128.64,0.001,0.1445595746487379,0.1293962659686803,0.1597228844463825,0.2056696667596955,0.2244329799520928,0.1869063538251038,0.7301442974208661,0.8343828802924969,334.44220137503,1,17,random,True
1000,3574,142.96,0.001,0.1372698988765478,0.1189612954109907,0.1555785039067268,0.1895546114980968,0.2083699806854386,0.170739240506116,0.7585593447051248,0.8525435817131741,370.59157474990934,1,17,random,True
1100,3929,157.16,0.001,0.1172165734693408,0.1025982194766402,0.131834926456213,0.2562474027843211,0.2998618136021505,0.2126329887697028,0.6873670831042576,0.802836825141338,407.3649411250371,1,17,random,True
1200,4287,171.48,0.001,0.1315669300407171,0.1202696942910552,0.1428641657531261,0.1885556976687949,0.2058071781297868,0.1713042162281419,0.7555471390770777,0.8511553962501553,443.47625162499025,1,17,random,True
1300,4645,185.8,0.001,0.127625015117228,0.1175940269045531,0.1376560033857822,0.1770059104402997,0.2060450394879575,0.1479667806707864,0.7737963292973584,0.8645709208497981,479.3155550409574,1,17,random,True
1400,5000,200.0,0.001,0.1035980519652366,0.0955318196862936,0.111664282977581,0.1915205727399014,0.2245222709583163,0.1585188753464642,0.7637842602218974,0.8558118397334016,515.8930642909836,1,17,random,True
1500,5358,214.32,0.001,0.0939142183214426,0.0886744429916143,0.0991539938747882,0.1932030503209487,0.234703420045879,0.1517026803897739,0.7661984891875017,0.8572027634912357,552.1484411249403,1,17,random,True
1600,5716,228.64,0.001,0.0878565410897135,0.0803063420951366,0.0954067392647266,0.1941592030252965,0.2308176669282484,0.1575007397410779,0.7603329557712061,0.8533372083659602,588.0756534158718,1,17,random,True
1700,6074,242.96,0.001,0.0949067584425211,0.0893313526920974,0.1004821647703647,0.1907291981072574,0.2245192831981553,0.1569391117788928,0.7635047040581635,0.8567370396303419,624.2185967909172,1,17,random,True
1800,6429,257.16,0.001,0.0828649279288947,0.0743701326753944,0.0913597241044044,0.1838789003221221,0.2201788320260889,0.1475789664525886,0.7776223581232492,0.8648386251229471,660.0837127498817,1,17,random,True
1900,6787,271.48,0.001,0.0899523551017046,0.0846286095492541,0.0952761001884937,0.2065556687673483,0.2538807120908915,0.1592306234844828,0.7566000233989857,0.8501616766339876,696.3082674159668,1,17,random,True
2000,7145,285.8,0.001,0.0721149162389338,0.0674333166331052,0.0767965157330036,0.184107799018543,0.2237454612568588,0.1444701381208162,0.7781042868983533,0.8660476553516321,732.5478425000329,1,17,random,True
2100,7500,300.0,0.0001,0.0577504298835992,0.0516871893499046,0.0638136705756187,0.1831681343201535,0.2268830110354407,0.1394532543565163,0.7840719522310873,0.8698910053512,768.7846551248804,1,17,random,True
2200,7858,314.32,0.0001,0.0574722514674067,0.0531807058118283,0.0617637975513935,0.1882775517689728,0.2331567382420635,0.1433983651411987,0.778073720218498,0.8658254336406481,805.2254024159629,1,17,random,True
2300,8216,328.64,0.0001,0.0554667918570339,0.0497057058196514,0.0612278780341148,0.1901353581141435,0.2383938843197476,0.1418768359303062,0.779423740754939,0.8665991866977887,840.9580463748425,1,17,random,True
2400,8574,342.96,0.0001,0.0596300543099641,0.0540733025968074,0.0651868060231208,0.1909683730363021,0.2391272448132194,0.1428094984750846,0.7784135984046031,0.8660382499433105,877.2369662909769,1,17,random,True
2500,8929,357.16,0.0001,0.0528242631442844,0.0482254856918007,0.0574230405688285,0.1983050672550102,0.2519909238835932,0.1446192140810217,0.7739161458983032,0.8627983181788754,912.9597969579044,1,17,random,True
2600,9287,371.48,0.0001,0.0645484152529388,0.0586385409999638,0.0704582887887954,0.209348532722483,0.2641944186600847,0.1545026496207425,0.761316762271979,0.8539840428933726,948.7523946249858,1,17,random,True
2700,9645,385.8,0.0001,0.0518392016924917,0.0467929163761436,0.0568854868412017,0.1925430227212839,0.2436139991951648,0.1414720471755031,0.7803264524473392,0.8673382231175671,984.8262024580036,1,17,random,True
2800,10000,400.0,0.0001,0.048029032703489,0.0432437508460134,0.0528143145143985,0.1937381541646475,0.2471316767192629,0.1403446319193988,0.7809750260841102,0.8676506655816221,1020.7881520409136,1,17,random,True
2900,10358,414.32,0.0001,0.0481970847956836,0.0440472921170294,0.0523468779027462,0.1920825354368216,0.2450408717443374,0.1391241995933559,0.7824750248155367,0.868990170441026,1056.9509716250468,1,17,random,True
3000,10716,428.64,0.0001,0.0622282431460917,0.0569872712437063,0.0674692149460315,0.2015776127370583,0.2583002902850972,0.1448549372514639,0.7749352992453589,0.8632925614732595,1092.8293662499636,1,17,random,True
3100,11074,442.96,0.0001,0.0481378580909222,0.0424163931142538,0.0538593232631683,0.1948379777294541,0.2485542770694284,0.1411216768426466,0.7803255830818742,0.8671830352133262,1128.4543544158803,1,17,random,True
3200,11429,457.16,0.0001,0.0633112730737775,0.0554588311165571,0.0711637158691883,0.1981544366757349,0.2558462592454105,0.1404626138482539,0.7810721389847209,0.8675408637402262,1164.02604374988,1,17,random,True
3300,11787,471.48,0.0001,0.0470976491086184,0.0425162694044411,0.0516790287196636,0.1894870883556385,0.2429539853107558,0.1360201928442324,0.7864650679150533,0.8714393348443024,1199.462959749857,1,17,random,True
3400,12145,485.8,0.0001,0.053151170304045,0.0481764511764049,0.0581258885562419,0.2054247423026801,0.2666290737044027,0.1442204084775852,0.7746215646028985,0.863061290828743,1235.1730257498566,1,17,random,True
3500,12500,500.0,0.0001,0.0471999077592045,0.0425402764091268,0.0518595395982265,0.1937608949350238,0.2509000675694752,0.1366217196193946,0.7851739835187601,0.8705939882244308,1270.3045201250352,1,17,random,True
3600,12858,514.32,0.0001,0.0465635774936527,0.0428759762318804,0.0502511790394783,0.1916214483419504,0.2482410073280334,0.1350018916245562,0.7881571846331276,0.8724612696280988,1305.7518452908844,1,17,random,True
3700,13216,528.64,0.0001,0.0502273616753518,0.0444573868624866,0.0559973359107971,0.2003974125150165,0.2612731314447924,0.1395216963695407,0.7805535999473737,0.8674377311529731,1341.4247303749437,1,17,random,True
3800,13574,542.96,0.0001,0.0564456492476165,0.0499826452694833,0.0629086528718471,0.2029408051480884,0.2575975199677952,0.1482840891940371,0.7740201442156854,0.8630948343812728,1377.1811599580103,1,17,random,True
3900,13929,557.16,0.0001,0.0506492116115987,0.044217373188585,0.057081049233675,0.2003889687127308,0.2591130887142102,0.1416648498455958,0.7777297220355304,0.8652638737111971,1412.6063279160298,1,17,random,True
4000,14287,571.48,0.0001,0.0436037884093821,0.039433293743059,0.0477742832899093,0.1945130582705501,0.2510754374793656,0.1379506794226623,0.7833234677098524,0.8695732500998378,1447.9273126658518,1,17,random,True
0,0,0.0,0.001,,,,0.6805803738663353,0.661634955439188,0.6995257856936603,0.0034602076124567,0.0034602076124567,6.277366458205506,1,17,imagenet,False
100,358,14.32,0.001,0.3832095417380333,0.2647668676078319,0.5016522142291069,0.2836279357593365,0.2177879719070084,0.3494679016225478,0.7523736418146979,0.8525961635484427,41.48821245809086,1,17,imagenet,False
200,716,28.64,0.001,0.2133392089605331,0.1314735507965088,0.2952048662304878,0.2027827380643996,0.172048595640486,0.2335168836851021,0.8061676778754958,0.8871570583313656,76.30645491718315,1,17,imagenet,False
300,1074,42.96,0.001,0.1282733722776174,0.084084729924798,0.1724620145559311,0.1650215897799363,0.1635746926997359,0.1664684880976033,0.7930681448132124,0.878464783420447,110.98943041707388,1,17,imagenet,False
400,1429,57.16,0.001,0.0857336311787366,0.0585493072122335,0.112917955070734,0.1485917912635011,0.1524480409585068,0.1447355415169343,0.821560060460143,0.8966522250418412,145.40352129214443,1,17,imagenet,False
500,1787,71.48,0.001,0.0680065150931477,0.0511256609857082,0.0848873689770698,0.1380628701106074,0.1620233718396058,0.1141023681238035,0.8307498397324331,0.9019161185872908,180.81975300004703,1,17,imagenet,False
600,2145,85.8,0.001,0.0678956687077879,0.0554962535202503,0.080295083373785,0.158069071318039,0.1808694166914402,0.1352687267696156,0.8097823203830377,0.8877743098941151,216.33022650005296,1,17,imagenet,False
700,2500,100.0,0.001,0.0565511617064476,0.0473399387858808,0.0657623846828937,0.1510459049556494,0.1819826236645655,0.1201091862467333,0.8156121942430757,0.8921135791083056,251.23450954211876,1,17,imagenet,False
800,2858,114.32,0.001,0.0569793070666492,0.0484595788270235,0.0654990346729755,0.1733624937212591,0.209317088024014,0.1374079017903153,0.7960311163582524,0.8783137497617322,286.6092773331329,1,17,imagenet,False
900,3216,128.64,0.001,0.0558718605153262,0.0460078147985041,0.0657359056174755,0.1628008101225724,0.2037743075805551,0.1218273150879619,0.8054094581773726,0.8859175784636188,322.1817484581843,1,17,imagenet,False
1000,3574,142.96,0.001,0.0450124406442046,0.0349582050461322,0.0550666764378547,0.1429276755627463,0.1763991903268754,0.1094561615204728,0.8320637954594954,0.9026983956361996,357.7641923332121,1,17,imagenet,False
1100,3929,157.16,0.001,0.0349587173573672,0.0294325897563248,0.0404848450422287,0.1514749265047093,0.1915697899347358,0.111380064569955,0.8232635729893243,0.8974784800699892,393.6789159581531,1,17,imagenet,False
1200,4287,171.48,0.001,0.0310158728342503,0.0266989774815738,0.0353327684104442,0.1668315683475415,0.2183332299897415,0.1153299078396859,0.814998287953578,0.8915369661920024,428.7352250001859,1,17,imagenet,False
1300,4645,185.8,0.001,0.0404223112389445,0.034258289868012,0.0465863324701786,0.1590289541594297,0.2030793109773352,0.1149785968259131,0.8157616780158315,0.8922278385087584,463.60122720804065,1,17,imagenet,False
1400,5000,200.0,0.001,0.0279792769066989,0.0244095035549253,0.0315490500628948,0.1471586687857717,0.1923200415904959,0.1019972969091474,0.8323019765409776,0.9033566854214736,498.016181625193,1,17,imagenet,False
1500,5358,214.32,0.001,0.0254799172841012,0.022213246487081,0.0287465880811214,0.1530122949796564,0.203442698892425,0.1025818901903489,0.8316701846862844,0.902679196825131,533.6590955420397,1,17,imagenet,False
1600,5716,228.64,0.001,0.0236554013006389,0.0204514052718877,0.0268593974411487,0.1592853646274256,0.2150205349014704,0.1035501940440141,0.8283095074914723,0.9006334984708437,569.3885003752075,1,17,imagenet,False
1700,6074,242.96,0.001,0.0222864371119067,0.0193150067050009,0.0252578672766685,0.1506147285130609,0.2025322076771086,0.0986972488334022,0.8368371931600475,0.905659319049192,605.0613574581221,1,17,imagenet,False
1800,6429,257.16,0.001,0.0557882837112993,0.0521318211220204,0.0594447468221187,0.1723373660682394,0.2154351831719949,0.129239551336295,0.799324752996277,0.881369557655116,640.4973995001055,1,17,imagenet,False
1900,6787,271.48,0.001,0.0434641128964722,0.0384725707862526,0.0484556543827056,0.1803079528998338,0.2392946916880492,0.1213212118429296,0.803867862072318,0.8832413194127131,675.5750892499927,1,17,imagenet,False
2000,7145,285.8,0.001,0.0296020844578742,0.0267919806111603,0.0324121883511543,0.1565316259139136,0.2079113661005422,0.1051518851085517,0.8292872584789275,0.9000549905569105,710.6028972500935,1,17,imagenet,False
2100,7500,300.0,0.0001,0.0247426661476492,0.0216499349800869,0.027835397273302,0.1626277782512783,0.2188426437674921,0.1064129137662867,0.8264769749660594,0.8978730979158285,745.314220083179,1,17,imagenet,False
2200,7858,314.32,0.0001,0.0244218255765736,0.0216787049174308,0.027164946347475,0.1635209610717931,0.2200883229401697,0.1069535992549777,0.8261026470576588,0.8973725941838749,780.1597337920684,1,17,imagenet,False
2300,8216,328.64,0.0001,0.0245784101728349,0.0221835747547447,0.0269732455909252,0.1606196814239231,0.2152882085848844,0.105951153902034,0.8272060105157462,0.8982797554623814,814.6776760001667,1,17,imagenet,False
2400,8574,342.96,0.0001,0.025636865850538,0.0218635914474725,0.0294101399183273,0.1620358947960975,0.2174593724284617,0.1066124152559722,0.8256771012318997,0.8973913234162515,849.333077083109,1,17,imagenet,False
2500,8929,357.16,0.0001,0.0230842954851686,0.0203595529403537,0.0258090381324291,0.1597048487630269,0.2144898442248572,0.1049198533011967,0.82794481040342,0.8988988830247624,883.8847629171796,1,17,imagenet,False
2600,9287,371.48,0.0001,0.0254217010270804,0.0207381111895665,0.0301052908599376,0.1655423907260168,0.2225956698189969,0.1084891118392812,0.8232210835247096,0.8956246925529895,918.755781542044,1,17,imagenet,False
2700,9645,385.8,0.0001,0.0224325102288275,0.0200470767356455,0.0248179437220096,0.1660734651719822,0.2255402172828628,0.1066067136282739,0.8261116073767243,0.8974221330955501,953.6533228331244,1,17,imagenet,False
2800,10000,400.0,0.0001,0.0223604178614914,0.0199452129704877,0.024775622934103,0.1548178450149648,0.2077299039875347,0.101905787486106,0.8324107645794028,0.9019245026325954,988.2264174581504,1,17,imagenet,False
2900,10358,414.32,0.0001,0.0215295082144439,0.019164783898741,0.0238942323625087,0.1582432035034503,0.2135149535423331,0.1029714548051563,0.8316875843286827,0.9009164901152056,1023.9693389581516,1,17,imagenet,False
3000,10716,428.64,0.0001,0.0248473775014281,0.0203618955612182,0.0293328592181205,0.1645103609995033,0.2227205050960956,0.1063002172638388,0.8264708728854453,0.8974711889319903,1059.5978380001616,1,17,imagenet,False
3100,11074,442.96,0.0001,0.0206095341034233,0.0182005358440801,0.0230185323953628,0.1644185418488657,0.2233801477920637,0.1054569359056677,0.8274635153004661,0.8982506757243994,1094.841212542029,1,17,imagenet,False
3200,11429,457.16,0.0001,0.0223885020334273,0.0184976787259802,0.0262793251872062,0.1673795196733672,0.2276084932488966,0.1071505435197823,0.8254335292961692,0.8967602224907466,1129.928059417056,1,17,imagenet,False
3300,11787,471.48,0.0001,0.020671008164063,0.0183315890002995,0.0230104275047779,0.1638009447643088,0.2226100117999377,0.1049918788114633,0.8274678271878827,0.8985353987950516,1166.2597502500284,1,17,imagenet,False
3400,12145,485.8,0.0001,0.0213096593273803,0.0184596978547051,0.0241596208512783,0.1606534268307438,0.2179346877089008,0.1033721663135145,0.8298157144170619,0.9002476751350867,1201.73717149999,1,17,imagenet,False
3500,12500,500.0,0.0001,0.0205252002039924,0.0181378791155293,0.022912521213293,0.164837273810974,0.2251037037496335,0.1045708462441256,0.8284534572496286,0.8989172457207921,1236.727041167207,1,17,imagenet,False
3600,12858,514.32,0.0001,0.0205627052159979,0.0184557136893272,0.0226696966588497,0.1651322766880675,0.2259015120230744,0.1043630409405718,0.8286231725629716,0.8991270654131938,1271.4761138330214,1,17,imagenet,False
3700,13216,528.64,0.0001,0.020620694225654,0.0180294037377461,0.0232119846343994,0.1669591877184112,0.2294514725777517,0.1044669033746818,0.8275041630062092,0.898602331236734,1306.059736583149,1,17,imagenet,False
3800,13574,542.96,0.0001,0.0205846100673079,0.0175231275521218,0.0236460925638675,0.1634514681917573,0.2230887499647569,0.1038141856969021,0.8289085065689911,0.8995305874572092,1341.2966543750372,1,17,imagenet,False
3900,13929,557.16,0.0001,0.0199985219445079,0.0173211428988724,0.0226759010553359,0.1684247866324487,0.2323625378542705,0.1044870336575491,0.8270272022044264,0.898512340561454,1376.6180990419816,1,17,imagenet,False
4000,14287,571.48,0.0001,0.0192638097191229,0.017108358554542,0.0214192607998847,0.1654448207068195,0.2266872055493424,0.1042024357096134,0.827863628513491,0.8991061015240134,1412.274042917183,1,17,imagenet,False
0,0,0.0,0.001,,,,0.6805803738663353,0.661634955439188,0.6995257856936603,0.0034602076124567,0.0034602076124567,6.305468915961683,1,17,imagenet,True
100,358,14.32,0.001,0.3862707814574241,0.2677993926405906,0.5047421702742576,0.2789144262310543,0.2096402567769417,0.3481885916634002,0.7797901159034721,0.870146469047829,41.97260425006971,1,17,imagenet,True
200,716,28.64,0.001,0.2146072544157505,0.1318665896356105,0.2973479208350181,0.2270985978903655,0.1864067519721688,0.2677904437570011,0.8012853430223144,0.8840536405638958,78.06506858300418,1,17,imagenet,True
300,1074,42.96,0.001,0.1331878312677145,0.0869105995073914,0.1794650623202324,0.1714013919079592,0.1642615755949053,0.1785412073960353,0.7903231081535916,0.8761972696158309,113.7336480410304,1,17,imagenet,True
400,1429,57.16,0.001,0.0950382405519485,0.0672485062852501,0.1228279742598533,0.1599669268799488,0.1620556638933795,0.1578781895571514,0.8079778912674316,0.8866136901181214,148.9388245830778,1,17,imagenet,True
500,1787,71.48,0.001,0.070034337490797,0.051721882391721,0.0883467929065227,0.1583955737546241,0.1784610456455125,0.1383301023793468,0.811511123164055,0.8890936327969128,185.454467457952,1,17,imagenet,True
600,2145,85.8,0.001,0.0647076192870736,0.0517924834042787,0.07762275531888,0.1606071272213979,0.1889780927900624,0.1322361651588888,0.8141208190417447,0.8892403529539096,221.38965174998157,1,17,imagenet,True
700,2500,100.0,0.001,0.0505968922376632,0.0411619899608194,0.0600317944586277,0.1656680603134591,0.1965188433039147,0.1348172780964201,0.8028318188643994,0.8830554791854316,257.03807274997234,1,17,imagenet,True
800,2858,114.32,0.001,0.0527594027481973,0.0439910049550235,0.0615278004109859,0.15618035893333,0.1879594980845401,0.1244012206070975,0.8119562829370975,0.888611141667992,292.7618004998658,1,17,imagenet,True
900,3216,128.64,0.001,0.0488610455207526,0.0413857617601752,0.0563363292813301,0.1783651606434357,0.2341886854192377,0.122541634681728,0.8012106846584164,0.8830938516913308,328.4395298329182,1,17,imagenet,True
1000,3574,142.96,0.001,0.0491794886253774,0.0402656522020697,0.0580933251976966,0.1495094187944405,0.1871034429250704,0.1119153951278607,0.8233163864765866,0.8973345174105972,363.80504079093225,1,17,imagenet,True
1100,3929,157.16,0.001,0.0569347156397998,0.0526007282733917,0.0612687028944492,0.1666773678831575,0.2066750180968776,0.1266797160194819,0.8060600648526774,0.8853212447501684,399.2417879998684,1,17,imagenet,True
1200,4287,171.48,0.001,0.0357104774191975,0.0311520790681242,0.0402688758075237,0.1490185945504264,0.1876399147366157,0.1103972757563871,0.8247014253840773,0.8976773459186738,434.70906049991027,1,17,imagenet,True
1300,4645,185.8,0.001,0.0471008908469229,0.0419782762043178,0.0522235052287578,0.1661077398536114,0.2108523141347826,0.1213631652630736,0.8052742616283275,0.8857710939289117,470.5366834579035,1,17,imagenet,True
1400,5000,200.0,0.001,0.0343077445495873,0.0303773227427154,0.0382381661236286,0.1556255304895882,0.2000743254864504,0.1111767347708705,0.8195037009422548,0.8947961312365702,506.6667737080715,1,17,imagenet,True
1500,5358,214.32,0.001,0.0293771130964159,0.0256547357421368,0.0330994902551174,0.1563518868701268,0.2046560506404064,0.1080477229451638,0.8253394735571589,0.8980419061913406,542.7063074579928,1,17,imagenet,True
1600,5716,228.64,0.001,0.0266617815010249,0.0231100136693567,0.0302135494351387,0.1590616373557945,0.2097338404519335,0.1083894365799055,0.8239392092982722,0.8972629787119776,623.1515619999263,1,17,imagenet,True
1700,6074,242.96,0.001,0.0236209290567785,0.0204521012259647,0.0267897567152976,0.1574446404784608,0.2105969381889257,0.1042923424070681,0.82975947285238,0.9006108110618581,794.8187602909748,1,17,imagenet,True
1800,6429,257.16,0.001,0.0332634646538645,0.0292047336325049,0.0373221957683563,0.1776433322050167,0.2360293024757741,0.1192573612124037,0.8082213370461767,0.8857665886607474,970.6667429578956,1,17,imagenet,True
1900,6787,271.48,0.001,0.0376544965989887,0.0340777260251343,0.0412312673032283,0.1978109484106611,0.2706127725670494,0.1250091240480284,0.7921195545783125,0.8766780042608371,1145.1571895829402,1,17,imagenet,True
2000,7145,285.8,0.001,0.0381021456513553,0.0356382399890571,0.0405660513043403,0.1651175420692635,0.2183535807479211,0.111881504834317,0.8188101068697626,0.8934718779690866,1318.2392466659658,1,17,imagenet,True
2100,7500,300.0,0.0001,0.0256860142899677,0.0225475687999278,0.0288244597613811,0.165297638740919,0.2203321809587181,0.1102630976574643,0.8200470162634682,0.8942972830155325,1506.9545794578737,1,17,imagenet,True
2200,7858,314.32,0.0001,0.025184523537755,0.0224507011100649,0.0279183460772037,0.1577298988211113,0.2101490019617608,0.1053107935664563,0.8271808004278383,0.899142739196492,1589.854744040873,1,17,imagenet,True
2300,8216,328.64,0.0001,0.0241597052756696,0.0214325905451551,0.0268868200480937,0.1608657866303896,0.2152727580400486,0.1064588153238527,0.8251299792417182,0.8978096677076057,1625.715998416068,1,17,imagenet,True
2400,8574,342.96,0.0001,0.0274355684127658,0.0227312276698648,0.0321399091184139,0.1650404837304745,0.2200671342108076,0.1100138341266803,0.8202155515991688,0.8942336446460855,1661.756877958076,1,17,imagenet,True
2500,8929,357.16,0.0001,0.0235977635812014,0.0208043376170098,0.0263911896944046,0.1632156526753646,0.2179545396648888,0.1084767646030571,0.8218617614286453,0.8955492745160203,1697.681808958063,1,17,imagenet,True
2600,9287,371.48,0.0001,0.0260667698085308,0.0213823642721399,0.030751175135374,0.1645091854061635,0.2194676808626181,0.1095506905684421,0.8209727469020107,0.8947423227225482,1733.7961444158573,1,17,imagenet,True
2700,9645,385.8,0.0001,0.0230651234649121,0.0206818382441997,0.0254484087228775,0.165753324190638,0.2227722541477441,0.1087343948522653,0.8218392218073449,0.8954838591885228,1770.05198787502,1,17,imagenet,True
2800,10000,400.0,0.0001,0.0224226581584662,0.0197904248628765,0.0250548914074897,0.1659916918273615,0.2232043238350264,0.1087790570869577,0.8217128514436385,0.8950796313660332,1806.4264641660263,1,17,imagenet,True
2900,10358,414.32,0.0001,0.0219719998445361,0.0195689678657799,0.0243750318884849,0.1689758312124694,0.2282775668330671,0.109674095694994,0.820261321049301,0.8944090247117019,1842.6623760410585,1,17,imagenet,True
3000,10716,428.64,0.0001,0.0254709389060735,0.0209740830725058,0.0299677950143814,0.1729092262814201,0.2338138537732787,0.1120045977067782,0.8168988206994111,0.8919881752116985,1878.948651958024,1,17,imagenet,True
3100,11074,442.96,0.0001,0.0212698180275037,0.0188005051109939,0.0237391309440135,0.169534491110838,0.2289394203148086,0.1101295636599451,0.8194713443649896,0.8937536101527588,1915.1421619579196,1,17,imagenet,True
3200,11429,457.16,0.0001,0.0230775969661772,0.0193169587990269,0.026838235259056,0.1709530397373087,0.2325780119966058,0.1093280684576727,0.8209247787446327,0.8946269383392482,1951.1407757909035,1,17,imagenet,True
3300,11787,471.48,0.0001,0.0211281764600425,0.018615054260008,0.0236412985622882,0.1685160480465443,0.2269485924380048,0.1100835024691783,0.8193344090761505,0.8936238755041429,1987.3671649158932,1,17,imagenet,True
3400,12145,485.8,0.0001,0.0214004217321053,0.0186554335383698,0.0241454099118709,0.1681091128026738,0.2262207175827356,0.1099975080226119,0.8201529764949904,0.8939866070414367,2023.4195098748896,1,17,imagenet,True
3500,12500,500.0,0.0001,0.0210902411676943,0.0186901956843212,0.0234902866184711,0.1669499896801879,0.2268536469824998,0.1070463306763592,0.8242211864870969,0.8964980735890815,2059.2558222908992,1,17,imagenet,True
3600,12858,514.32,0.0001,0.0210735467588529,0.0189562281407415,0.0231908652186393,0.1668893437072067,0.2266458676657462,0.1071328209345728,0.8242323508367172,0.8966274820607539,2095.3819255828857,1,17,imagenet,True
3700,13216,528.64,0.0001,0.0206784291286021,0.018035822045058,0.0233210362493991,0.1678746445265608,0.2297428297749027,0.1060064587626077,0.8253537184806781,0.8972033783762828,2131.6017414580565,1,17,imagenet,True
3800,13574,542.96,0.0001,0.0209115756209939,0.0178096129931509,0.0240135385096073,0.1689493880964893,0.229896802648541,0.1080019725647764,0.8224277308041825,0.8954825387159844,2167.6586316248868,1,17,imagenet,True
3900,13929,557.16,0.0001,0.0203263144288212,0.0176741057448089,0.0229785230755805,0.172176414604418,0.2372308433777733,0.1071219871200904,0.823012884619708,0.8960780544802718,2203.855408750009,1,17,imagenet,True
4000,14287,571.48,0.0001,0.0200291511043906,0.0178872940409928,0.0221710082888603,0.1691207616593186,0.2304303789427536,0.107811145510228,0.8222518165230455,0.8957558666070582,2240.270842958009,1,17,imagenet,True
0,0,0.0,0.001,,,,0.6862850733694321,0.6750598459095278,0.6975102927858029,0.0034602076124567,0.0034602076124567,7.293803957989439,2,29,random,False
100,358,14.32,0.001,0.4134005385637283,0.2981709322333336,0.528630146086216,0.4155906331580403,0.3630368370292096,0.4681444267088154,0.6184570169560887,0.741941989360198,44.23132558306679,2,29,random,False
200,716,28.64,0.001,0.272043791115284,0.1923126234859228,0.3517749589681625,0.2552068750132326,0.2172817080491141,0.2931320446585289,0.71257367048835,0.8227937778847719,79.7448985830415,2,29,random,False
300,1074,42.96,0.001,0.2029968809336423,0.1536090844124555,0.2523846764862537,0.2053061663898217,0.1951242508978992,0.2154880840473109,0.7341427202083044,0.8372674254537719,114.9346875420306,2,29,random,False
400,1429,57.16,0.001,0.157798363789916,0.1264163848757744,0.1891803449392318,0.198329588430563,0.1943278116235271,0.2023313633298379,0.7493390811337121,0.8475062320954914,150.73652675002813,2,29,random,False
500,1787,71.48,0.001,0.1448216263577342,0.1228794765099883,0.1667637738585472,0.191546094046332,0.2012670454166339,0.1818251428307134,0.7571142260887215,0.8529481173004231,186.53961424995217,2,29,random,False
600,2145,85.8,0.001,0.1329166230559349,0.1168337716907262,0.148999475389719,0.193823224326731,0.2113142095531971,0.1763322365737704,0.7523007007272968,0.8501948679857761,222.2595783751458,2,29,random,False
700,2500,100.0,0.001,0.1084288956224918,0.0950498025864362,0.1218079885840416,0.1929828309064093,0.2104735720941352,0.1754920907499056,0.7500578242655711,0.8477759458445037,257.85477745812386,2,29,random,False
800,2858,114.32,0.001,0.1083232886344194,0.0978624270483851,0.118784150481224,0.1939019810369683,0.2114764259142034,0.1763275366753443,0.7430242568760951,0.8419316799509321,293.55837741703726,2,29,random,False
900,3216,128.64,0.001,0.0956213952973485,0.0879740670882165,0.1032687248289585,0.1784764574163925,0.1967353569182557,0.160217554099007,0.763538356078185,0.8587762804205076,329.7234995421022,2,29,random,False
1000,3574,142.96,0.001,0.0806328781694173,0.0740202026255428,0.0872455535829067,0.2030813321729019,0.2330927168724858,0.1730699504123014,0.741188534184264,0.8418320114021189,365.5379990830552,2,29,random,False
1100,3929,157.16,0.001,0.0833255296945571,0.0769434699602425,0.0897075898945331,0.1866349626371192,0.2094856639840611,0.1637842591246106,0.7591323421853751,0.8529132227890147,401.0254427080508,2,29,random,False
1200,4287,171.48,0.001,0.0824637093394994,0.0771128232404589,0.0878145943582058,0.1764224586705435,0.2021902804762434,0.150654635627377,0.7721357412537391,0.8631224261937661,436.35755870793946,2,29,random,False
1300,4645,185.8,0.001,0.0723957891762256,0.0675843858532607,0.0772071926295757,0.1818242720666641,0.2137171140385334,0.1499314285479615,0.7704401777182455,0.8618618384380641,471.8184628330637,2,29,random,False
1400,5000,200.0,0.001,0.062526398487389,0.05785933483392,0.0671934631466865,0.2144439977345582,0.2543729038387021,0.1745150936928587,0.7324889112720879,0.836807367043593,507.071694042068,2,29,random,False
1500,5358,214.32,0.001,0.0554129353538155,0.0514795704558491,0.0593463003635406,0.2125872075042097,0.2615237741321841,0.1636506430418021,0.7465010807240533,0.8447342555105857,542.6397826250177,2,29,random,False
1600,5716,228.64,0.001,0.0572618738468736,0.0533145001716911,0.0612092477083206,0.2097622658348413,0.2561030140900694,0.1634215168061966,0.7445058477218343,0.844584317107901,578.2120047919452,2,29,random,False
1700,6074,242.96,0.001,0.0720506698824465,0.0668943594396114,0.0772069804370403,0.173969126180794,0.2051907786551643,0.1427474749954514,0.777013613828057,0.868265547027554,613.6541065420024,2,29,random,False
1800,6429,257.16,0.001,0.0633777851425111,0.059332385379821,0.0674231843650341,0.1994259052210613,0.2467016043031916,0.1521502054686364,0.7616163661895674,0.8555034015939291,649.1384350829758,2,29,random,False
1900,6787,271.48,0.001,0.0754399122484028,0.0723249578103423,0.0785548670589923,0.1819151829683244,0.2167181283957405,0.1471122393971083,0.7763571857310656,0.865400328199765,685.5533662501257,2,29,random,False
2000,7145,285.8,0.001,0.0718812709860503,0.0690071772225201,0.0747553646564483,0.2009091658266358,0.2465420624170336,0.1552762698549712,0.7632073022267575,0.8556836435224466,720.9032314999495,2,29,random,False
2100,7500,300.0,0.0001,0.0517841753922402,0.0467665272206068,0.056801823079586,0.1880396755096409,0.2321984707587318,0.1438808818589445,0.7749027770911282,0.8644987223882782,755.9201021250337,2,29,random,False
2200,7858,314.32,0.0001,0.0491153684072196,0.0451842275820672,0.0530465093255043,0.1852965167752599,0.2285301080005804,0.1420629259624283,0.7779286433879652,0.8663158772360109,790.9437244171277,2,29,random,False
2300,8216,328.64,0.0001,0.0449678352475166,0.0412041246797889,0.0487315455079078,0.1886927778333116,0.2359413324136635,0.1414442241810597,0.7777972466476508,0.8661155697372482,826.4197065001354,2,29,random,False
2400,8574,342.96,0.0001,0.0430915677733719,0.0398695980943739,0.0463135373592376,0.1904687580352836,0.2368700199061199,0.1440674980206473,0.7747481503912405,0.8639453063209528,861.7024287921377,2,29,random,False
2500,8929,357.16,0.0001,0.0432289702445268,0.0394760886766016,0.0469818519055843,0.1941288591049946,0.2453123033046722,0.142945412121017,0.7753146593686605,0.8646832190688813,896.7660164581612,2,29,random,False
2600,9287,371.48,0.0001,0.0435567419044673,0.0403059652727097,0.0468075183033943,0.1856308959965887,0.2324543018345189,0.1388074906227085,0.782560838730265,0.8692165019314761,932.019236500142,2,29,random,False
2700,9645,385.8,0.0001,0.0419882304966449,0.0390033605229109,0.044973100721836,0.1897674462787008,0.2394806275524482,0.1400542626331421,0.7784522633726613,0.8666423033626891,967.358803542098,2,29,random,False
2800,10000,400.0,0.0001,0.0427458667196333,0.0399092430062592,0.0455824901163578,0.1910181505972951,0.2421076564846566,0.1399286475973558,0.7784977560912011,0.8667017916156232,1002.5196978331078,2,29,random,False
2900,10358,414.32,0.0001,0.0404871850647032,0.0373843261972069,0.0435900442302227,0.1895436175348024,0.240147144427349,0.1389400915703559,0.7805615410709497,0.8678911626242677,1037.776363500161,2,29,random,False
3000,10716,428.64,0.0001,0.0418112791143357,0.0396213276218622,0.0440012304484844,0.191615662927446,0.2436356970389409,0.1395956267535067,0.7785615831626952,0.8667362656862149,1073.414366167039,2,29,random,False
3100,11074,442.96,0.0001,0.0386979980021715,0.0358317214716225,0.0415642748773098,0.1911375000815078,0.2425635348244934,0.139711464358861,0.779202312704828,0.8669373384885436,1108.7694074581375,2,29,random,False
3200,11429,457.16,0.0001,0.037904169075191,0.0349771825037896,0.0408311556279659,0.193068347381473,0.2479368352353779,0.1381998588057125,0.7804193886440083,0.867766746482077,1143.4831517499406,2,29,random,False
3300,11787,471.48,0.0001,0.0365345949307084,0.0334804576728492,0.0395887321233749,0.1939320623049686,0.2485759973938489,0.1392881292785327,0.7797156547613875,0.8671466840376567,1178.65988633316,2,29,random,False
3400,12145,485.8,0.0001,0.0373636278975754,0.0346910321805626,0.0400362235307693,0.1910902145205897,0.2441127492069785,0.1380676806591786,0.7817175833258867,0.8686052453010283,1213.8581544579938,2,29,random,False
3500,12500,500.0,0.0001,0.0376884853653609,0.0349935933388769,0.0403833773732185,0.1906835914792486,0.2442309075779568,0.1371362759992738,0.7820522350173199,0.8689422572651511,1248.785297542112,2,29,random,False
3600,12858,514.32,0.0001,0.0370423074997961,0.0343175498954951,0.039767065346241,0.1937312693125649,0.2490839049168524,0.1383786341723273,0.7809348058000087,0.8680237610744109,1284.121193625033,2,29,random,False
3700,13216,528.64,0.0001,0.0370481270737946,0.0341826861537993,0.0399135679006576,0.1917299934530753,0.2464723966525912,0.1369875906660482,0.7825290539494482,0.869142759929112,1319.0773989169393,2,29,random,False
3800,13574,542.96,0.0001,0.0366889371350407,0.0338986355811357,0.0394792385399341,0.1912288757550262,0.2445825597200426,0.1378751925118654,0.7817233017985888,0.8685244947035956,1353.8194508750455,2,29,random,False
3900,13929,557.16,0.0001,0.0369389801751822,0.0339788145013153,0.0398991459608078,0.1920406631738669,0.2452443455020449,0.1388369831659389,0.7803632146825747,0.8676657288368332,1388.3500391249545,2,29,random,False
4000,14287,571.48,0.0001,0.0336691176332533,0.0306878858432173,0.0366503494977951,0.1940382332331581,0.2499484423947582,0.138128024484047,0.7804285423512325,0.8677810846482141,1422.9694505000953,2,29,random,False
0,0,0.0,0.001,,,,0.6862850733694321,0.6750598459095278,0.6975102927858029,0.0034602076124567,0.0034602076124567,6.262089709052816,2,29,random,True
100,358,14.32,0.001,0.4176770296692848,0.3016443048417568,0.5337097573280335,0.3885542333744801,0.3130202453751052,0.4640882242097162,0.5313104644599218,0.6751962463323865,42.61658370913938,2,29,random,True
200,716,28.64,0.001,0.2808782324194908,0.1990122947096824,0.3627441668510437,0.2684460677283858,0.2204202832750795,0.3164718528519865,0.6846054826820505,0.8009924470058697,79.35681220912375,2,29,random,True
300,1074,42.96,0.001,0.2091551838815212,0.1579905803501606,0.2603197872638702,0.1916835769031287,0.1744480441907697,0.2089191118326154,0.7514299367552522,0.8496688331413215,115.52746425010264,2,29,random,True
400,1429,57.16,0.001,0.1626440085470676,0.1307586967200041,0.1945293205976486,0.2246821866109709,0.2157037528328417,0.2336606197703668,0.7082207613344715,0.8217058341221796,151.76614850014448,2,29,random,True
500,1787,71.48,0.001,0.1431104927137494,0.1207997274398803,0.1654212594032287,0.2074114788568556,0.2221478225863103,0.192675134302423,0.7256541828026999,0.8310588934592449,187.91712158406153,2,29,random,True
600,2145,85.8,0.001,0.1361008378118276,0.1187920637056231,0.1534096118807792,0.1978221065445342,0.2153372789336735,0.1803069349803726,0.7425470662295872,0.8427389127083904,227.62152845901437,2,29,random,True
700,2500,100.0,0.001,0.1151554279401898,0.1002542441710829,0.1300566114485263,0.1732556094966545,0.1777677650476409,0.1687434550800125,0.7663962265018105,0.8587947237940251,264.5779941249639,2,29,random,True
800,2858,114.32,0.001,0.1046997337415814,0.0946625197306275,0.1147369480133056,0.2229779535923862,0.2447728274396546,0.2011830808794622,0.7107346557891518,0.8191096011340496,301.7474122920539,2,29,random,True
900,3216,128.64,0.001,0.1073340372741222,0.0992233364656567,0.1154447378218174,0.1960279283639056,0.2019175537523513,0.1901383024598488,0.7381054367352912,0.8388044332224562,338.7634934170637,2,29,random,True
1000,3574,142.96,0.001,0.0904201055690646,0.0824567904695868,0.0983834201097488,0.18951837775204,0.2145319200510797,0.1645048345249004,0.7573887895860785,0.8523327690533642,375.7050584589597,2,29,random,True
1100,3929,157.16,0.001,0.0861047064140439,0.0782559749484062,0.0939534373581409,0.2025774691034765,0.2385019212703391,0.1666530168592723,0.7469530834124949,0.8454100573723902,412.48610716708936,2,29,random,True
1200,4287,171.48,0.001,0.0759186932444572,0.0704749166965484,0.081362469792366,0.1775457010343413,0.2036502553104942,0.1514411457269662,0.7718093947188122,0.8624427564776292,449.4228783340659,2,29,random,True
1300,4645,185.8,0.001,0.0963556091301143,0.0902388397604227,0.1024723787605762,0.1998373933110682,0.2297607952129469,0.1699139898623562,0.7524221347744608,0.8480192015478324,486.5590499169193,2,29,random,True
1400,5000,200.0,0.001,0.0843443932011723,0.0786479493789374,0.0900408369302749,0.1819866239302711,0.2129627217677225,0.1510105265053085,0.7730933688985201,0.862316710264386,523.4675167091191,2,29,random,True
1500,5358,214.32,0.001,0.0748620773851871,0.0701137835532426,0.0796103706955909,0.1818471739139524,0.2165160303916073,0.1471783211486974,0.7772930995482468,0.8650115045741088,560.7126822499558,2,29,random,True
1600,5716,228.64,0.001,0.0626680823229253,0.058505567125976,0.0668305975198745,0.20235095892398,0.2320627444858782,0.1726391754760874,0.7417759565228774,0.8407405208372728,597.7825842089951,2,29,random,True
1700,6074,242.96,0.001,0.0715257247909903,0.0669689320772886,0.0760825170576572,0.196453635152236,0.2376901045390066,0.1552171628780431,0.7622231944864774,0.8548755017906835,634.451949584065,2,29,random,True
1800,6429,257.16,0.001,0.0654579447954893,0.0612407085020095,0.069675181210041,0.1893364847943857,0.2254362608528467,0.1532367094577802,0.769361629572036,0.8602404673641123,671.1500983750448,2,29,random,True
1900,6787,271.48,0.001,0.0595813769940286,0.0573474539630115,0.0618152993917465,0.188298386943794,0.2338132045673251,0.1427835710733407,0.7777463948041976,0.8654360609178827,708.0590517921373,2,29,random,True
2000,7145,285.8,0.001,0.0543765345774591,0.0506676885019987,0.0580853809416294,0.1937864501171046,0.2425753947566537,0.1449975066118999,0.777180219119015,0.8644856818160832,745.3195458750706,2,29,random,True
2100,7500,300.0,0.0001,0.0474477215856313,0.0429286467097699,0.0519667963683605,0.1831075520251449,0.2255548727553608,0.1406602302637067,0.7824695368906662,0.8682717809374316,782.0573571671266,2,29,random,True
2200,7858,314.32,0.0001,0.0436611044593155,0.0404766585491597,0.0468455502390861,0.1851371538577195,0.2297630696766929,0.140511236595035,0.7818572447999201,0.8680921192100493,819.2704835841432,2,29,random,True
2300,8216,328.64,0.0001,0.0417938221991062,0.0382910430803895,0.0452966018021106,0.1849835813045501,0.2313196820474413,0.1386474797882423,0.7844799799987222,0.8695740090736448,856.3272007501218,2,29,random,True
2400,8574,342.96,0.0001,0.040259301494807,0.0373082556854933,0.0432103471457958,0.1861752059220442,0.2326108316236713,0.1397395779517282,0.7828262893453299,0.8686531860614912,893.4908007499762,2,29,random,True
2500,8929,357.16,0.0001,0.0418508396856486,0.0392706274613738,0.0444310517609119,0.1856496476384595,0.2335379727983969,0.1377613216535443,0.7846889504079962,0.8699625833231466,930.1450731670484,2,29,random,True
2600,9287,371.48,0.0001,0.0402087133005261,0.0373573172092437,0.0430601094663143,0.1874241516458122,0.2378504265963412,0.1369978742203497,0.7862367929330301,0.8707065986427872,966.9081287919544,2,29,random,True
2700,9645,385.8,0.0001,0.0392500887811183,0.0361691807489842,0.0423309968411922,0.1867906374914835,0.2364011483724554,0.1371801293432506,0.785652797709293,0.8704525975980515,1004.0297322920524,2,29,random,True
2800,10000,400.0,0.0001,0.0392809919454157,0.0364197593834251,0.0421422246098518,0.1879210340626099,0.2394236300952706,0.1364184389064881,0.7858131228922353,0.8706210382171998,1040.7153421670664,2,29,random,True
2900,10358,414.32,0.0001,0.0372307572141289,0.0343405376560986,0.0401209768652916,0.1919838664956571,0.245262422930823,0.1387053088745856,0.7823335855055492,0.868421253162859,1077.5518609171268,2,29,random,True
3000,10716,428.64,0.0001,0.0388986639119684,0.0369798000529408,0.0408175276219844,0.1871570542093791,0.2389256597390224,0.1353884496078359,0.787194678457051,0.8714596317261234,1114.4445964170154,2,29,random,True
3100,11074,442.96,0.0001,0.0360574244521558,0.0332036864757537,0.0389111620187759,0.1853974666253093,0.2370913799040045,0.1337035552028141,0.7900017911365265,0.8731232420914605,1151.413643167121,2,29,random,True
3200,11429,457.16,0.0001,0.0366748766414821,0.0340447851549834,0.0393049679696559,0.187680853227843,0.2400769410867592,0.1352847641314602,0.7873541936668516,0.8714253806905937,1188.1887627919205,2,29,random,True
3300,11787,471.48,0.0001,0.035188356693834,0.0322525734920054,0.0381241396069526,0.1896653184635004,0.2431612463352176,0.1361693867762608,0.7863437200083001,0.8705700780321818,1224.81544279214,2,29,random,True
3400,12145,485.8,0.0001,0.0352183790318667,0.0325619362248107,0.037874821871519,0.1905786122830269,0.2453267768180081,0.1358304473355567,0.7869895803703357,0.8709595250495599,1261.5024534999393,2,29,random,True
3500,12500,500.0,0.0001,0.0351575035788118,0.0328164160624146,0.0374985913932323,0.1917864352877164,0.2472409631760475,0.1363319073993854,0.7851120640823182,0.8700185748050081,1297.9637880839873,2,29,random,True
3600,12858,514.32,0.0001,0.0354982058145105,0.0329055204708129,0.0380908910930156,0.1888679375801119,0.2433796834883805,0.1343561916202822,0.7896235888594276,0.8727444708950455,1334.9233148749918,2,29,random,True
3700,13216,528.64,0.0001,0.0348413992486894,0.0320784104987978,0.0376043878495693,0.1903524630828712,0.2453586236931461,0.1353462990180018,0.7875361439558903,0.871362955130812,1371.73737045913,2,29,random,True
3800,13574,542.96,0.0001,0.0346748650632798,0.032037291759625,0.0373124384880065,0.1927739148733937,0.2496621493237241,0.1358856810417967,0.7864307720274356,0.8707324713313402,1409.6346214590594,2,29,random,True
3900,13929,557.16,0.0001,0.0338881377317011,0.0311057925224304,0.0366704829037189,0.1943290921437286,0.2530266589978162,0.1356315268364744,0.786231561044878,0.8706901928192784,1447.8780972920358,2,29,random,True
4000,14287,571.48,0.0001,0.0323264910653233,0.0295477890223264,0.0351051931083202,0.1916032188078936,0.2490097810240353,0.1341966572104853,0.7881295639614257,0.8717674226070533,1486.3360256250016,2,29,random,True
0,0,0.0,0.001,,,,0.6805803738663353,0.661634955439188,0.6995257856936603,0.0034602076124567,0.0034602076124567,6.247724000131711,2,29,imagenet,False
100,358,14.32,0.001,0.3759200963377953,0.2604913718998432,0.4913488185405731,0.3021719297941993,0.22205311116669,0.382290744451503,0.7873691916234496,0.8733240348207708,40.95889899996109,2,29,imagenet,False
200,716,28.64,0.001,0.2006078998744487,0.1273793002963066,0.2738364991545677,0.1940422528342804,0.1586911984071599,0.2293933089629176,0.8023755213051027,0.8834438244167314,75.68402074999176,2,29,imagenet,False
300,1074,42.96,0.001,0.1213242084532976,0.0812450078129768,0.1614034086465835,0.1484529850392193,0.1391197498178812,0.1577862200027518,0.8238792765000778,0.8991169690750629,110.86775158299132,2,29,imagenet,False
400,1429,57.16,0.001,0.0801117468625307,0.0571219172701239,0.1031015764176845,0.1371885431369695,0.1407242299776176,0.1336528574306659,0.8340352442174642,0.9039144583417532,146.00175620801747,2,29,imagenet,False
500,1787,71.48,0.001,0.0589015388488769,0.0439257941022515,0.073877283334732,0.1300167857466272,0.1422499487866167,0.1177836235831765,0.8376900764943238,0.9063867802527455,180.71808600006625,2,29,imagenet,False
600,2145,85.8,0.001,0.0588251772522926,0.0496071231551468,0.0680432315170764,0.1432532279858539,0.1671673167226224,0.1193391387850355,0.8306788967864865,0.9014195956255764,215.36974608292803,2,29,imagenet,False
700,2500,100.0,0.001,0.0436935922689735,0.0354895855300128,0.0518975991010665,0.1453888250263504,0.1709401744150372,0.1198374752767358,0.8212398699109047,0.8955639901719856,249.93882612511516,2,29,imagenet,False
800,2858,114.32,0.001,0.0438678476028144,0.037903281841427,0.0498324131965637,0.1415101435151479,0.1666193401834131,0.1164009455578549,0.8232466569985276,0.8973105089786441,284.37709324993193,2,29,imagenet,False
900,3216,128.64,0.001,0.0364394093491137,0.0313730957359075,0.0415057231485843,0.1714803745074255,0.2078188411298507,0.1351419068537781,0.7958943939310948,0.8772499135193392,318.86326129199006,2,29,imagenet,False
1000,3574,142.96,0.001,0.0333240159973502,0.0287424980383366,0.0379055339097976,0.1472751012516681,0.1827227404682694,0.1118274626022391,0.8285445746189449,0.8977557038260935,354.7306784579996,2,29,imagenet,False
1100,3929,157.16,0.001,0.0278511446155607,0.0237010254152119,0.0320012637972831,0.1461808752642371,0.1841764982183912,0.1081852529288163,0.8299319723673274,0.8992745060959835,389.2810342500452,2,29,imagenet,False
1200,4287,171.48,0.001,0.0267283846251666,0.0231371830403804,0.0303195862472057,0.1458057518855098,0.1870826270341048,0.1045288767369148,0.8345042796619242,0.9026965382672968,424.353799375007,2,29,imagenet,False
1300,4645,185.8,0.001,0.0245161061733961,0.0213749160617589,0.0276572962105274,0.1458007691228266,0.1893236134394642,0.1022779256827278,0.8363303241082555,0.904119041943504,459.5997536671348,2,29,imagenet,False
1400,5000,200.0,0.001,0.021747816549614,0.0186166593059897,0.0248789738118648,0.1484340942339088,0.194139584125532,0.1027286042391635,0.8343224146603263,0.90279763421118,495.08396250009537,2,29,imagenet,False
1500,5358,214.32,0.001,0.0203865054249763,0.0176982012111693,0.0230748096108436,0.1539672373384752,0.2049495045185914,0.1029849695911869,0.832977864547155,0.9018805460816194,531.1605011250358,2,29,imagenet,False
1600,5716,228.64,0.001,0.0193505423888564,0.0169365397375077,0.0217645449936389,0.1741853701305224,0.2363550893472552,0.1120156495216396,0.8171256892505954,0.8922210358795418,566.8415132500231,2,29,imagenet,False
1700,6074,242.96,0.001,0.0193907173164188,0.0169195306953042,0.0218619038164615,0.1524281462583575,0.2081435531068425,0.096712738791139,0.8402727480848814,0.9066255734085183,602.2615548749454,2,29,imagenet,False
1800,6429,257.16,0.001,0.0210412576422095,0.018996185362339,0.0230863299965858,0.2248390821230865,0.3246819046954383,0.1249962589320014,0.7952493868259856,0.8794039586084942,637.7050775000826,2,29,imagenet,False
1900,6787,271.48,0.001,0.0529774563945829,0.0543511187005788,0.0516037939488887,0.1865076659872457,0.2525521111529591,0.120463219274699,0.8043270227080032,0.8850436166617096,673.2021938329563,2,29,imagenet,False
2000,7145,285.8,0.001,0.0320045205391943,0.0298620015662163,0.0341470398008823,0.1434115144620717,0.1839728488435382,0.1028501787400163,0.833352100643027,0.902746991288426,708.8110723749269,2,29,imagenet,False
2100,7500,300.0,0.0001,0.0216046108212322,0.0190948704350739,0.024114351272583,0.1432726814775731,0.1883733402486491,0.0981720250783082,0.8379825847207764,0.9060610004936768,744.5331570419949,2,29,imagenet,False
2200,7858,314.32,0.0001,0.0216262237634509,0.0193890292849391,0.0238634184002876,0.1443256404779361,0.1905965076495206,0.0980547738735238,0.8385402927981526,0.9062869025843032,780.3450784171,2,29,imagenet,False
2300,8216,328.64,0.0001,0.0205218002665787,0.0182109202537685,0.0228326803445816,0.1451898510583956,0.1934675954823675,0.0969121078718904,0.8393557405666326,0.9069462017892655,816.29663729202,2,29,imagenet,False
2400,8574,342.96,0.0001,0.0201640820736065,0.0181887106224894,0.0221394535899162,0.1450380313252082,0.193092561768413,0.0969835020679091,0.8391996645826404,0.9069594741208732,852.022735417122,2,29,imagenet,False
2500,8929,357.16,0.0001,0.0200963280815631,0.0179830261785537,0.0222096300125122,0.1444060471952993,0.1931147829574697,0.095697312000301,0.8408218147205079,0.9080096421028516,887.5356227080338,2,29,imagenet,False
2600,9287,371.48,0.0001,0.0196578329801559,0.017809178745374,0.0215064871311187,0.1466582223618319,0.1963786865910032,0.096937760143544,0.8396924577711826,0.907048784852974,923.8820556250868,2,29,imagenet,False
2700,9645,385.8,0.0001,0.0192566594202071,0.0171867146808654,0.0213266041874885,0.1462063498563007,0.1967933480611721,0.0956193532498237,0.8409755826840717,0.9078981564669096,959.7110339170322,2,29,imagenet,False
2800,10000,400.0,0.0001,0.0191742306109517,0.017253080564551,0.0210953806340694,0.1465651753864486,0.197695984766145,0.0954343668317299,0.8408555394963512,0.9080409658205194,995.7409525420516,2,29,imagenet,False
2900,10358,414.32,0.0001,0.0182942609675228,0.0164219759125262,0.0201665461063385,0.14847553255855,0.2010730383305401,0.0958780281271489,0.8401692708386158,0.9074729887780002,1031.5814197501168,2,29,imagenet,False
3000,10716,428.64,0.0001,0.0183575427252799,0.0166309034265577,0.0200841818749904,0.1472481716050408,0.1993132319211135,0.0951831107733571,0.8416340963452023,0.9083963022642176,1067.644642750034,2,29,imagenet,False
3100,11074,442.96,0.0001,0.0176121968310326,0.0158268415671773,0.0193975520133972,0.147327182356874,0.1996896331388645,0.0949647311108335,0.8412558587249809,0.9083266070020384,1103.8077239999548,2,29,imagenet,False
3200,11429,457.16,0.0001,0.0178910154569894,0.0161630872543901,0.0196189434826374,0.1484886781154619,0.20157291969626,0.0954044387002304,0.8404814720099802,0.907750726377024,1139.3922723750584,2,29,imagenet,False
3300,11787,471.48,0.0001,0.0169847638579085,0.0151475893030874,0.0188219381868839,0.1496523018526783,0.2046069405380005,0.0946976620845728,0.8410620612568884,0.9082596046390328,1175.1043877499178,2,29,imagenet,False
3400,12145,485.8,0.0001,0.0170722614182159,0.0154138457402586,0.0187306770682334,0.1509384096287526,0.2066356660894869,0.0952411512602571,0.8404406230857211,0.907814984731457,1210.9786204579286,2,29,imagenet,False
3500,12500,500.0,0.0001,0.0169938830053433,0.01536478954833,0.0186229763925075,0.1509685744773145,0.2066578888253769,0.0952792588402243,0.8405712397796125,0.907774822333885,1246.7427669579629,2,29,imagenet,False
3600,12858,514.32,0.0001,0.0164869794109836,0.0148108040587976,0.01816315472126,0.1534248889008195,0.2117870052483667,0.0950627733266889,0.8404909480391167,0.9077688938859658,1282.513487166958,2,29,imagenet,False
3700,13216,528.64,0.0001,0.0165453421790152,0.0149024274945259,0.018188256919384,0.1525665757771594,0.2102828751282708,0.0948502761682424,0.8411153446678918,0.9081447731145084,1318.2558346251026,2,29,imagenet,False
3800,13574,542.96,0.0001,0.0164330760762095,0.0148703072220087,0.0179958449304103,0.1548391557379164,0.2137433264701011,0.0959349852119762,0.8395023760099927,0.9070761672855808,1353.9886821249966,2,29,imagenet,False
3900,13929,557.16,0.0001,0.0160224806005135,0.0143948372290469,0.0176501241326332,0.1543996044302481,0.2139112917403448,0.094887915985807,0.840892405879129,0.9078344500107436,1389.411179000046,2,29,imagenet,False
4000,14287,571.48,0.0001,0.0154647665005177,0.0137486370885744,0.0171808961033821,0.1558904176042979,0.2164638025950395,0.0953170335416562,0.8397059221806884,0.907254023481836,1425.1681022921111,2,29,imagenet,False
0,0,0.0,0.001,,,,0.6805803738663353,0.661634955439188,0.6995257856936603,0.0034602076124567,0.0034602076124567,6.791808499954641,2,29,imagenet,True
100,358,14.32,0.001,0.3742476746439934,0.2589706978201866,0.4895246505737304,0.3000244684904092,0.2175653380918668,0.3824835978577294,0.793170769268876,0.877913862571882,45.56224470795132,2,29,imagenet,True
200,716,28.64,0.001,0.2015159533917904,0.1281128606200218,0.2749190470576286,0.1995796841733595,0.1650611539613004,0.2340982141791742,0.7972079322499538,0.8818773082355028,84.648467999883,2,29,imagenet,True
300,1074,42.96,0.001,0.1191327250748872,0.0790855975076556,0.1591798529028892,0.159369839516478,0.153971687345975,0.1647679888253393,0.8011191482452531,0.8838499461210206,123.26346300006844,2,29,imagenet,True
400,1429,57.16,0.001,0.081248411424458,0.05883001383394,0.1036668096482753,0.1407646403283808,0.1452151297697971,0.1363141497526201,0.8276604760203141,0.8991788942655471,161.77177433297038,2,29,imagenet,True
500,1787,71.48,0.001,0.0638435695320367,0.0487579198181629,0.0789292185008525,0.1559003882857755,0.1802805995239931,0.1315201782850245,0.8130455407524002,0.8895695626838374,200.43219795799817,2,29,imagenet,True
600,2145,85.8,0.001,0.0624756760895252,0.0527459737844765,0.0722053785622119,0.1500978811440995,0.1638479658682866,0.1363477983276736,0.8108951638611349,0.8897163752208498,238.56043654098175,2,29,imagenet,True
700,2500,100.0,0.001,0.0508257549256086,0.0426178627088666,0.0590336471796035,0.1558339655605567,0.1803017535011661,0.131366178444925,0.8095087297802123,0.8861943573056165,276.98857200006023,2,29,imagenet,True
800,2858,114.32,0.001,0.0500259235501289,0.0445267429389059,0.0555251042544841,0.1487513032442145,0.1729611768338919,0.1245414301185871,0.8129592768880488,0.8903417705824824,315.57389391586185,2,29,imagenet,True
900,3216,128.64,0.001,0.0356964230537414,0.0299969315715134,0.0413959147036075,0.1391530690721162,0.1662916021879156,0.1120145355953889,0.8345941495460752,0.9037634339900708,354.1632027500309,2,29,imagenet,True
1000,3574,142.96,0.001,0.0300276266224682,0.0252121069654822,0.0348431465029716,0.1426456919178418,0.1796206229182675,0.1056707610720994,0.8346587539665636,0.9034428229492312,392.9925468750298,2,29,imagenet,True
1100,3929,157.16,0.001,0.0291044810228049,0.0249495857208967,0.0332593762874603,0.1485337051450174,0.1861888925612591,0.1108785176772147,0.8249164165920304,0.8974778821424448,431.4314125829842,2,29,imagenet,True
1200,4287,171.48,0.001,0.0278797033429145,0.0243081597052514,0.0314512468874454,0.1443017225673867,0.1838662508862241,0.1047371951766492,0.8331209225328244,0.902846241137704,469.89381654094905,2,29,imagenet,True
1300,4645,185.8,0.001,0.0245015926845371,0.0212653420958668,0.0277378432452678,0.1507731648258684,0.1979090345565835,0.1036372970544755,0.8337341807684285,0.9026761700591324,508.5139567500446,2,29,imagenet,True
1400,5000,200.0,0.001,0.0247222155518829,0.0217082939203828,0.0277361372113227,0.1541634889828705,0.2025074285413154,0.1058195517962366,0.8279462753703531,0.9001996988663631,546.8102188329212,2,29,imagenet,True
1500,5358,214.32,0.001,0.0384957493655383,0.0368033491633832,0.0401881493628025,0.1676913118279929,0.221199185532682,0.1141834399279426,0.8158228741599821,0.8908705861887098,585.6215406248812,2,29,imagenet,True
1600,5716,228.64,0.001,0.0257878732588142,0.0230460668355226,0.0285296794772148,0.155346638861412,0.2033735290427521,0.1073197512065663,0.8246857952295965,0.8979058699568653,624.28869845788,2,29,imagenet,True
1700,6074,242.96,0.001,0.033063141060993,0.0321280555520206,0.0339982262253761,0.1712815566665161,0.2302659110111349,0.1122972022703362,0.8160995147432337,0.8922489307595799,662.837279957952,2,29,imagenet,True
1800,6429,257.16,0.001,0.0314685842394828,0.0293676313851028,0.0335695371031761,0.1438871567946404,0.1887926419610383,0.0989816718860481,0.8369418077851319,0.9061085363706868,701.3256602080073,2,29,imagenet,True
1900,6787,271.48,0.001,0.0227057120203971,0.0205168664501979,0.0248945577442646,0.1461821280445607,0.1919540724746083,0.1004101869144241,0.8339181116732298,0.9039103781831406,740.0018050828949,2,29,imagenet,True
2000,7145,285.8,0.001,0.0209885566309094,0.0187266382016241,0.0232504750788211,0.1541688651052725,0.2082689028607108,0.1000688257514399,0.8333516749289761,0.9037478250356956,778.4545574160293,2,29,imagenet,True
2100,7500,300.0,0.0001,0.01888990172185,0.016575174848549,0.0212046286463737,0.1531432519012669,0.2082306615312206,0.0980558413947742,0.8362637219470904,0.9055868936918872,816.7087831250392,2,29,imagenet,True
2200,7858,314.32,0.0001,0.019259667834267,0.0171516319178044,0.0213677038252353,0.1528980360724109,0.2075964574892215,0.0981996141915502,0.8361683407059656,0.9055072505160408,855.2604772909544,2,29,imagenet,True
2300,8216,328.64,0.0001,0.0185077861789613,0.0164135733433067,0.020601999014616,0.1542552819404635,0.2106475235062899,0.0978630405808815,0.8362394415098771,0.9055172594195032,893.9090259158984,2,29,imagenet,True
2400,8574,342.96,0.0001,0.0190899438224732,0.0173589667258784,0.0208209209144115,0.1523642753441028,0.2063698892878001,0.0983586633081667,0.8356712061102504,0.9053087907950896,932.689015791053,2,29,imagenet,True
2500,8929,357.16,0.0001,0.0187375683896243,0.0167643420677632,0.0207107946276664,0.1541569841361788,0.2099510412212061,0.0983629251433903,0.8349955622535612,0.9049503867458132,971.0869860409292,2,29,imagenet,True
2600,9287,371.48,0.0001,0.0185193104483187,0.0166971387062221,0.0203414823114871,0.152678270962824,0.2077568435338954,0.0975996996292193,0.836926420339339,0.9060626029957936,1009.6851174160838,2,29,imagenet,True
2700,9645,385.8,0.0001,0.0180096136033535,0.0160227303532883,0.0199964968860149,0.1533077439634857,0.2092481672145091,0.0973673213311957,0.8369410039154397,0.9059333885551928,1048.3419654578902,2,29,imagenet,True
2800,10000,400.0,0.0001,0.0178783729299902,0.0160143509041518,0.0197423948347568,0.1522160803054855,0.2079860402019791,0.0964461199965031,0.8378744746602774,0.9066537318113518,1086.839612874901,2,29,imagenet,True
2900,10358,414.32,0.0001,0.0174341464228928,0.015640078135766,0.0192282144725322,0.1542428419457999,0.2115304064276309,0.0969552766905523,0.8374413328649428,0.9062288241878552,1125.704671290936,2,29,imagenet,True
3000,10716,428.64,0.0001,0.0177660263609141,0.0160977045586332,0.0194343480467796,0.1546061367930838,0.2113898439803338,0.0978224316682782,0.8362020793128037,0.9054680240801084,1164.5443337908946,2,29,imagenet,True
3100,11074,442.96,0.0001,0.0170252221263945,0.0152243338758125,0.0188261105120182,0.1532439557016927,0.2095394236612485,0.0969484860921813,0.8372703017174442,0.9061751018987698,1203.3650536250789,2,29,imagenet,True
3200,11429,457.16,0.0001,0.0173047645483165,0.0155826988164335,0.0190268303453922,0.1529165952882139,0.209499918104868,0.0963332721106321,0.8379063947578553,0.906614223885256,1242.0754248329904,2,29,imagenet,True
3300,11787,471.48,0.0001,0.0165637265704572,0.0147766153234988,0.0183508378267288,0.1532283220633503,0.2101790374434943,0.0962776057035452,0.8378822756348907,0.9065967777202032,1281.1256694579497,2,29,imagenet,True
3400,12145,485.8,0.0001,0.0166042089043185,0.0149541152268648,0.0182543025910854,0.1541165697120877,0.2123553926660115,0.0958777480471917,0.8385283107692801,0.9070283399468336,1319.6262618750334,2,29,imagenet,True
3500,12500,500.0,0.0001,0.0164780938345938,0.0148743762075901,0.0180818116664886,0.1520553678789765,0.2083317704472987,0.0957789641763099,0.8385786300467416,0.9071031193848696,1358.3634208750443,2,29,imagenet,True
3600,12858,514.32,0.0001,0.0164012281689792,0.014786092499271,0.0180163638293743,0.1548661478250497,0.2143253711886884,0.0954069243582887,0.839333637145054,0.9074561202170086,1397.0648977078963,2,29,imagenet,True
3700,13216,528.64,0.0001,0.016361438576132,0.0147606709040701,0.0179622061550617,0.154633449177841,0.213833800236659,0.095433100490834,0.8393630904512871,0.90748992746645,1435.8226105829235,2,29,imagenet,True
3800,13574,542.96,0.0001,0.0160541951656341,0.0144717157725244,0.0176366746425628,0.1559803829267363,0.2166919889747065,0.095268777291255,0.8395323673625384,0.9075829025467296,1474.8467970408965,2,29,imagenet,True
3900,13929,557.16,0.0001,0.015753462058492,0.014160211989656,0.0173467120528221,0.1532462173267219,0.2121746131705577,0.0943178194204416,0.8409489361250336,0.9084535879071988,1513.325237333076,2,29,imagenet,True
4000,14287,571.48,0.0001,0.0152885442227125,0.0136146786576136,0.0169624099135398,0.1550419479608535,0.2150449677528394,0.0950389285813566,0.8393286748110924,0.9074665672628832,1552.0151808329392,2,29,imagenet,True
