training_size,initialization,step,examples_processed,data_passages,train_loss,train_bce,train_soft_dice_loss,validation_loss,validation_bce,validation_soft_dice_loss,validation_mean_iou,validation_mean_dice,elapsed_seconds
25,random,0,0,0.0,,,,0.6862850733694321,0.6750598459095278,0.6975102927858029,0.0034602076124567,0.0034602076124567,6.8607618330279365
25,random,100,358,14.32,0.4897308510541915,0.367426041662693,0.6120356577634811,0.4297898222005903,0.3622594118943263,0.4973202333318321,0.6607247285210978,0.7865475261352541,43.716894582961686
25,random,200,716,28.64,0.4006211510300636,0.2732373118400574,0.5280049860477447,0.3646063549914574,0.2732098271174414,0.4560028854950901,0.7061273050743779,0.8190593221925124,79.47324349998962
25,random,300,1074,42.96,0.3491002264618874,0.2346592383086681,0.4635412141680717,0.3205380980118748,0.2443119014216954,0.3967642918177542,0.7412923138126633,0.8431871607463354,115.12609404092656
25,random,400,1429,57.16,0.2976690295338631,0.1956422285735607,0.3996958309412002,0.27338027510676,0.2087441573505995,0.3380163928629205,0.7504763720177624,0.8502718098103014,150.6130404160358
25,random,500,1787,71.48,0.2676507982611656,0.1782965072244405,0.3570050877332687,0.2672589101593387,0.2124290048663591,0.3220888149367071,0.7293228408590684,0.8338845315838164,186.32365224999376
25,random,600,2145,85.8,0.235592343956232,0.159388153553009,0.3117965342104435,0.2398407663441034,0.1923681745582798,0.287313358593977,0.759076765663947,0.8539770911456791,221.92457320797257
25,random,700,2500,100.0,0.1992386302351951,0.1337847997993231,0.2646924608945846,0.2371621814566087,0.2009945453038265,0.2733298183312465,0.740753671604296,0.8408172542533973,257.51327520795166
25,random,800,2858,114.32,0.1825970448553562,0.126621493473649,0.2385725946724415,0.216980067503906,0.1871229065227673,0.2468372298771947,0.767099248016831,0.8599487823259147,292.94307024998125
25,random,900,3216,128.64,0.1743130802363157,0.1248018926382064,0.2238242682814598,0.2061643600463867,0.1938165195260493,0.2185122009792129,0.7497112552839222,0.8470010488324342,328.8770592910005
25,random,1000,3574,142.96,0.1594510181993246,0.1138064918667078,0.205095545053482,0.2052022899310894,0.1983408804686424,0.2120636980013863,0.7519273044519501,0.8483094580192106,364.59912291599903
25,random,1100,3929,157.16,0.1412244779616594,0.1019160781055688,0.1805328774452209,0.1986277321011962,0.1966243719869006,0.2006310911327085,0.7506081850433166,0.8484246190298408,400.14898666599765
25,random,1200,4287,171.48,0.129162965901196,0.0980457510054111,0.1602801802754402,0.197665722209277,0.1920665188025438,0.2032649275753325,0.7528107982951755,0.8501906837483362,435.8061074159341
25,random,1300,4645,185.8,0.128572501540184,0.0996907230839133,0.1574542818963527,0.1862142277836387,0.1885612700843481,0.1838671864110293,0.7670727110670712,0.8597215988564604,471.517598040984
25,random,1400,5000,200.0,0.1084380051493644,0.0856728657335043,0.1312031441926956,0.1945305234626915,0.2030917195197207,0.1859693281790789,0.7531322228947178,0.8503023980420447,507.0780365000246
25,random,1500,5358,214.32,0.098844228722155,0.0789878258109092,0.1187006314098835,0.1729420369884134,0.1846356310955793,0.1612484422109531,0.7824642934671704,0.8701562779749589,542.9193042910192
25,random,1600,5716,228.64,0.1005828524753451,0.0806994488462805,0.120466256737709,0.1826973705968229,0.1902037359851454,0.1751910035585449,0.7714808674189626,0.8625325151680638,578.7850330829388
25,random,1700,6074,242.96,0.0973185946047306,0.0801051071844995,0.1145320831239223,0.1783749530781511,0.1926957618406487,0.1640541429750647,0.7723497019208834,0.8641555788287609,615.2424146250123
25,random,1800,6429,257.16,0.0888609514385461,0.0717669322900474,0.1059549705684185,0.1767966102770043,0.200959715979322,0.1526335050902977,0.7823632548919337,0.8701128444294364,650.8897044159239
25,random,1900,6787,271.48,0.085746281966567,0.0703448343649506,0.1011477300524711,0.1891224241483582,0.2175312924962555,0.1607135573472943,0.7626735103155334,0.857381790820084,686.4968733330024
25,random,2000,7145,285.8,0.0791943570412695,0.0661011103820055,0.092287603765726,0.1737008900687768,0.1963009277429547,0.1511008529102101,0.7845600438780689,0.8713371981557495,722.3629943330307
25,imagenet,0,0,0.0,,,,0.6805803738663353,0.661634955439188,0.6995257856936603,0.0034602076124567,0.0034602076124567,6.520793459028937
25,imagenet,100,358,14.32,0.4554157674312591,0.331137543618679,0.5796939909458161,0.3972639882853287,0.3021024519184468,0.4924255291895882,0.7755761068113901,0.8682000059871907,42.25168237497565
25,imagenet,200,716,28.64,0.3524625873565674,0.2262568159401417,0.4786683586239815,0.339064424941284,0.2488708356363138,0.4292580112041486,0.790658012877515,0.8781062152817147,78.37271266698372
25,imagenet,300,1074,42.96,0.2879821649193764,0.1767339116334915,0.3992304173111916,0.2856179966646082,0.2089365191731898,0.3622994728154377,0.8209760780584756,0.8966910528886537,114.2488693339983
25,imagenet,400,1429,57.16,0.2330057473480701,0.1365935228019952,0.3294179716706276,0.2449568214094762,0.1801908055649084,0.3097228376923135,0.8337690768151681,0.9044735767128608,149.8125791249331
25,imagenet,500,1787,71.48,0.1972143991291522,0.1149408796429634,0.2794879195094109,0.2274011850975789,0.1770164499439582,0.277785921385544,0.816177090515503,0.8932532070332144,185.3671906669624
25,imagenet,600,2145,85.8,0.1666958735883236,0.0976977866888046,0.235693961083889,0.22039795014685,0.1783951351799354,0.2624007647012756,0.8074735531081219,0.8874658072787854,220.85971466696355
25,imagenet,700,2500,100.0,0.1330938916653394,0.076408303156495,0.1897794814407825,0.1892030102468279,0.1592347917620698,0.2191712268496054,0.8233214170536176,0.8978403008034356,256.10402741702273
25,imagenet,800,2858,114.32,0.1177563629299402,0.0697211277857422,0.1657915984094143,0.1728492342064537,0.1529679393788935,0.1927305270231306,0.8264956284294092,0.8999418669160993,291.44641249999404
25,imagenet,900,3216,128.64,0.1068412111699581,0.0647929225489497,0.1488894997537136,0.1655099921985481,0.1569757754414964,0.1740442089555997,0.8192073200204814,0.8941179469370704,326.9639515839517
25,imagenet,1000,3574,142.96,0.0934241606295108,0.0550930361822247,0.1317552851140499,0.1636059729698207,0.1575842576043416,0.1696276891602776,0.8251093886291926,0.8983878177779794,362.46266195899807
25,imagenet,1100,3929,157.16,0.074222984611988,0.0442685049399733,0.1041774646937847,0.1549981662352605,0.1512047749489649,0.1587915583465338,0.8254133562719367,0.8974769765052939,397.6942739590304
25,imagenet,1200,4287,171.48,0.0630349158495664,0.0388694294169545,0.087200402021408,0.1603964338253113,0.1674576826574068,0.1533351856119492,0.822101326985306,0.8962023079126679,433.1547625840176
25,imagenet,1300,4645,185.8,0.0639732586219906,0.0407594148442149,0.0871871024370193,0.1473055464379927,0.1543849045120721,0.1402261886217189,0.8307825381062393,0.901591019016744,468.7963246250292
25,imagenet,1400,5000,200.0,0.0501155412942171,0.0322478409297764,0.0679832419753074,0.1486401353740362,0.1610541196224186,0.1362261487538426,0.8294555848031482,0.9008166624805484,504.17168749996927
25,imagenet,1500,5358,214.32,0.044771681651473,0.0291924721002578,0.0603508910536766,0.1416117259169119,0.1566034377549346,0.1266200152647949,0.8329462882142945,0.9032198225197404,539.8271573749371
25,imagenet,1600,5716,228.64,0.039930526651442,0.0259898077882826,0.0538712455332279,0.150293090764214,0.1709185118906225,0.1296676686065832,0.824784132011198,0.8979192883512614,575.4573763340013
25,imagenet,1700,6074,242.96,0.0381292324513196,0.0257470120862126,0.0505114530026912,0.1463632444918774,0.1692926075219283,0.1234338823899265,0.8291215119397927,0.900959384221956,610.8501155839767
25,imagenet,1800,6429,257.16,0.041817705091089,0.0285184251796454,0.0551169848442077,0.1532164617187011,0.1803053205504137,0.1261276039697719,0.8235595166481476,0.8962145451527187,646.2975278749363
25,imagenet,1900,6787,271.48,0.0381670897267758,0.0259812558256089,0.050352923721075,0.1413358653086692,0.1660400053621576,0.1166317258739141,0.8284528021031736,0.8992832815941273,681.8183323339326
25,imagenet,2000,7145,285.8,0.0325465149618685,0.0234927238896489,0.0416003060340881,0.153922054491241,0.1847512080595155,0.1230929003042333,0.8220672644272958,0.8953557295030697,717.2807806669734
100,random,0,0,0.0,,,,0.6862850733694321,0.6750598459095278,0.6975102927858029,0.0034602076124567,0.0034602076124567,6.357572874985635
100,random,100,400,4.0,0.488076265156269,0.3760054519772529,0.6001470762491227,0.400478225884553,0.3176675650281477,0.4832888862253472,0.6885811341131892,0.8080457087225875,44.58563712495379
100,random,200,800,8.0,0.4034124580025673,0.2903417235612869,0.5164831930398941,0.3549427570562461,0.2679621338019322,0.441923377010649,0.7139341108104628,0.8246845686554667,83.08563458302524
100,random,300,1200,12.0,0.3548723351955414,0.2499674804508686,0.459777190387249,0.3098098697546856,0.2328908201629315,0.3867289203261009,0.7431593119012692,0.8450503699893295,121.51408733299468
100,random,400,1600,16.0,0.32071981549263,0.2276660685241222,0.4137735638022423,0.2704823809099032,0.2071823289031388,0.3337824295136343,0.7504202515368966,0.8498328050596421,159.93494770803954
100,random,500,2000,20.0,0.287297194302082,0.2048755495250225,0.3697188386321068,0.2634355764075546,0.197233656389078,0.3296374954979312,0.7618913305986577,0.8578748649781833,198.4027612080099
100,random,600,2400,24.0,0.2573312994837761,0.185627234429121,0.3290353670716285,0.2170310408186335,0.1705805786134462,0.2634815031269429,0.7714811778978727,0.8653291287985218,236.68608629202936
100,random,700,2800,28.0,0.2398234809935092,0.1778698662668466,0.3017770929634571,0.2018330249303765,0.1650802105613645,0.2385858400470245,0.7651850019538817,0.8609660037872933,274.9194741670508
100,random,800,3200,32.0,0.2228125064074993,0.1695579076558351,0.2760671046376228,0.2131811465977797,0.1735552755606628,0.2528070180473856,0.7649669224107659,0.8607384161050965,312.9664031669963
100,random,900,3600,36.0,0.2087208986282348,0.1609287618100643,0.2565130351483822,0.1729445180059717,0.1512084970940355,0.1946805391757133,0.7815455584049268,0.8721473817719166,351.061198667041
100,random,1000,4000,40.0,0.1946375903487205,0.1524661771953105,0.2368090030550956,0.1834183004281925,0.1586846385963235,0.2081519614866448,0.778858682920548,0.8702552358722254,389.4033867500257
100,random,1100,4400,44.0,0.1836978442966938,0.1482517650723457,0.2191439226269722,0.1607781284614417,0.1465899024970803,0.1749663548898531,0.7919540669789579,0.8788645664500395,427.72688483295497
100,random,1200,4800,48.0,0.1762187341600656,0.1445782486349344,0.2078592200577259,0.1698479973114898,0.1550045139236846,0.1846914817305172,0.779975401165944,0.8707778895114145,466.02374112501275
100,random,1300,5200,52.0,0.1609444291144609,0.1320259197056293,0.1898629380762577,0.1614613864042354,0.1482365738768066,0.1746861980035643,0.7929778457067104,0.879290634252204,504.22453762497753
100,random,1400,5600,56.0,0.1581227200478315,0.1349571751058101,0.1812882652878761,0.1462901055709713,0.1378401167252484,0.154740096169772,0.8014196211776435,0.8851766064180933,542.4666036249837
100,random,1500,6000,60.0,0.15811877168715,0.1341648084670305,0.1820727337896824,0.1505811103590631,0.1383086746126722,0.1628535466210652,0.8057102524324699,0.8877167167465888,580.9065144170308
100,random,1600,6400,64.0,0.1474826766550541,0.1266759632527828,0.1682893893122673,0.1545002880702794,0.1437117789443389,0.1652887966806088,0.7926591982011713,0.878899567829979,619.0590504170395
100,random,1700,6800,68.0,0.1394150452315807,0.1211964647471904,0.157633625715971,0.1370125724885703,0.1316145137210205,0.1424106305858255,0.812704036783199,0.8917731918688866,656.9487608330091
100,random,1800,7200,72.0,0.1378251033276319,0.1206138198450207,0.1550363875925541,0.1481510817385875,0.1515953006113276,0.1447068628142861,0.8015577680320427,0.8848994049325398,695.3569082079921
100,random,1900,7600,76.0,0.1322658417373895,0.1154576758667826,0.1490740077197551,0.1590382528965035,0.1609513328562145,0.1571251739680148,0.7852175395337373,0.874069263332858,733.3895022920333
100,random,2000,8000,80.0,0.1308413115143775,0.1167521337419748,0.1449304892122745,0.1416575988065,0.1443629435498821,0.1389522542178012,0.8071148780669462,0.8883602286703667,771.5103167920606
100,imagenet,0,0,0.0,,,,0.6805803738663353,0.661634955439188,0.6995257856936603,0.0034602076124567,0.0034602076124567,6.549871874973178
100,imagenet,100,400,4.0,0.4621442422270775,0.3464525958895683,0.5778358867764473,0.3809473361935995,0.2971950989074773,0.4646995698704439,0.7514962526750962,0.8533651144411922,45.054032500018366
100,imagenet,200,800,8.0,0.3626633080840111,0.2464716693758964,0.4788549450039863,0.3272509381020357,0.2349427481629856,0.4195591269067414,0.8298022784247707,0.902905779266104,83.64740179199725
100,imagenet,300,1200,12.0,0.3022544395923614,0.196108636111021,0.4084002467989922,0.2708208799155938,0.1949149308320147,0.346726824461795,0.8307533299910269,0.9036435702690314,122.28848783299328
100,imagenet,400,1600,16.0,0.2557044251263141,0.163228570073843,0.3481802800297737,0.2483936560607699,0.1811098625503197,0.3156774479212645,0.8289635098740231,0.901749652193067,160.9146574579645
100,imagenet,500,2000,20.0,0.2108227823674678,0.1322620575875044,0.289383505731821,0.2179601211036365,0.1598418169368097,0.2760784242392411,0.8438105936236854,0.9112859669334296,199.181751707918
100,imagenet,600,2400,24.0,0.177464365363121,0.1121433728188276,0.242785358428955,0.1959624677174644,0.1485533190949153,0.2433716157728413,0.852839688731541,0.9161790708576534,237.792714582989
100,imagenet,700,2800,28.0,0.1503727661818266,0.0956085740774869,0.2051369573175907,0.1612874932561366,0.1322390133431213,0.190335976005013,0.8457952802590203,0.9120955288697808,276.3354673329741
100,imagenet,800,3200,32.0,0.1319425760954618,0.0862958076223731,0.1775893437862396,0.1577659629826727,0.1320353547388294,0.1834965717421271,0.853045159697098,0.9167382755127228,314.7109235000098
100,imagenet,900,3600,36.0,0.1152717062830925,0.0764394621551036,0.1541039498150348,0.1414818212544629,0.1180828885017381,0.1648807552446543,0.8530684735107158,0.916936228088024,352.95293329202104
100,imagenet,1000,4000,40.0,0.0986077884584665,0.0664784453809261,0.1307371315360069,0.1359240812826321,0.1192649766854348,0.1525831861891961,0.8525131822047384,0.9170058728668052,391.3990644579753
100,imagenet,1100,4400,44.0,0.0851472981274128,0.0578509059920907,0.1124436904489994,0.1206359788002027,0.1119265138690446,0.1293454448657052,0.8606455158018805,0.9214669614744084,429.7463094579289
100,imagenet,1200,4800,48.0,0.0807500760629773,0.0574013374745845,0.104098814278841,0.1366052693046088,0.1278661050443831,0.1453444347249595,0.8451624468227885,0.9113563085344312,468.21913266694173
100,imagenet,1300,5200,52.0,0.0749096136540174,0.0549191429838538,0.0949000842869281,0.1281821879084547,0.1258605105035445,0.130503862580626,0.8554092922425106,0.9182714142034262,506.3658644169336
100,imagenet,1400,5600,56.0,0.0660975331813097,0.0489458029344677,0.083249262869358,0.1155411516506366,0.1110997086577762,0.1199825938185193,0.8622061299730234,0.9225384437968882,544.5483280419139
100,imagenet,1500,6000,60.0,0.0605690440535545,0.0452016106434166,0.0759364777803421,0.1186558434604361,0.1244467467482114,0.1128649389867551,0.8582106453081777,0.9196668079548712,582.9821150830248
100,imagenet,1600,6400,64.0,0.0574453964084386,0.0442362081632018,0.070654584467411,0.1193015720811269,0.125656925219153,0.1129462193040286,0.856581245385675,0.9182228892052996,621.1930204170058
100,imagenet,1700,6800,68.0,0.0550175958499312,0.0426595996879041,0.0673755918443202,0.1213241966125461,0.1308126574620656,0.1118357352731962,0.8532298183600767,0.9163274561727104,659.2581572919153
100,imagenet,1800,7200,72.0,0.047807077653706,0.0376673780195415,0.0579467770457267,0.1157024209371487,0.1269510114327021,0.1044538305704981,0.8576773122304279,0.9198360833760276,697.4437406249344
100,imagenet,1900,7600,76.0,0.0446465026587247,0.035570298358798,0.0537227067351341,0.1116610557665874,0.1214221152621982,0.1018999973795405,0.8606235426144472,0.9212812626984994,735.7006956669502
100,imagenet,2000,8000,80.0,0.0454542556963861,0.0368991861119866,0.0540093252062797,0.1141282428300917,0.1298748264830417,0.0983816595638499,0.8578872978812192,0.9192881108896352,773.9299815000268
500,random,0,0,0.0,,,,0.6862850733694321,0.6750598459095278,0.6975102927858029,0.0034602076124567,0.0034602076124567,6.453604790964164
500,random,100,400,0.8,0.4843768700957298,0.3833019721508026,0.5854517671465874,0.4016904587564171,0.3094119479086984,0.4939689665104691,0.6769595049237083,0.7950763056025214,44.72117420798168
500,random,200,800,1.6,0.3969552451372146,0.3006146976351738,0.493295793235302,0.3595212800073789,0.2842526549802107,0.4347899061173303,0.7033324580061366,0.8135329137347751,83.21882820792962
500,random,300,1200,2.4,0.3568721351027488,0.2661125379800796,0.4476317301392555,0.3072967989221988,0.2273689296006331,0.3872246729873868,0.7258052004206589,0.8312868747380989,121.79222420800944
500,random,400,1600,3.2,0.3160009086132049,0.232923359721899,0.3990784567594528,0.2799868781673867,0.2114330168207624,0.3485407375546888,0.7409637751114827,0.8416928078899448,160.3666863749968
500,random,500,2000,4.0,0.2880652269721031,0.2160326083004474,0.3600978469848633,0.2372231113250693,0.181026262808011,0.293419961904572,0.7721356530752622,0.8643647119524174,198.9812029999448
500,random,600,2400,4.8,0.2637000848352909,0.1997071287035942,0.3276930412650108,0.2233602696945923,0.1786964892773892,0.2680240512719203,0.7647074502183018,0.8585509943978408,237.5476479999488
500,random,700,2800,5.6,0.2407211177051067,0.1929679426550865,0.2884742918610573,0.2293083025303679,0.1908289985054504,0.2677876043897186,0.735042136287955,0.8388375710849899,276.1188958749408
500,random,800,3200,6.4,0.2391662746667862,0.195156494602561,0.2831760531663894,0.2132725800197429,0.1734406341730929,0.2531045260726374,0.7642638320815959,0.8580165812004779,314.5152240829775
500,random,900,3600,7.2,0.2108085383474826,0.1717030883580446,0.2499139872193336,0.1790438563559707,0.1533985182282009,0.2046891947931071,0.7906858172172581,0.8766766100937512,352.8615310000023
500,random,1000,4000,8.0,0.2107229788601398,0.1801005861908197,0.2413453707098961,0.1739869155892038,0.1491835154979699,0.1987903147007767,0.7844008849610209,0.873471256041387,391.49646024999674
500,random,1100,4400,8.8,0.1958390796184539,0.1666029875725507,0.2250751748681068,0.1596524744297806,0.1403191677942408,0.1789857823543482,0.7958198980678247,0.8815435414519827,429.9364471659064
500,random,1200,4800,9.6,0.1949497403949499,0.1656001900136471,0.224299291819334,0.1609181601902193,0.1417772287315976,0.1800590916488409,0.7933752265889206,0.8797012674140254,468.5098455830011
500,random,1300,5200,10.4,0.1721795836836099,0.1520821812748909,0.1922769863903522,0.1522284166623151,0.1347936566622612,0.169663176610808,0.8039844367344042,0.8868618088782827,506.8478325830074
500,random,1400,5600,11.2,0.1832008450478315,0.1598906441032886,0.2065110427141189,0.1498074429464175,0.1356091605544502,0.1640057262664847,0.8038308586352783,0.8863589728365404,545.381019665976
500,random,1500,6000,12.0,0.1683773198723793,0.1514534314721822,0.1853012093901634,0.1484271540567536,0.1335901290075176,0.1632641795184785,0.8090536660118021,0.8898227991293783,583.6677778749727
500,random,1600,6400,12.8,0.1651682177186012,0.1488563787192106,0.1814800550043583,0.1499755647561954,0.1410858788395423,0.1588652519618763,0.7973919870930091,0.8819283007684589,622.1207201249199
500,random,1700,6800,13.6,0.1604374241828918,0.1438402558863163,0.1770345932245254,0.1448214264477,0.1343544478750558,0.1552884040406831,0.8063723003472649,0.8884618554933962,660.4211277499562
500,random,1800,7200,14.4,0.1580436751246452,0.1426077764481306,0.1734795738756656,0.1265117275982992,0.1203599534026479,0.1326635024126838,0.8255661747021256,0.9001109537233246,698.7409588749288
500,random,1900,7600,15.2,0.1450093682110309,0.1342100659757852,0.1558086705207824,0.1337310175272832,0.1245120404913351,0.1429499940476203,0.8186345931966391,0.8961413349125187,737.2212392499205
500,random,2000,8000,16.0,0.150669360384345,0.1374385847151279,0.163900136500597,0.1295196918261505,0.1209713780292177,0.1380680069378915,0.8208113153417465,0.8976359809861475,775.5512889999663
500,imagenet,0,0,0.0,,,,0.6805803738663353,0.661634955439188,0.6995257856936603,0.0034602076124567,0.0034602076124567,6.459462833008729
500,imagenet,100,400,0.8,0.4605012175440788,0.3557949414849281,0.5652074924111367,0.3815562310515803,0.2809409875564509,0.4821714736186097,0.8129472611571913,0.892874743044218,44.865488167037256
500,imagenet,200,800,1.6,0.3631666827201843,0.2640493513643742,0.4622840148210525,0.3312469645561231,0.2419351063488264,0.4205588312710033,0.8105827230884455,0.8911458219660947,83.67215225007385
500,imagenet,300,1200,2.4,0.3128128108382225,0.2198414745926857,0.4057841461896896,0.2752406557951006,0.1956477533368503,0.3548335600064287,0.8433963108372426,0.911618825752678,122.0364907500334
500,imagenet,400,1600,3.2,0.2673911502957344,0.183428446650505,0.3513538500666618,0.2373420457938963,0.1689321415750213,0.3057519502705769,0.8438817061541039,0.911974077976237,160.5223495000973
500,imagenet,500,2000,4.0,0.2291394512355327,0.1576589644700289,0.3006199382245541,0.2048541171328006,0.1471520604559294,0.2625561744284052,0.8544838480446391,0.9180950919289964,199.19063379208092
500,imagenet,600,2400,4.8,0.1977090890705585,0.1357060445100069,0.259712134450674,0.1780146614078007,0.1314943755580479,0.2245349481856534,0.8547047122978016,0.9182941297244012,237.78899479203392
500,imagenet,700,2800,5.6,0.1734560458362102,0.1262122143059968,0.2206998777389526,0.1662248926282341,0.1315205752024601,0.2009292098477637,0.8400210521759721,0.9089668110110436,276.19703691708855
500,imagenet,800,3200,6.4,0.1582492442429065,0.1148366138339042,0.2016618756949901,0.1527240274274225,0.117023836885769,0.1884242176597093,0.8597895610126403,0.9210952737084412,314.4508978750091
500,imagenet,900,3600,7.2,0.1378331646323204,0.1012008839100599,0.1744654455780983,0.1535359194121971,0.1188675050710724,0.1882043350939107,0.8604488247106117,0.9213642971046078,352.87530050007626
500,imagenet,1000,4000,8.0,0.1315853453427553,0.1023661529645323,0.1608045373857021,0.1319231023322339,0.1094089501044329,0.1544372530132016,0.8609887932244323,0.921726856251277,391.4242915830109
500,imagenet,1100,4400,8.8,0.1120541245490312,0.0860143694281578,0.1380938798189163,0.1339235621340134,0.1116404800472787,0.1562066439113815,0.8559266428182398,0.9181672094286212,429.9091647920432
500,imagenet,1200,4800,9.6,0.108703571408987,0.0832835071906447,0.1341236367821693,0.119477687513127,0.1050982046807926,0.1338571697782892,0.862597641991662,0.9225509805911032,468.34072775009554
500,imagenet,1300,5200,10.4,0.1004523496329784,0.0830552884191274,0.1178494104743003,0.1120186816243564,0.1006462102994374,0.1233911528719337,0.8612335888993513,0.9222163509303138,507.2034328749869
500,imagenet,1400,5600,11.2,0.096285997852683,0.0779672331735491,0.1146047626435756,0.1153030509457868,0.1051811580530087,0.1254249437870039,0.8515093022983639,0.9163454703312424,545.8715581250144
500,imagenet,1500,6000,12.0,0.0918058472126722,0.0756407991051673,0.1079708954691886,0.1065410935548762,0.1018568896092345,0.1112252983254957,0.8666757213127106,0.924701697842939,584.5794690829935
500,imagenet,1600,6400,12.8,0.0825479305163025,0.0692117447033524,0.0958841156959533,0.1051774814879605,0.0941553012206892,0.1161996612911818,0.8695306831368654,0.9268775927466368,623.5077574580209
500,imagenet,1700,6800,13.6,0.0768001820147037,0.063915602453053,0.0896847622096538,0.1008837234396423,0.09774410080126,0.1040233462327079,0.8686215079140895,0.9266451334229812,662.2555683330866
500,imagenet,1800,7200,14.4,0.0757157034054398,0.0642176534980535,0.0872137534618377,0.0979726654332401,0.0964271315344477,0.0995181994867159,0.8683848370179109,0.926368811239076,700.9161847080104
500,imagenet,1900,7600,15.2,0.0680280002579093,0.0595300018601119,0.0765259984135627,0.0997630974928813,0.0968770262588679,0.1026491689847002,0.8683651504524847,0.9262829986441274,739.5646435830276
500,imagenet,2000,8000,16.0,0.0713792739063501,0.0624029977060854,0.0803555497527122,0.1029535104040456,0.1064332934244693,0.0994737272031579,0.8657633684981226,0.924013123008245,778.2200415830594
