step,examples_processed,data_passages,learning_rate,train_loss,train_bce,train_soft_dice_loss,validation_loss,validation_bce,validation_soft_dice_loss,validation_mean_iou,validation_mean_dice,elapsed_seconds,subset_repetition,subset_seed,initialization,weight_decay
0,0,0.0,0.001,,,,0.6862850733694321,0.6750598459095278,0.6975102927858029,0.0034602076124567,0.0034602076124567,7.063176041934639,1,17,random,0.0001
100,358,14.32,0.001,0.4370558282732963,0.317229139059782,0.5568825134634972,0.3590470542132236,0.2831183940069073,0.434975713594562,0.656397674980658,0.7770316932403729,42.12558100000024,1,17,random,0.0001
200,716,28.64,0.001,0.2959884823858738,0.2034220097213983,0.3885549548268318,0.2521598025589253,0.2060712798656477,0.2982483262834252,0.7259506858914722,0.8304836116056467,76.22355933394283,1,17,random,0.0001
300,1074,42.96,0.001,0.2343277408182621,0.1791813085228204,0.2894741742312908,0.1948611409400161,0.1826593324181117,0.2070629499775315,0.7488566995454574,0.8475409023559776,110.03560841688886,1,17,random,0.0001
400,1429,57.16,0.001,0.1914034601300955,0.1536092721670866,0.2291976480185985,0.2250595893001886,0.2278559070248092,0.2222632693584402,0.7153112558917546,0.8241753639522745,144.2522239170503,1,17,random,0.0001
500,1787,71.48,0.001,0.1984383600950241,0.1696094769984483,0.2272672411799431,0.2421205697587617,0.2420365494840285,0.2422045902397393,0.6914309184283649,0.8024911530318619,178.8402664999012,1,17,random,0.0001
600,2145,85.8,0.001,0.1646405693143606,0.1395507113263011,0.1897304283082485,0.1887763559199534,0.1827717711150027,0.1947809437154486,0.756442683894943,0.8546671547070749,214.7589312088676,1,17,random,0.0001
700,2500,100.0,0.001,0.1430493146926164,0.1221984799951314,0.1639001496136188,0.1922652623438917,0.2065868395731936,0.1779436817631177,0.7513210589547247,0.8480883110489229,250.35645787487735,1,17,random,0.0001
800,2858,114.32,0.001,0.1321278577297926,0.1167666241154074,0.1474890913069248,0.1873847928839158,0.2095967098864304,0.1651728763712318,0.7691054011049434,0.8595911729898341,284.52395316702314,1,17,random,0.0001
900,3216,128.64,0.001,0.1387408905103802,0.1237372181937098,0.1537445621192455,0.1764496947448559,0.1954802577883314,0.1574191304639136,0.7666251685479432,0.8599596422902505,318.98486312502064,1,17,random,0.0001
1000,3574,142.96,0.001,0.134632231388241,0.1172800142597407,0.15198445007205,0.1994573463618136,0.2280547224939075,0.1708599704359641,0.7515796721751163,0.8478682139184411,353.19617599993944,1,17,random,0.0001
1100,3929,157.16,0.001,0.1110822024941444,0.0965698527172207,0.125594553053379,0.2007233803659986,0.2352394687211637,0.1662072941506197,0.7505209310189134,0.8472205136638453,387.9403198750224,1,17,random,0.0001
1200,4287,171.48,0.001,0.1043994583189487,0.0970514043606817,0.1117475113272667,0.19640554338178,0.2202823447727414,0.1725287437438964,0.7491728640564008,0.8471482082756147,425.717106374912,1,17,random,0.0001
1300,4645,185.8,0.001,0.1105982583947479,0.1024607142433524,0.1187358014285564,0.1771636984752536,0.2036463050075055,0.1506810910149016,0.7706697502214497,0.8629672561473508,460.6865057500545,1,17,random,0.0001
1400,5000,200.0,0.001,0.0991032518073916,0.0928679203614592,0.1053385835886001,0.1930442571021281,0.2231110127120694,0.1629775011828201,0.7640671129863268,0.8585559351335049,495.0830422500149,1,17,random,0.0001
1500,5358,214.32,0.001,0.0883631249144673,0.0814883332513272,0.0952379164099693,0.1937105421067109,0.2332705627469455,0.1541505198165207,0.7656818323191477,0.8573115404739095,529.1234870839398,1,17,random,0.0001
1600,5716,228.64,0.001,0.094566494077444,0.0868605607748031,0.1022724270820617,0.2409912726252136,0.2613729665951745,0.2206095770568583,0.6783087458495556,0.7937879529184304,565.0672378749587,1,17,random,0.0001
1700,6074,242.96,0.001,0.0874013017490506,0.0817910504713654,0.0930115526914596,0.1858786300185642,0.2234245814563493,0.1483326770855068,0.7711979722705681,0.8634908620674121,600.0631842089351,1,17,random,0.0001
1800,6429,257.16,0.001,0.0823392698913812,0.075002153981477,0.0896763853728771,0.1918239464087469,0.2270778250529279,0.1565700664239771,0.7633330046654898,0.8560548900763232,634.7014399589971,1,17,random,0.0001
1900,6787,271.48,0.001,0.0770835155248642,0.0719890998490154,0.0821779315173625,0.1927004622031248,0.2388108572229794,0.1465900674410757,0.7713335282259164,0.862942789519666,668.8607162500266,1,17,random,0.0001
2000,7145,285.8,0.001,0.0613991600275039,0.0562348004709929,0.0665635196864605,0.1898962996100884,0.237727409621836,0.1420651880515075,0.7805388000309138,0.8676163477759752,703.935251833871,1,17,random,0.0001
2100,7500,300.0,0.0001,0.0517672586534172,0.0458468416891992,0.0576876759529113,0.1924751712376683,0.2427496188755266,0.1422007228263934,0.7784243886136779,0.8663671759428999,739.401397791924,1,17,random,0.0001
2200,7858,314.32,0.0001,0.0520031279884278,0.0472664832510054,0.0567397725582122,0.1973845372975491,0.2507413220446827,0.1440277553347155,0.7760849040516867,0.8647114535941416,774.5265836250037,1,17,random,0.0001
2300,8216,328.64,0.0001,0.0509809805452823,0.0458355737756937,0.056126387566328,0.1917875260114669,0.2417342238978943,0.1418408275063062,0.7784555137026259,0.8666404285088274,810.4270681249909,1,17,random,0.0001
2400,8574,342.96,0.0001,0.0561630070209503,0.0507284850534051,0.0615975287556648,0.195647193589425,0.247899844675328,0.143394541162933,0.7754122256115916,0.864720508037933,845.7803037918638,1,17,random,0.0001
2500,8929,357.16,0.0001,0.0484571639075875,0.0437011017464101,0.0532132259011268,0.2015367330770591,0.2561129914229303,0.1469604760717768,0.77042591944313,0.8608977656235546,880.9112432920374,1,17,random,0.0001
2600,9287,371.48,0.0001,0.0612690644711256,0.0555787470052018,0.0669593811035156,0.1982417453119086,0.2512571827144358,0.1452263080125036,0.7739777006419118,0.8633576180752667,916.2280616250356,1,17,random,0.0001
2700,9645,385.8,0.0001,0.0484206194803118,0.0438867000304162,0.0529545390605926,0.1991673003121643,0.2540945363292232,0.144240059448361,0.7750574202932842,0.8640116087089001,951.5941866249776,1,17,random,0.0001
2800,10000,400.0,0.0001,0.0451132966391742,0.0406649948749691,0.0495615983009338,0.1976363308289472,0.252929208909764,0.1423434507888081,0.7767192411584553,0.8653430162901917,986.6195751249325,1,17,random,0.0001
2900,10358,414.32,0.0001,0.0445197583921253,0.0400455775484442,0.0489939391613006,0.1995354433991917,0.2566170660475959,0.1424538202351764,0.7761995230877807,0.865018381396235,1022.4521470419132,1,17,random,0.0001
3000,10716,428.64,0.0001,0.0588066549412906,0.0537795038521289,0.0638338066637516,0.1992721241547574,0.2559368191705855,0.1426074310982516,0.776738680111659,0.8652033830574529,1057.9462615000084,1,17,random,0.0001
3100,11074,442.96,0.0001,0.0429323163628578,0.0382274850690737,0.0476371479034423,0.1988043431901602,0.2556046768249524,0.1420040085241456,0.7772786125494939,0.8655184849958395,1093.4245048339944,1,17,random,0.0001
3200,11429,457.16,0.0001,0.0614964388869702,0.0543367428798228,0.0686561354994773,0.203452647969797,0.2615575842997607,0.1453477117429555,0.7732973071333717,0.8629372119522906,1128.4912789589723,1,17,random,0.0001
3300,11787,471.48,0.0001,0.0431862772256135,0.0383868842665106,0.047985670119524,0.2012500590725341,0.2604971589926617,0.142002958946162,0.776337991246468,0.8649795527409545,1163.866043749964,1,17,random,0.0001
3400,12145,485.8,0.0001,0.0494224415067583,0.0445238985214382,0.0543209838867187,0.2040096818369565,0.2652729265005118,0.1427464373796456,0.7751573476093717,0.8642610167789272,1198.9595908748452,1,17,random,0.0001
3500,12500,500.0,0.0001,0.0446023659501224,0.0393763753445819,0.0498283568024635,0.2048146286431481,0.2672847367075487,0.1423445187225474,0.775486999784983,0.8645195117784282,1234.2754411669448,1,17,random,0.0001
3600,12858,514.32,0.0001,0.0439809938333928,0.0399827128276228,0.0479792746901512,0.2012971125053287,0.2627981572724543,0.1397960685116197,0.7788325202452796,0.8671244142461196,1269.722812833963,1,17,random,0.0001
3700,13216,528.64,0.0001,0.0482935684360563,0.0424411494191735,0.0541459865868091,0.2023487222029676,0.2630081677931815,0.1416892762002648,0.7764389436147834,0.8650060809040381,1305.0299564169254,1,17,random,0.0001
3800,13574,542.96,0.0001,0.0542439119331538,0.0485260943137109,0.0599617290496826,0.203137112530045,0.2632441300009361,0.143030096502865,0.7756036156817206,0.8649559872393843,1340.2890890419949,1,17,random,0.0001
3900,13929,557.16,0.0001,0.0482943308167159,0.0424551236070692,0.0541335378587245,0.2039026443727288,0.267213456770953,0.1405918317682603,0.7781699863948971,0.8660925813515754,1375.4467096668668,1,17,random,0.0001
4000,14287,571.48,0.0001,0.0410888500045985,0.036859128922224,0.0453185713291168,0.202522289794209,0.26489478040319,0.1401498008351837,0.7794017007018764,0.8668765451124395,1410.692960166838,1,17,random,0.0001
0,0,0.0,0.001,,,,0.6862850733694321,0.6750598459095278,0.6975102927858029,0.0034602076124567,0.0034602076124567,7.076751084066927,1,17,random,0.01
100,358,14.32,0.001,0.4408924731612205,0.3207021459937095,0.5610827979445457,0.3486884071340198,0.2771193033477427,0.4202575149420636,0.6470935118703836,0.772331249855095,43.82146620913409,1,17,random,0.01
200,716,28.64,0.001,0.2979168328642845,0.2040907212346792,0.3917429447174072,0.2752633892953602,0.2332811770657767,0.3172456030202159,0.6866440544868757,0.8017242817427302,79.26008387515321,1,17,random,0.01
300,1074,42.96,0.001,0.2302908238768577,0.1730717076361179,0.2875099404156208,0.210086465809997,0.1852842475509973,0.2348886845846077,0.7480752825637738,0.8461102954206149,115.2341377499979,1,17,random,0.01
400,1429,57.16,0.001,0.1908838085085153,0.1527744941040873,0.2289931242167949,0.2021011553421152,0.1974215405416323,0.2067807702457203,0.7371920727622233,0.838702412292577,151.58118508406915,1,17,random,0.01
500,1787,71.48,0.001,0.1935425943136215,0.1626184193789959,0.2244667682051658,0.1996335618223698,0.19774310084569,0.2015240223349997,0.7402174789817841,0.8427118704436402,187.6457579170819,1,17,random,0.01
600,2145,85.8,0.001,0.1633547446131706,0.1393225037306547,0.1873869840800762,0.1843749327539985,0.1884100645471196,0.180339801270244,0.7673524474850544,0.8586352768668463,223.13648125017065,1,17,random,0.01
700,2500,100.0,0.001,0.1393981114402413,0.1209185757488012,0.157877646535635,0.1913016427656358,0.2173603991736177,0.165242886873265,0.7565254157711817,0.8510196465661265,258.91213308414444,1,17,random,0.01
800,2858,114.32,0.001,0.1302909457683563,0.1169692591577768,0.1436126318573951,0.1793606273030739,0.1972576775765336,0.1614635768233698,0.767580528119837,0.8606318383410654,294.7015181670431,1,17,random,0.01
900,3216,128.64,0.001,0.1351796545833349,0.1218013168126344,0.1485579918324947,0.1863965218867397,0.1983333119677837,0.174459731908818,0.7489966442326023,0.8484959081271213,330.8552614590153,1,17,random,0.01
1000,3574,142.96,0.001,0.1267855091765523,0.1103429161384701,0.1432281029224395,0.1857745879455421,0.2042923182970925,0.1672568560471584,0.7579122210536774,0.8535744240022983,366.76654674997553,1,17,random,0.01
1100,3929,157.16,0.001,0.1166833079233765,0.102636702992022,0.1307299122214317,0.1840024212033691,0.2100813811625576,0.1579234593879805,0.7662663999662803,0.8580309951536048,402.41844570916146,1,17,random,0.01
1200,4287,171.48,0.001,0.111915865316987,0.1009447367489338,0.1228869946300983,0.1796952221014095,0.2046976029666649,0.1546928393799541,0.7685366925597233,0.8614223384693216,438.0497553751338,1,17,random,0.01
1300,4645,185.8,0.001,0.1073661030456423,0.0991752251051366,0.1155569815635681,0.1980654490550909,0.2311310483510106,0.1649998484185822,0.7548845243948975,0.8515090826598237,473.2741177091375,1,17,random,0.01
1400,5000,200.0,0.001,0.0888359215855598,0.0812759475037455,0.0963958962261676,0.1886666090740052,0.2180121010459418,0.1593211171536297,0.7597681472452092,0.8554121447305123,507.6430329999421,1,17,random,0.01
1500,5358,214.32,0.001,0.0930419480428099,0.0870496413856744,0.0990342544019222,0.1864996988674348,0.2233399497699572,0.1496594465727624,0.7752607561322168,0.863181641824606,542.1585374169517,1,17,random,0.01
1600,5716,228.64,0.001,0.1026325465366244,0.0915863747894764,0.1136787179112434,0.1865456934412458,0.2144149177833411,0.1586764683772948,0.7639460032640585,0.8580038092220174,577.5036041249987,1,17,random,0.01
1700,6074,242.96,0.001,0.0865245540253818,0.0791331973765045,0.0939159108698368,0.1979516389873201,0.2383539272427146,0.1575493513506589,0.7605299488794635,0.8554919774796962,613.0072529171593,1,17,random,0.01
1800,6429,257.16,0.001,0.081672629173845,0.0747350213583558,0.0886102375388145,0.1772482746303287,0.2113137073995332,0.1431828419642465,0.7831867789693393,0.8699575362657184,648.1614628750831,1,17,random,0.01
1900,6787,271.48,0.001,0.0911757420748472,0.0867651027999818,0.0955863824486732,0.2221587275551264,0.2791894489712369,0.1651280074796049,0.7445078382876633,0.8427237425521686,684.1319335419685,1,17,random,0.01
2000,7145,285.8,0.001,0.06408650316298,0.058636208102107,0.0695367981493473,0.186159320562356,0.2279685437163679,0.1443500997285942,0.7815724832269139,0.8681121059139811,720.2273885000031,1,17,random,0.01
2100,7500,300.0,0.0001,0.052992297746241,0.0471955717355012,0.0587890239059925,0.1884687984794069,0.2360341910878679,0.1409034040147458,0.7806747981713118,0.8681012044659179,756.0762070841156,1,17,random,0.01
2200,7858,314.32,0.0001,0.0531221689283847,0.0486023057997226,0.0576420320570468,0.1898359521759422,0.2376927652985992,0.1419791385376742,0.7802643210799161,0.8673247216456558,792.163366666995,1,17,random,0.01
2300,8216,328.64,0.0001,0.0506707725021988,0.0453618646413087,0.0559796804189682,0.1846118058919081,0.2306134654370146,0.1386101480998794,0.7840069805341501,0.8703362169946828,828.0115895839408,1,17,random,0.01
2400,8574,342.96,0.0001,0.0561727756634354,0.0507967992220073,0.0615487518906593,0.1876548381206486,0.2353110304134527,0.1399986459309667,0.7817118412842864,0.8688949120342265,864.128682916984,1,17,random,0.01
2500,8929,357.16,0.0001,0.0496682358719408,0.0445286653004586,0.0548078063130378,0.1885366713093226,0.2366001040877768,0.1404732374996462,0.7805732996648981,0.8680442974950544,899.3528413339518,1,17,random,0.01
2600,9287,371.48,0.0001,0.0607888738252222,0.0546467912383377,0.0669309566915035,0.2040287457329179,0.2591923251490279,0.1488651664199301,0.7678188158831696,0.8598067518775845,935.2377599589528,1,17,random,0.01
2700,9645,385.8,0.0001,0.0476811436377465,0.043282474707812,0.0520798128843307,0.1897484409561619,0.239678646196131,0.1398182385520539,0.781303367311414,0.8687228265842419,970.5778687919956,1,17,random,0.01
2800,10000,400.0,0.0001,0.0455650741793215,0.0410425067599862,0.0500876413285732,0.1910443017227014,0.2428327224452602,0.1392558825469759,0.7809537012454671,0.8685370120779704,1005.8156594170724,1,17,random,0.01
2900,10358,414.32,0.0001,0.0446956447698175,0.0400632390193641,0.0493280504643917,0.1936757356237787,0.2476654901430268,0.1396859795576973,0.7803441523304436,0.8682689161756016,1041.1042655841447,1,17,random,0.01
3000,10716,428.64,0.0001,0.0598130396939814,0.0556930113956332,0.0639330677688121,0.1970657116401566,0.2512670984317687,0.1428643254672779,0.7767584896122249,0.8653192714876793,1076.503599709133,1,17,random,0.01
3100,11074,442.96,0.0001,0.0444226699229329,0.0396552164666354,0.0491901230812072,0.1906493786709531,0.2416530247378101,0.1396457334290738,0.7813481616603573,0.8686658653126759,1111.752846542047,1,17,random,0.01
3200,11429,457.16,0.0001,0.0627856973558664,0.055498745124787,0.0700726495683193,0.1925792974068631,0.2459079865559574,0.1392506103202133,0.781159182534169,0.8686667102217417,1147.2800572500564,1,17,random,0.01
3300,11787,471.48,0.0001,0.0433336376212537,0.0387567932903766,0.047910481840372,0.1887839099837009,0.2406090552625359,0.1369587667673104,0.7834043835774519,0.8704633644985763,1182.95809329208,1,17,random,0.01
3400,12145,485.8,0.0001,0.0503914756886661,0.0454611877724528,0.0553217637538909,0.188463269272065,0.2393889910828283,0.1375375453988573,0.7840747554004017,0.8706084974680022,1218.58787495899,1,17,random,0.01
3500,12500,500.0,0.0001,0.0440185160376131,0.0392527176253497,0.0487843143939971,0.1931702773566889,0.2491896326772894,0.1371509195611551,0.7831626436795082,0.8699181978095275,1254.120348500088,1,17,random,0.01
3600,12858,514.32,0.0001,0.0436343068256974,0.0398248541262,0.0474437595903873,0.1968481144690596,0.2550823574041412,0.1386138741120335,0.7815788842675413,0.8686233547321327,1293.521422417136,1,17,random,0.01
3700,13216,528.64,0.0001,0.0478181702457368,0.0422758987545967,0.0533604423701763,0.1994059144625614,0.2597618623794568,0.1390499691237215,0.7795315977023529,0.8673652712668218,1329.886512374971,1,17,random,0.01
3800,13574,542.96,0.0001,0.053358704354614,0.0470159764587879,0.0597014324367046,0.1991886959562664,0.2502571231972387,0.1481202690246608,0.7736732670081031,0.8635846749682294,1366.2055123751052,1,17,random,0.01
3900,13929,557.16,0.0001,0.0481981413997709,0.041694043399766,0.0547022402286529,0.1987955434099613,0.2590885001482848,0.1385025870841267,0.7812314388562007,0.8684429887844456,1401.7030922500417,1,17,random,0.01
4000,14287,571.48,0.0001,0.0409962376207113,0.03683797147125,0.0451545038819313,0.1959390415452343,0.2539875840955127,0.1378904997683726,0.7820894633163998,0.8690071946360278,1437.8809660421684,1,17,random,0.01
0,0,0.0,0.001,,,,0.6805803738663353,0.661634955439188,0.6995257856936603,0.0034602076124567,0.0034602076124567,6.277366458205506,1,17,imagenet,0.0001
100,358,14.32,0.001,0.3832095417380333,0.2647668676078319,0.5016522142291069,0.2836279357593365,0.2177879719070084,0.3494679016225478,0.7523736418146979,0.8525961635484427,41.48821245809086,1,17,imagenet,0.0001
200,716,28.64,0.001,0.2133392089605331,0.1314735507965088,0.2952048662304878,0.2027827380643996,0.172048595640486,0.2335168836851021,0.8061676778754958,0.8871570583313656,76.30645491718315,1,17,imagenet,0.0001
300,1074,42.96,0.001,0.1282733722776174,0.084084729924798,0.1724620145559311,0.1650215897799363,0.1635746926997359,0.1664684880976033,0.7930681448132124,0.878464783420447,110.98943041707388,1,17,imagenet,0.0001
400,1429,57.16,0.001,0.0857336311787366,0.0585493072122335,0.112917955070734,0.1485917912635011,0.1524480409585068,0.1447355415169343,0.821560060460143,0.8966522250418412,145.40352129214443,1,17,imagenet,0.0001
500,1787,71.48,0.001,0.0680065150931477,0.0511256609857082,0.0848873689770698,0.1380628701106074,0.1620233718396058,0.1141023681238035,0.8307498397324331,0.9019161185872908,180.81975300004703,1,17,imagenet,0.0001
600,2145,85.8,0.001,0.0678956687077879,0.0554962535202503,0.080295083373785,0.158069071318039,0.1808694166914402,0.1352687267696156,0.8097823203830377,0.8877743098941151,216.33022650005296,1,17,imagenet,0.0001
700,2500,100.0,0.001,0.0565511617064476,0.0473399387858808,0.0657623846828937,0.1510459049556494,0.1819826236645655,0.1201091862467333,0.8156121942430757,0.8921135791083056,251.23450954211876,1,17,imagenet,0.0001
800,2858,114.32,0.001,0.0569793070666492,0.0484595788270235,0.0654990346729755,0.1733624937212591,0.209317088024014,0.1374079017903153,0.7960311163582524,0.8783137497617322,286.6092773331329,1,17,imagenet,0.0001
900,3216,128.64,0.001,0.0558718605153262,0.0460078147985041,0.0657359056174755,0.1628008101225724,0.2037743075805551,0.1218273150879619,0.8054094581773726,0.8859175784636188,322.1817484581843,1,17,imagenet,0.0001
1000,3574,142.96,0.001,0.0450124406442046,0.0349582050461322,0.0550666764378547,0.1429276755627463,0.1763991903268754,0.1094561615204728,0.8320637954594954,0.9026983956361996,357.7641923332121,1,17,imagenet,0.0001
1100,3929,157.16,0.001,0.0349587173573672,0.0294325897563248,0.0404848450422287,0.1514749265047093,0.1915697899347358,0.111380064569955,0.8232635729893243,0.8974784800699892,393.6789159581531,1,17,imagenet,0.0001
1200,4287,171.48,0.001,0.0310158728342503,0.0266989774815738,0.0353327684104442,0.1668315683475415,0.2183332299897415,0.1153299078396859,0.814998287953578,0.8915369661920024,428.7352250001859,1,17,imagenet,0.0001
1300,4645,185.8,0.001,0.0404223112389445,0.034258289868012,0.0465863324701786,0.1590289541594297,0.2030793109773352,0.1149785968259131,0.8157616780158315,0.8922278385087584,463.60122720804065,1,17,imagenet,0.0001
1400,5000,200.0,0.001,0.0279792769066989,0.0244095035549253,0.0315490500628948,0.1471586687857717,0.1923200415904959,0.1019972969091474,0.8323019765409776,0.9033566854214736,498.016181625193,1,17,imagenet,0.0001
1500,5358,214.32,0.001,0.0254799172841012,0.022213246487081,0.0287465880811214,0.1530122949796564,0.203442698892425,0.1025818901903489,0.8316701846862844,0.902679196825131,533.6590955420397,1,17,imagenet,0.0001
1600,5716,228.64,0.001,0.0236554013006389,0.0204514052718877,0.0268593974411487,0.1592853646274256,0.2150205349014704,0.1035501940440141,0.8283095074914723,0.9006334984708437,569.3885003752075,1,17,imagenet,0.0001
1700,6074,242.96,0.001,0.0222864371119067,0.0193150067050009,0.0252578672766685,0.1506147285130609,0.2025322076771086,0.0986972488334022,0.8368371931600475,0.905659319049192,605.0613574581221,1,17,imagenet,0.0001
1800,6429,257.16,0.001,0.0557882837112993,0.0521318211220204,0.0594447468221187,0.1723373660682394,0.2154351831719949,0.129239551336295,0.799324752996277,0.881369557655116,640.4973995001055,1,17,imagenet,0.0001
1900,6787,271.48,0.001,0.0434641128964722,0.0384725707862526,0.0484556543827056,0.1803079528998338,0.2392946916880492,0.1213212118429296,0.803867862072318,0.8832413194127131,675.5750892499927,1,17,imagenet,0.0001
2000,7145,285.8,0.001,0.0296020844578742,0.0267919806111603,0.0324121883511543,0.1565316259139136,0.2079113661005422,0.1051518851085517,0.8292872584789275,0.9000549905569105,710.6028972500935,1,17,imagenet,0.0001
2100,7500,300.0,0.0001,0.0247426661476492,0.0216499349800869,0.027835397273302,0.1626277782512783,0.2188426437674921,0.1064129137662867,0.8264769749660594,0.8978730979158285,745.314220083179,1,17,imagenet,0.0001
2200,7858,314.32,0.0001,0.0244218255765736,0.0216787049174308,0.027164946347475,0.1635209610717931,0.2200883229401697,0.1069535992549777,0.8261026470576588,0.8973725941838749,780.1597337920684,1,17,imagenet,0.0001
2300,8216,328.64,0.0001,0.0245784101728349,0.0221835747547447,0.0269732455909252,0.1606196814239231,0.2152882085848844,0.105951153902034,0.8272060105157462,0.8982797554623814,814.6776760001667,1,17,imagenet,0.0001
2400,8574,342.96,0.0001,0.025636865850538,0.0218635914474725,0.0294101399183273,0.1620358947960975,0.2174593724284617,0.1066124152559722,0.8256771012318997,0.8973913234162515,849.333077083109,1,17,imagenet,0.0001
2500,8929,357.16,0.0001,0.0230842954851686,0.0203595529403537,0.0258090381324291,0.1597048487630269,0.2144898442248572,0.1049198533011967,0.82794481040342,0.8988988830247624,883.8847629171796,1,17,imagenet,0.0001
2600,9287,371.48,0.0001,0.0254217010270804,0.0207381111895665,0.0301052908599376,0.1655423907260168,0.2225956698189969,0.1084891118392812,0.8232210835247096,0.8956246925529895,918.755781542044,1,17,imagenet,0.0001
2700,9645,385.8,0.0001,0.0224325102288275,0.0200470767356455,0.0248179437220096,0.1660734651719822,0.2255402172828628,0.1066067136282739,0.8261116073767243,0.8974221330955501,953.6533228331244,1,17,imagenet,0.0001
2800,10000,400.0,0.0001,0.0223604178614914,0.0199452129704877,0.024775622934103,0.1548178450149648,0.2077299039875347,0.101905787486106,0.8324107645794028,0.9019245026325954,988.2264174581504,1,17,imagenet,0.0001
2900,10358,414.32,0.0001,0.0215295082144439,0.019164783898741,0.0238942323625087,0.1582432035034503,0.2135149535423331,0.1029714548051563,0.8316875843286827,0.9009164901152056,1023.9693389581516,1,17,imagenet,0.0001
3000,10716,428.64,0.0001,0.0248473775014281,0.0203618955612182,0.0293328592181205,0.1645103609995033,0.2227205050960956,0.1063002172638388,0.8264708728854453,0.8974711889319903,1059.5978380001616,1,17,imagenet,0.0001
3100,11074,442.96,0.0001,0.0206095341034233,0.0182005358440801,0.0230185323953628,0.1644185418488657,0.2233801477920637,0.1054569359056677,0.8274635153004661,0.8982506757243994,1094.841212542029,1,17,imagenet,0.0001
3200,11429,457.16,0.0001,0.0223885020334273,0.0184976787259802,0.0262793251872062,0.1673795196733672,0.2276084932488966,0.1071505435197823,0.8254335292961692,0.8967602224907466,1129.928059417056,1,17,imagenet,0.0001
3300,11787,471.48,0.0001,0.020671008164063,0.0183315890002995,0.0230104275047779,0.1638009447643088,0.2226100117999377,0.1049918788114633,0.8274678271878827,0.8985353987950516,1166.2597502500284,1,17,imagenet,0.0001
3400,12145,485.8,0.0001,0.0213096593273803,0.0184596978547051,0.0241596208512783,0.1606534268307438,0.2179346877089008,0.1033721663135145,0.8298157144170619,0.9002476751350867,1201.73717149999,1,17,imagenet,0.0001
3500,12500,500.0,0.0001,0.0205252002039924,0.0181378791155293,0.022912521213293,0.164837273810974,0.2251037037496335,0.1045708462441256,0.8284534572496286,0.8989172457207921,1236.727041167207,1,17,imagenet,0.0001
3600,12858,514.32,0.0001,0.0205627052159979,0.0184557136893272,0.0226696966588497,0.1651322766880675,0.2259015120230744,0.1043630409405718,0.8286231725629716,0.8991270654131938,1271.4761138330214,1,17,imagenet,0.0001
3700,13216,528.64,0.0001,0.020620694225654,0.0180294037377461,0.0232119846343994,0.1669591877184112,0.2294514725777517,0.1044669033746818,0.8275041630062092,0.898602331236734,1306.059736583149,1,17,imagenet,0.0001
3800,13574,542.96,0.0001,0.0205846100673079,0.0175231275521218,0.0236460925638675,0.1634514681917573,0.2230887499647569,0.1038141856969021,0.8289085065689911,0.8995305874572092,1341.2966543750372,1,17,imagenet,0.0001
3900,13929,557.16,0.0001,0.0199985219445079,0.0173211428988724,0.0226759010553359,0.1684247866324487,0.2323625378542705,0.1044870336575491,0.8270272022044264,0.898512340561454,1376.6180990419816,1,17,imagenet,0.0001
4000,14287,571.48,0.0001,0.0192638097191229,0.017108358554542,0.0214192607998847,0.1654448207068195,0.2266872055493424,0.1042024357096134,0.827863628513491,0.8991061015240134,1412.274042917183,1,17,imagenet,0.0001
0,0,0.0,0.001,,,,0.6805803738663353,0.661634955439188,0.6995257856936603,0.0034602076124567,0.0034602076124567,6.502500124974176,1,17,imagenet,0.01
100,358,14.32,0.001,0.3851633951067924,0.266638588309288,0.5036882016062737,0.2946741708834691,0.2210350000528315,0.3683133426422066,0.7644046268793383,0.860878881136577,42.763086874969304,1,17,imagenet,0.01
200,716,28.64,0.001,0.2155581468343734,0.1332421873509884,0.2978741066157818,0.2150244628269367,0.1812219463520809,0.2488269762596869,0.7827181034743271,0.8711870133156787,79.4993427079171,1,17,imagenet,0.01
300,1074,42.96,0.001,0.133740631788969,0.08877177182585,0.1787094913423061,0.1719014922021582,0.1562227288641319,0.1875802550761345,0.8088974160883237,0.8883826445657694,115.4098774169106,1,17,imagenet,0.01
400,1429,57.16,0.001,0.0850963831692934,0.0577381313964724,0.112454635053873,0.153579981063064,0.1594643808875529,0.147695582630725,0.821179962032131,0.895764099780716,151.0770045418758,1,17,imagenet,0.01
500,1787,71.48,0.001,0.0773326859995722,0.0596507478505373,0.0950146247446537,0.1458192337239902,0.160841271126559,0.1307971941558547,0.8149292361874076,0.8925049331087234,187.15686570783143,1,17,imagenet,0.01
600,2145,85.8,0.001,0.0600167369097471,0.0465834326297044,0.0734500409662723,0.1447389975035479,0.1697683120371973,0.1197096833308262,0.8241429756694555,0.8978308507989744,222.6114415419288,1,17,imagenet,0.01
700,2500,100.0,0.001,0.0573547979816794,0.0473405140638351,0.0673690821230411,0.1618997947051863,0.192737485813847,0.1310621027715478,0.8078232568661667,0.8874807741426751,258.11128358286805,1,17,imagenet,0.01
800,2858,114.32,0.001,0.0539030956104397,0.0452973245084285,0.0625088672339916,0.1567553056977612,0.1889621723688185,0.1245484403672927,0.8101294037185331,0.8878334989793907,294.1200959999114,1,17,imagenet,0.01
900,3216,128.64,0.001,0.0518166753090918,0.0448879618197679,0.0587453882396221,0.1738056150687194,0.2307939122086165,0.1168173172069668,0.8097902240472181,0.888512413732387,330.4817212498747,1,17,imagenet,0.01
1000,3574,142.96,0.001,0.0646611954830587,0.0565555868670344,0.0727668049931526,0.1357889204804872,0.1622396417761344,0.1093381975348845,0.8312826367045809,0.9030717664474204,367.10681529180147,1,17,imagenet,0.01
1100,3929,157.16,0.001,0.0456698318943381,0.0393346423842012,0.0520050212740898,0.1512570738998664,0.1897627523613636,0.112751395850858,0.8192730052838246,0.8947983307487288,402.54096299991943,1,17,imagenet,0.01
1200,4287,171.48,0.001,0.034121694881469,0.0291144067514687,0.0391289830207824,0.1477679937149826,0.1882399097858415,0.1072960768191459,0.8266773030362191,0.8992877719492621,439.0959261248354,1,17,imagenet,0.01
1300,4645,185.8,0.001,0.0441966470517218,0.0384000791516155,0.0499932153522968,0.1554017840887848,0.1949786852697187,0.1158248844031231,0.8160341286220488,0.8923961853676318,475.485885416856,1,17,imagenet,0.01
1400,5000,200.0,0.001,0.0350357115641236,0.0323497495613992,0.0377216739952564,0.1504484296979376,0.1952188559469467,0.1056780019020951,0.8286024551351344,0.8998537289352585,512.1041582499165,1,17,imagenet,0.01
1500,5358,214.32,0.001,0.0285035964474082,0.0250632870942354,0.0319439058005809,0.1574923282160478,0.2060848443050285,0.1088998140348282,0.8236142556255094,0.8964220376644397,547.9498272079509,1,17,imagenet,0.01
1600,5716,228.64,0.001,0.0257126964069902,0.0221863295324146,0.0292390632629394,0.1631527729719155,0.2161834562732274,0.1101220893612369,0.820302271249841,0.8944874721907241,583.5241200418677,1,17,imagenet,0.01
1700,6074,242.96,0.001,0.0235257122572511,0.0203210359392687,0.0267303885519504,0.1584370928239657,0.210913419878194,0.1059607640682207,0.8267000473410961,0.8987337823621057,619.3255078329239,1,17,imagenet,0.01
1800,6429,257.16,0.001,0.0301582063455134,0.0253379054367542,0.034978507310152,0.1521172188351311,0.2015344557258909,0.1026999816350045,0.8307649209684592,0.9016858926525204,655.9036491250154,1,17,imagenet,0.01
1900,6787,271.48,0.001,0.0270065086893737,0.0220968817221,0.0319161354005336,0.1656600107989921,0.2243569322626483,0.1069630891806526,0.8241024805180471,0.8970327035177258,692.3135077080224,1,17,imagenet,0.01
2000,7145,285.8,0.001,0.0237588832434266,0.021135299084708,0.0263824672996997,0.1508018168198608,0.2001238352390309,0.1014798001022074,0.831900724129391,0.90275746326745,728.0172802919988,1,17,imagenet,0.01
2100,7500,300.0,0.0001,0.0203162735840305,0.0174185897270217,0.0232139573991298,0.154710031710694,0.2087917526906749,0.1006283120713019,0.8325764082160749,0.902930228247272,764.0147065420169,1,17,imagenet,0.01
2200,7858,314.32,0.0001,0.0206684687361121,0.0181839698180556,0.0231529676914215,0.1538654805054714,0.2079312983887418,0.0997996621065898,0.8342071931036501,0.9038231808586416,800.2688998328522,1,17,imagenet,0.01
2300,8216,328.64,0.0001,0.0201773365214467,0.017650799578987,0.022703873515129,0.1525748626274221,0.2055953469346551,0.099554377856139,0.8341684049953705,0.904007286510786,836.4357805829495,1,17,imagenet,0.01
2400,8574,342.96,0.0001,0.0220736116450279,0.0181521506421268,0.0259950725734233,0.1554855707916834,0.2096911945660634,0.1012799473782311,0.8316091305105996,0.9023233833644116,872.1375869580079,1,17,imagenet,0.01
2500,8929,357.16,0.0001,0.0197713607177138,0.0172506290813907,0.0222920924425125,0.1539567450132337,0.2085477938701537,0.0993656957438247,0.8341045820151677,0.9039111548007016,907.7096727918832,1,17,imagenet,0.01
2600,9287,371.48,0.0001,0.0225098714977502,0.018277424192056,0.026742318868637,0.1600687535266975,0.2156553834058009,0.1044821246272552,0.8279495736606115,0.8990988041265063,943.1980258747936,1,17,imagenet,0.01
2700,9645,385.8,0.0001,0.0195428229495882,0.017341998075135,0.0217436477541923,0.1597406384132312,0.2169715007799307,0.1025097743450151,0.8309494922120233,0.9009849047202756,978.9335315828212,1,17,imagenet,0.01
2800,10000,400.0,0.0001,0.018932847296819,0.0165440031141042,0.0213216914236545,0.1568250389041372,0.2128740185066077,0.1007760594047889,0.8326453566588075,0.9023945349549404,1014.3875164578204,1,17,imagenet,0.01
2900,10358,414.32,0.0001,0.0186511674895882,0.016480557071045,0.0208217778801918,0.1584545752890794,0.2153018562954602,0.1016072952623598,0.8318972494486973,0.90175862085582,1050.2073395419866,1,17,imagenet,0.01
3000,10716,428.64,0.0001,0.0207556828856468,0.0171987450262531,0.0243126209080219,0.1587651497764983,0.2157486172386519,0.1017816838096169,0.8314672021294026,0.901495583205818,1086.5130947078578,1,17,imagenet,0.01
3100,11074,442.96,0.0001,0.0178905616747215,0.0156815360020846,0.0200995874404907,0.1609009082548346,0.2197678067486179,0.1020340075954846,0.8307596948169118,0.9010596643865708,1122.4729223328177,1,17,imagenet,0.01
3200,11429,457.16,0.0001,0.0200412116060033,0.0162918224930763,0.02379060074687,0.1667292311942288,0.2289988976551999,0.1044595656097966,0.8284843911901896,0.8988498428287474,1157.764411416836,1,17,imagenet,0.01
3300,11787,471.48,0.0001,0.01799575147219,0.0157810777751728,0.0202104251086711,0.1619426168784963,0.2217499530232901,0.102135281455558,0.830734133334285,0.9008531430571288,1193.5798372079153,1,17,imagenet,0.01
3400,12145,485.8,0.0001,0.0183930613705888,0.0157611409621313,0.0210249818861484,0.1604139973444922,0.2193077741300358,0.1015202217448541,0.8316915175817634,0.9015721814335704,1229.374102457892,1,17,imagenet,0.01
3500,12500,500.0,0.0001,0.0177659104205667,0.0156696948315948,0.0198621259629726,0.1641097486431623,0.2265468870892244,0.1016726112283224,0.8311008346764817,0.9010926546238676,1264.8969667498022,1,17,imagenet,0.01
3600,12858,514.32,0.0001,0.0177687255432829,0.0158621089719235,0.0196753421425819,0.1624728878476627,0.2237571097884623,0.1011886654428132,0.8322612233857264,0.9018140390716912,1300.6826081248,1,17,imagenet,0.01
3700,13216,528.64,0.0001,0.0178305083513259,0.0153544482728466,0.0203065682947635,0.1640709221466189,0.2273804354110803,0.1007614092430854,0.8318831771582076,0.9017982717201166,1336.0509732079229,1,17,imagenet,0.01
3800,13574,542.96,0.0001,0.0178031964134424,0.0150549826305359,0.0205514100193977,0.1628679459379618,0.2250373127344982,0.1006985807913809,0.8319694155036774,0.9018619449863532,1370.7481229170226,1,17,imagenet,0.01
3900,13929,557.16,0.0001,0.0174222858995199,0.0150376787269487,0.0198068928718566,0.1666880125199222,0.2325116279422205,0.100864399469435,0.8315209806478243,0.901629786553032,1405.7475858749822,1,17,imagenet,0.01
4000,14287,571.48,0.0001,0.0167207071185112,0.0147746105166152,0.0186668036878108,0.164124401640727,0.2274154821687916,0.1008333202876846,0.8319480262646353,0.9018512997343936,1440.9274135828018,1,17,imagenet,0.01
0,0,0.0,0.001,,,,0.6862850733694321,0.6750598459095278,0.6975102927858029,0.0034602076124567,0.0034602076124567,7.293803957989439,2,29,random,0.0001
100,358,14.32,0.001,0.4134005385637283,0.2981709322333336,0.528630146086216,0.4155906331580403,0.3630368370292096,0.4681444267088154,0.6184570169560887,0.741941989360198,44.23132558306679,2,29,random,0.0001
200,716,28.64,0.001,0.272043791115284,0.1923126234859228,0.3517749589681625,0.2552068750132326,0.2172817080491141,0.2931320446585289,0.71257367048835,0.8227937778847719,79.7448985830415,2,29,random,0.0001
300,1074,42.96,0.001,0.2029968809336423,0.1536090844124555,0.2523846764862537,0.2053061663898217,0.1951242508978992,0.2154880840473109,0.7341427202083044,0.8372674254537719,114.9346875420306,2,29,random,0.0001
400,1429,57.16,0.001,0.157798363789916,0.1264163848757744,0.1891803449392318,0.198329588430563,0.1943278116235271,0.2023313633298379,0.7493390811337121,0.8475062320954914,150.73652675002813,2,29,random,0.0001
500,1787,71.48,0.001,0.1448216263577342,0.1228794765099883,0.1667637738585472,0.191546094046332,0.2012670454166339,0.1818251428307134,0.7571142260887215,0.8529481173004231,186.53961424995217,2,29,random,0.0001
600,2145,85.8,0.001,0.1329166230559349,0.1168337716907262,0.148999475389719,0.193823224326731,0.2113142095531971,0.1763322365737704,0.7523007007272968,0.8501948679857761,222.2595783751458,2,29,random,0.0001
700,2500,100.0,0.001,0.1084288956224918,0.0950498025864362,0.1218079885840416,0.1929828309064093,0.2104735720941352,0.1754920907499056,0.7500578242655711,0.8477759458445037,257.85477745812386,2,29,random,0.0001
800,2858,114.32,0.001,0.1083232886344194,0.0978624270483851,0.118784150481224,0.1939019810369683,0.2114764259142034,0.1763275366753443,0.7430242568760951,0.8419316799509321,293.55837741703726,2,29,random,0.0001
900,3216,128.64,0.001,0.0956213952973485,0.0879740670882165,0.1032687248289585,0.1784764574163925,0.1967353569182557,0.160217554099007,0.763538356078185,0.8587762804205076,329.7234995421022,2,29,random,0.0001
1000,3574,142.96,0.001,0.0806328781694173,0.0740202026255428,0.0872455535829067,0.2030813321729019,0.2330927168724858,0.1730699504123014,0.741188534184264,0.8418320114021189,365.5379990830552,2,29,random,0.0001
1100,3929,157.16,0.001,0.0833255296945571,0.0769434699602425,0.0897075898945331,0.1866349626371192,0.2094856639840611,0.1637842591246106,0.7591323421853751,0.8529132227890147,401.0254427080508,2,29,random,0.0001
1200,4287,171.48,0.001,0.0824637093394994,0.0771128232404589,0.0878145943582058,0.1764224586705435,0.2021902804762434,0.150654635627377,0.7721357412537391,0.8631224261937661,436.35755870793946,2,29,random,0.0001
1300,4645,185.8,0.001,0.0723957891762256,0.0675843858532607,0.0772071926295757,0.1818242720666641,0.2137171140385334,0.1499314285479615,0.7704401777182455,0.8618618384380641,471.8184628330637,2,29,random,0.0001
1400,5000,200.0,0.001,0.062526398487389,0.05785933483392,0.0671934631466865,0.2144439977345582,0.2543729038387021,0.1745150936928587,0.7324889112720879,0.836807367043593,507.071694042068,2,29,random,0.0001
1500,5358,214.32,0.001,0.0554129353538155,0.0514795704558491,0.0593463003635406,0.2125872075042097,0.2615237741321841,0.1636506430418021,0.7465010807240533,0.8447342555105857,542.6397826250177,2,29,random,0.0001
1600,5716,228.64,0.001,0.0572618738468736,0.0533145001716911,0.0612092477083206,0.2097622658348413,0.2561030140900694,0.1634215168061966,0.7445058477218343,0.844584317107901,578.2120047919452,2,29,random,0.0001
1700,6074,242.96,0.001,0.0720506698824465,0.0668943594396114,0.0772069804370403,0.173969126180794,0.2051907786551643,0.1427474749954514,0.777013613828057,0.868265547027554,613.6541065420024,2,29,random,0.0001
1800,6429,257.16,0.001,0.0633777851425111,0.059332385379821,0.0674231843650341,0.1994259052210613,0.2467016043031916,0.1521502054686364,0.7616163661895674,0.8555034015939291,649.1384350829758,2,29,random,0.0001
1900,6787,271.48,0.001,0.0754399122484028,0.0723249578103423,0.0785548670589923,0.1819151829683244,0.2167181283957405,0.1471122393971083,0.7763571857310656,0.865400328199765,685.5533662501257,2,29,random,0.0001
2000,7145,285.8,0.001,0.0718812709860503,0.0690071772225201,0.0747553646564483,0.2009091658266358,0.2465420624170336,0.1552762698549712,0.7632073022267575,0.8556836435224466,720.9032314999495,2,29,random,0.0001
2100,7500,300.0,0.0001,0.0517841753922402,0.0467665272206068,0.056801823079586,0.1880396755096409,0.2321984707587318,0.1438808818589445,0.7749027770911282,0.8644987223882782,755.9201021250337,2,29,random,0.0001
2200,7858,314.32,0.0001,0.0491153684072196,0.0451842275820672,0.0530465093255043,0.1852965167752599,0.2285301080005804,0.1420629259624283,0.7779286433879652,0.8663158772360109,790.9437244171277,2,29,random,0.0001
2300,8216,328.64,0.0001,0.0449678352475166,0.0412041246797889,0.0487315455079078,0.1886927778333116,0.2359413324136635,0.1414442241810597,0.7777972466476508,0.8661155697372482,826.4197065001354,2,29,random,0.0001
2400,8574,342.96,0.0001,0.0430915677733719,0.0398695980943739,0.0463135373592376,0.1904687580352836,0.2368700199061199,0.1440674980206473,0.7747481503912405,0.8639453063209528,861.7024287921377,2,29,random,0.0001
2500,8929,357.16,0.0001,0.0432289702445268,0.0394760886766016,0.0469818519055843,0.1941288591049946,0.2453123033046722,0.142945412121017,0.7753146593686605,0.8646832190688813,896.7660164581612,2,29,random,0.0001
2600,9287,371.48,0.0001,0.0435567419044673,0.0403059652727097,0.0468075183033943,0.1856308959965887,0.2324543018345189,0.1388074906227085,0.782560838730265,0.8692165019314761,932.019236500142,2,29,random,0.0001
2700,9645,385.8,0.0001,0.0419882304966449,0.0390033605229109,0.044973100721836,0.1897674462787008,0.2394806275524482,0.1400542626331421,0.7784522633726613,0.8666423033626891,967.358803542098,2,29,random,0.0001
2800,10000,400.0,0.0001,0.0427458667196333,0.0399092430062592,0.0455824901163578,0.1910181505972951,0.2421076564846566,0.1399286475973558,0.7784977560912011,0.8667017916156232,1002.5196978331078,2,29,random,0.0001
2900,10358,414.32,0.0001,0.0404871850647032,0.0373843261972069,0.0435900442302227,0.1895436175348024,0.240147144427349,0.1389400915703559,0.7805615410709497,0.8678911626242677,1037.776363500161,2,29,random,0.0001
3000,10716,428.64,0.0001,0.0418112791143357,0.0396213276218622,0.0440012304484844,0.191615662927446,0.2436356970389409,0.1395956267535067,0.7785615831626952,0.8667362656862149,1073.414366167039,2,29,random,0.0001
3100,11074,442.96,0.0001,0.0386979980021715,0.0358317214716225,0.0415642748773098,0.1911375000815078,0.2425635348244934,0.139711464358861,0.779202312704828,0.8669373384885436,1108.7694074581375,2,29,random,0.0001
3200,11429,457.16,0.0001,0.037904169075191,0.0349771825037896,0.0408311556279659,0.193068347381473,0.2479368352353779,0.1381998588057125,0.7804193886440083,0.867766746482077,1143.4831517499406,2,29,random,0.0001
3300,11787,471.48,0.0001,0.0365345949307084,0.0334804576728492,0.0395887321233749,0.1939320623049686,0.2485759973938489,0.1392881292785327,0.7797156547613875,0.8671466840376567,1178.65988633316,2,29,random,0.0001
3400,12145,485.8,0.0001,0.0373636278975754,0.0346910321805626,0.0400362235307693,0.1910902145205897,0.2441127492069785,0.1380676806591786,0.7817175833258867,0.8686052453010283,1213.8581544579938,2,29,random,0.0001
3500,12500,500.0,0.0001,0.0376884853653609,0.0349935933388769,0.0403833773732185,0.1906835914792486,0.2442309075779568,0.1371362759992738,0.7820522350173199,0.8689422572651511,1248.785297542112,2,29,random,0.0001
3600,12858,514.32,0.0001,0.0370423074997961,0.0343175498954951,0.039767065346241,0.1937312693125649,0.2490839049168524,0.1383786341723273,0.7809348058000087,0.8680237610744109,1284.121193625033,2,29,random,0.0001
3700,13216,528.64,0.0001,0.0370481270737946,0.0341826861537993,0.0399135679006576,0.1917299934530753,0.2464723966525912,0.1369875906660482,0.7825290539494482,0.869142759929112,1319.0773989169393,2,29,random,0.0001
3800,13574,542.96,0.0001,0.0366889371350407,0.0338986355811357,0.0394792385399341,0.1912288757550262,0.2445825597200426,0.1378751925118654,0.7817233017985888,0.8685244947035956,1353.8194508750455,2,29,random,0.0001
3900,13929,557.16,0.0001,0.0369389801751822,0.0339788145013153,0.0398991459608078,0.1920406631738669,0.2452443455020449,0.1388369831659389,0.7803632146825747,0.8676657288368332,1388.3500391249545,2,29,random,0.0001
4000,14287,571.48,0.0001,0.0336691176332533,0.0306878858432173,0.0366503494977951,0.1940382332331581,0.2499484423947582,0.138128024484047,0.7804285423512325,0.8677810846482141,1422.9694505000953,2,29,random,0.0001
0,0,0.0,0.001,,,,0.6862850733694321,0.6750598459095278,0.6975102927858029,0.0034602076124567,0.0034602076124567,6.568642708007246,2,29,random,0.01
100,358,14.32,0.001,0.4120173722505569,0.2968519829213619,0.5271827620267868,0.4301049369016733,0.3649589998911821,0.4952508747371423,0.5595453702147539,0.6869540529777572,41.7635330830235,2,29,random,0.01
200,716,28.64,0.001,0.269723703712225,0.190845842435956,0.3486015635728836,0.2381914874674127,0.1956379524976736,0.2807450228496406,0.727920917028786,0.8349312292491725,77.49102666694671,2,29,random,0.01
300,1074,42.96,0.001,0.2025665766000747,0.1534547361731529,0.2516784161329269,0.212535785556252,0.2022968401752128,0.2227747302154356,0.7219900822466503,0.8288789328434304,113.03716054209508,2,29,random,0.01
400,1429,57.16,0.001,0.1632226156443357,0.1317664587497711,0.1946787725389003,0.2023282916281875,0.1943714495967416,0.2102851352064667,0.7474267911988818,0.8476285709266751,148.58030016697012,2,29,random,0.01
500,1787,71.48,0.001,0.1485696025937795,0.1267924197763204,0.1703467865288257,0.1991639900372515,0.1998974150852348,0.198430565401757,0.7415918330375143,0.842859674212038,184.31869537499733,2,29,random,0.01
600,2145,85.8,0.001,0.1400951475650072,0.1232072140648961,0.1569830799102783,0.1943155467303979,0.2050358534477986,0.183595239497386,0.7509270061335864,0.8484283589996228,219.70817383308895,2,29,random,0.01
700,2500,100.0,0.001,0.1232474797219038,0.1088948265090584,0.1376001332700252,0.1810516304623297,0.1862735669918126,0.1758296929016245,0.7583319400191424,0.8546270668565469,254.8677757079713,2,29,random,0.01
800,2858,114.32,0.001,0.1084827949851751,0.0963929552584886,0.1205726343393325,0.1846235629596512,0.2026061809599193,0.1666409455781164,0.7557476645911654,0.8523542755913905,290.85674237506464,2,29,random,0.01
900,3216,128.64,0.001,0.1048933956772089,0.0967996157426387,0.112987176477909,0.172935500792566,0.1859829915642326,0.159888010742755,0.7689580693035716,0.861829667557983,326.90022625005804,2,29,random,0.01
1000,3574,142.96,0.001,0.0961158801987767,0.0886367120966315,0.1035950480401516,0.1777805610717786,0.1927290823839115,0.1628320400690125,0.7626542333640042,0.8584048946046567,362.9321466670371,2,29,random,0.01
1100,3929,157.16,0.001,0.0866658324003219,0.0788694296590983,0.0944622355699539,0.1836081110585519,0.2075737148110842,0.1596425068419697,0.7635117374580879,0.8579894943662166,398.1217408329248,2,29,random,0.01
1200,4287,171.48,0.001,0.0742426557838916,0.0686827010475099,0.0798026101291179,0.1888129105308064,0.2309077812107376,0.1467180425320529,0.771255565713328,0.8619416450764755,433.9879801669158,2,29,random,0.01
1300,4645,185.8,0.001,0.081465595588088,0.0768201398663222,0.0861110512912273,0.1783588525539451,0.2052981563711661,0.1514195511085352,0.7706389126925,0.8634518441597302,470.0687628749292,2,29,random,0.01
1400,5000,200.0,0.001,0.0805882965773344,0.0752490323409438,0.0859275609254837,0.2182618726083564,0.2527236100092891,0.1838001334543459,0.7244977838743768,0.8299943562667633,505.51947766705416,2,29,random,0.01
1500,5358,214.32,0.001,0.0916300864145159,0.0873056228086352,0.0959545500576496,0.2185714005598972,0.2619211931026518,0.175221610028026,0.732103506840347,0.8352547277483605,540.6429133329075,2,29,random,0.01
1600,5716,228.64,0.001,0.0804800169542431,0.0762023951485753,0.0847576382756233,0.1851570556733022,0.2104379358382373,0.1598761770552005,0.762669668496038,0.85550673677809,576.2894154170062,2,29,random,0.01
1700,6074,242.96,0.001,0.0692552218213677,0.0641852283850312,0.0743252150714397,0.1972005777705499,0.2389617543732006,0.1554394017866326,0.7596239019293174,0.8544082310864766,611.9438137919642,2,29,random,0.01
1800,6429,257.16,0.001,0.0591184639371931,0.0552303637936711,0.0630065639317035,0.190085683108201,0.2293955022179131,0.1507758652875167,0.765779372509925,0.8589454762469566,647.4384305828717,2,29,random,0.01
1900,6787,271.48,0.001,0.0569076655432581,0.0536146162636578,0.060200715214014,0.1875840535832111,0.2260595936727771,0.1491085134163035,0.7728528470977528,0.8635794338957083,683.3981049580034,2,29,random,0.01
2000,7145,285.8,0.001,0.0511303101852536,0.0471502315625548,0.0551103886961936,0.1907290722465845,0.2380289503962936,0.1434291929109698,0.7743454292605942,0.8649397267835626,719.365252916934,2,29,random,0.01
2100,7500,300.0,0.0001,0.045217527616769,0.041378959743306,0.0490560954809188,0.1857411620113676,0.2292190208567055,0.1422633021348075,0.7763862191349716,0.8660759420533443,755.148287500022,2,29,random,0.01
2200,7858,314.32,0.0001,0.044369961861521,0.0406773632392287,0.048062560558319,0.1918383593893381,0.2372217646519618,0.1464549564985255,0.7712346699058301,0.8616240442353882,790.878331416985,2,29,random,0.01
2300,8216,328.64,0.0001,0.0417129393666982,0.0384847219567745,0.04494115665555,0.1915269085177088,0.2375277460240162,0.1455260707020347,0.771294457314838,0.8621072775922325,826.0420191250741,2,29,random,0.01
2400,8574,342.96,0.0001,0.0400053207576274,0.0369716661423444,0.0430389755964279,0.1940056681632995,0.2414304684190189,0.146580868320069,0.7696295717212613,0.8610759872032756,862.4144512498751,2,29,random,0.01
2500,8929,357.16,0.0001,0.0403610535338521,0.0370723772980272,0.0436497297883033,0.1951948161459299,0.2444435949453433,0.1459460382230554,0.7701430265126905,0.8614101086453992,898.0509419168811,2,29,random,0.01
2600,9287,371.48,0.0001,0.0399575094692409,0.0371973964199423,0.0427176223695278,0.1901444075016826,0.2368742068230487,0.1434146062725555,0.7745067883179285,0.8644924808219182,933.6634447081016,2,29,random,0.01
2700,9645,385.8,0.0001,0.0391575666889548,0.0361566334962844,0.0421584995090961,0.1919587158104952,0.2414987812714593,0.1424186493698701,0.7752016466319569,0.8647475972501493,968.5711941248736,2,29,random,0.01
2800,10000,400.0,0.0001,0.0393327260948717,0.0364380277693271,0.0422274249792099,0.199136696059811,0.2513905989979377,0.146882793895101,0.7688744431595868,0.8598386204157584,1003.1323908749036,2,29,random,0.01
2900,10358,414.32,0.0001,0.0384379878640174,0.0355045175738632,0.0413714583218097,0.1983539105286647,0.2521471020259659,0.1445607190313636,0.7713404030020952,0.8620157275500452,1037.8071089999285,2,29,random,0.01
3000,10716,428.64,0.0001,0.0388502610102295,0.0365733743738383,0.0411271476745605,0.2012171911327071,0.2562624666723825,0.1461719148711762,0.7682311530786458,0.8603597671116692,1072.7735100830903,2,29,random,0.01
3100,11074,442.96,0.0001,0.0367374122049659,0.0338466394878923,0.0396281853318214,0.1960029957822449,0.2487724846209622,0.1432335083872389,0.7735894692304649,0.8636017028095214,1107.519351207884,2,29,random,0.01
3200,11429,457.16,0.0001,0.0379678942263126,0.0349989586975425,0.0409368300437927,0.1911031423864892,0.2420758869511858,0.1401303965327649,0.777662442636997,0.8666937964879629,1142.8150049170945,2,29,random,0.01
3300,11787,471.48,0.0001,0.0360228949971497,0.0332092004269361,0.0388365899026393,0.1960844954404864,0.2488980498487149,0.1432709407228912,0.7735096955042322,0.8634960760018486,1178.5909932919312,2,29,random,0.01
3400,12145,485.8,0.0001,0.0352480491343885,0.0325584970926865,0.0379376010596752,0.2035976271934575,0.2621310805985671,0.1450641763664034,0.7712880536884363,0.8614594327254746,1214.2087905830704,2,29,random,0.01
3500,12500,500.0,0.0001,0.0361327060498297,0.0335129399877041,0.038752472102642,0.2089478020849524,0.2704809304958396,0.1474146756333876,0.7669941660473181,0.8584610429804501,1248.9088006250097,2,29,random,0.01
3600,12858,514.32,0.0001,0.0353855928778648,0.0328462627064436,0.0379249231517314,0.1987837741222348,0.2555439383513375,0.1420236099962544,0.7757489566333675,0.864833121424713,1284.6154452499468,2,29,random,0.01
3700,13216,528.64,0.0001,0.0348483763076365,0.0321674715727567,0.0375292810797691,0.2028008932473337,0.2622293142092681,0.143372470738566,0.7727191300433175,0.8629125864531024,1319.7623746250756,2,29,random,0.01
3800,13574,542.96,0.0001,0.0348837905749678,0.0323743217252194,0.0373932594060897,0.1980222208895898,0.2532756253303541,0.1427688173769254,0.7736811968111625,0.8640305416150028,1354.9237849579658,2,29,random,0.01
3900,13929,557.16,0.0001,0.0345572368055582,0.0319490008149296,0.0371654728055,0.1950284261707616,0.2493073460243152,0.1407495048219357,0.7765637990994949,0.865945598692369,1390.0794088330586,2,29,random,0.01
4000,14287,571.48,0.0001,0.0322701532114297,0.029398187668994,0.035142118781805,0.2031998006839653,0.2641303833174458,0.1422692174317515,0.7735966827409301,0.8637194291337056,1425.2170022919308,2,29,random,0.01
0,0,0.0,0.001,,,,0.6805803738663353,0.661634955439188,0.6995257856936603,0.0034602076124567,0.0034602076124567,6.247724000131711,2,29,imagenet,0.0001
100,358,14.32,0.001,0.3759200963377953,0.2604913718998432,0.4913488185405731,0.3021719297941993,0.22205311116669,0.382290744451503,0.7873691916234496,0.8733240348207708,40.95889899996109,2,29,imagenet,0.0001
200,716,28.64,0.001,0.2006078998744487,0.1273793002963066,0.2738364991545677,0.1940422528342804,0.1586911984071599,0.2293933089629176,0.8023755213051027,0.8834438244167314,75.68402074999176,2,29,imagenet,0.0001
300,1074,42.96,0.001,0.1213242084532976,0.0812450078129768,0.1614034086465835,0.1484529850392193,0.1391197498178812,0.1577862200027518,0.8238792765000778,0.8991169690750629,110.86775158299132,2,29,imagenet,0.0001
400,1429,57.16,0.001,0.0801117468625307,0.0571219172701239,0.1031015764176845,0.1371885431369695,0.1407242299776176,0.1336528574306659,0.8340352442174642,0.9039144583417532,146.00175620801747,2,29,imagenet,0.0001
500,1787,71.48,0.001,0.0589015388488769,0.0439257941022515,0.073877283334732,0.1300167857466272,0.1422499487866167,0.1177836235831765,0.8376900764943238,0.9063867802527455,180.71808600006625,2,29,imagenet,0.0001
600,2145,85.8,0.001,0.0588251772522926,0.0496071231551468,0.0680432315170764,0.1432532279858539,0.1671673167226224,0.1193391387850355,0.8306788967864865,0.9014195956255764,215.36974608292803,2,29,imagenet,0.0001
700,2500,100.0,0.001,0.0436935922689735,0.0354895855300128,0.0518975991010665,0.1453888250263504,0.1709401744150372,0.1198374752767358,0.8212398699109047,0.8955639901719856,249.93882612511516,2,29,imagenet,0.0001
800,2858,114.32,0.001,0.0438678476028144,0.037903281841427,0.0498324131965637,0.1415101435151479,0.1666193401834131,0.1164009455578549,0.8232466569985276,0.8973105089786441,284.37709324993193,2,29,imagenet,0.0001
900,3216,128.64,0.001,0.0364394093491137,0.0313730957359075,0.0415057231485843,0.1714803745074255,0.2078188411298507,0.1351419068537781,0.7958943939310948,0.8772499135193392,318.86326129199006,2,29,imagenet,0.0001
1000,3574,142.96,0.001,0.0333240159973502,0.0287424980383366,0.0379055339097976,0.1472751012516681,0.1827227404682694,0.1118274626022391,0.8285445746189449,0.8977557038260935,354.7306784579996,2,29,imagenet,0.0001
1100,3929,157.16,0.001,0.0278511446155607,0.0237010254152119,0.0320012637972831,0.1461808752642371,0.1841764982183912,0.1081852529288163,0.8299319723673274,0.8992745060959835,389.2810342500452,2,29,imagenet,0.0001
1200,4287,171.48,0.001,0.0267283846251666,0.0231371830403804,0.0303195862472057,0.1458057518855098,0.1870826270341048,0.1045288767369148,0.8345042796619242,0.9026965382672968,424.353799375007,2,29,imagenet,0.0001
1300,4645,185.8,0.001,0.0245161061733961,0.0213749160617589,0.0276572962105274,0.1458007691228266,0.1893236134394642,0.1022779256827278,0.8363303241082555,0.904119041943504,459.5997536671348,2,29,imagenet,0.0001
1400,5000,200.0,0.001,0.021747816549614,0.0186166593059897,0.0248789738118648,0.1484340942339088,0.194139584125532,0.1027286042391635,0.8343224146603263,0.90279763421118,495.08396250009537,2,29,imagenet,0.0001
1500,5358,214.32,0.001,0.0203865054249763,0.0176982012111693,0.0230748096108436,0.1539672373384752,0.2049495045185914,0.1029849695911869,0.832977864547155,0.9018805460816194,531.1605011250358,2,29,imagenet,0.0001
1600,5716,228.64,0.001,0.0193505423888564,0.0169365397375077,0.0217645449936389,0.1741853701305224,0.2363550893472552,0.1120156495216396,0.8171256892505954,0.8922210358795418,566.8415132500231,2,29,imagenet,0.0001
1700,6074,242.96,0.001,0.0193907173164188,0.0169195306953042,0.0218619038164615,0.1524281462583575,0.2081435531068425,0.096712738791139,0.8402727480848814,0.9066255734085183,602.2615548749454,2,29,imagenet,0.0001
1800,6429,257.16,0.001,0.0210412576422095,0.018996185362339,0.0230863299965858,0.2248390821230865,0.3246819046954383,0.1249962589320014,0.7952493868259856,0.8794039586084942,637.7050775000826,2,29,imagenet,0.0001
1900,6787,271.48,0.001,0.0529774563945829,0.0543511187005788,0.0516037939488887,0.1865076659872457,0.2525521111529591,0.120463219274699,0.8043270227080032,0.8850436166617096,673.2021938329563,2,29,imagenet,0.0001
2000,7145,285.8,0.001,0.0320045205391943,0.0298620015662163,0.0341470398008823,0.1434115144620717,0.1839728488435382,0.1028501787400163,0.833352100643027,0.902746991288426,708.8110723749269,2,29,imagenet,0.0001
2100,7500,300.0,0.0001,0.0216046108212322,0.0190948704350739,0.024114351272583,0.1432726814775731,0.1883733402486491,0.0981720250783082,0.8379825847207764,0.9060610004936768,744.5331570419949,2,29,imagenet,0.0001
2200,7858,314.32,0.0001,0.0216262237634509,0.0193890292849391,0.0238634184002876,0.1443256404779361,0.1905965076495206,0.0980547738735238,0.8385402927981526,0.9062869025843032,780.3450784171,2,29,imagenet,0.0001
2300,8216,328.64,0.0001,0.0205218002665787,0.0182109202537685,0.0228326803445816,0.1451898510583956,0.1934675954823675,0.0969121078718904,0.8393557405666326,0.9069462017892655,816.29663729202,2,29,imagenet,0.0001
2400,8574,342.96,0.0001,0.0201640820736065,0.0181887106224894,0.0221394535899162,0.1450380313252082,0.193092561768413,0.0969835020679091,0.8391996645826404,0.9069594741208732,852.022735417122,2,29,imagenet,0.0001
2500,8929,357.16,0.0001,0.0200963280815631,0.0179830261785537,0.0222096300125122,0.1444060471952993,0.1931147829574697,0.095697312000301,0.8408218147205079,0.9080096421028516,887.5356227080338,2,29,imagenet,0.0001
2600,9287,371.48,0.0001,0.0196578329801559,0.017809178745374,0.0215064871311187,0.1466582223618319,0.1963786865910032,0.096937760143544,0.8396924577711826,0.907048784852974,923.8820556250868,2,29,imagenet,0.0001
2700,9645,385.8,0.0001,0.0192566594202071,0.0171867146808654,0.0213266041874885,0.1462063498563007,0.1967933480611721,0.0956193532498237,0.8409755826840717,0.9078981564669096,959.7110339170322,2,29,imagenet,0.0001
2800,10000,400.0,0.0001,0.0191742306109517,0.017253080564551,0.0210953806340694,0.1465651753864486,0.197695984766145,0.0954343668317299,0.8408555394963512,0.9080409658205194,995.7409525420516,2,29,imagenet,0.0001
2900,10358,414.32,0.0001,0.0182942609675228,0.0164219759125262,0.0201665461063385,0.14847553255855,0.2010730383305401,0.0958780281271489,0.8401692708386158,0.9074729887780002,1031.5814197501168,2,29,imagenet,0.0001
3000,10716,428.64,0.0001,0.0183575427252799,0.0166309034265577,0.0200841818749904,0.1472481716050408,0.1993132319211135,0.0951831107733571,0.8416340963452023,0.9083963022642176,1067.644642750034,2,29,imagenet,0.0001
3100,11074,442.96,0.0001,0.0176121968310326,0.0158268415671773,0.0193975520133972,0.147327182356874,0.1996896331388645,0.0949647311108335,0.8412558587249809,0.9083266070020384,1103.8077239999548,2,29,imagenet,0.0001
3200,11429,457.16,0.0001,0.0178910154569894,0.0161630872543901,0.0196189434826374,0.1484886781154619,0.20157291969626,0.0954044387002304,0.8404814720099802,0.907750726377024,1139.3922723750584,2,29,imagenet,0.0001
3300,11787,471.48,0.0001,0.0169847638579085,0.0151475893030874,0.0188219381868839,0.1496523018526783,0.2046069405380005,0.0946976620845728,0.8410620612568884,0.9082596046390328,1175.1043877499178,2,29,imagenet,0.0001
3400,12145,485.8,0.0001,0.0170722614182159,0.0154138457402586,0.0187306770682334,0.1509384096287526,0.2066356660894869,0.0952411512602571,0.8404406230857211,0.907814984731457,1210.9786204579286,2,29,imagenet,0.0001
3500,12500,500.0,0.0001,0.0169938830053433,0.01536478954833,0.0186229763925075,0.1509685744773145,0.2066578888253769,0.0952792588402243,0.8405712397796125,0.907774822333885,1246.7427669579629,2,29,imagenet,0.0001
3600,12858,514.32,0.0001,0.0164869794109836,0.0148108040587976,0.01816315472126,0.1534248889008195,0.2117870052483667,0.0950627733266889,0.8404909480391167,0.9077688938859658,1282.513487166958,2,29,imagenet,0.0001
3700,13216,528.64,0.0001,0.0165453421790152,0.0149024274945259,0.018188256919384,0.1525665757771594,0.2102828751282708,0.0948502761682424,0.8411153446678918,0.9081447731145084,1318.2558346251026,2,29,imagenet,0.0001
3800,13574,542.96,0.0001,0.0164330760762095,0.0148703072220087,0.0179958449304103,0.1548391557379164,0.2137433264701011,0.0959349852119762,0.8395023760099927,0.9070761672855808,1353.9886821249966,2,29,imagenet,0.0001
3900,13929,557.16,0.0001,0.0160224806005135,0.0143948372290469,0.0176501241326332,0.1543996044302481,0.2139112917403448,0.094887915985807,0.840892405879129,0.9078344500107436,1389.411179000046,2,29,imagenet,0.0001
4000,14287,571.48,0.0001,0.0154647665005177,0.0137486370885744,0.0171808961033821,0.1558904176042979,0.2164638025950395,0.0953170335416562,0.8397059221806884,0.907254023481836,1425.1681022921111,2,29,imagenet,0.0001
0,0,0.0,0.001,,,,0.6805803738663353,0.661634955439188,0.6995257856936603,0.0034602076124567,0.0034602076124567,6.805037457961589,2,29,imagenet,0.01
100,358,14.32,0.001,0.3758023548126221,0.2604180289804935,0.491186680495739,0.2996247577832232,0.2177716288393344,0.3814778847677897,0.7930710605447893,0.877418283801403,42.2913210419938,2,29,imagenet,0.01
200,716,28.64,0.001,0.2051076294481754,0.1314962325245142,0.2787190267443657,0.198828845391224,0.1627534114365759,0.2349042776959165,0.7957848318934984,0.8797577582834915,79.14048079191707,2,29,imagenet,0.01
300,1074,42.96,0.001,0.1219806709140539,0.0811975022405386,0.1627638399600982,0.1602247572893914,0.151463226025286,0.1689862883214719,0.8255879275721966,0.8985430663780943,115.52563616703264,2,29,imagenet,0.01
400,1429,57.16,0.001,0.0742677564546465,0.0513145913556218,0.0972209222614765,0.1444301308232607,0.1491269050584945,0.1397333559692937,0.8264362596548812,0.8980177801461563,151.23240462504327,2,29,imagenet,0.01
500,1787,71.48,0.001,0.0658262555673718,0.051408101953566,0.0802444097399711,0.1523108885568731,0.1648970376249003,0.1397247368076681,0.8240726184396651,0.8969313526324498,186.4657782500144,2,29,imagenet,0.01
600,2145,85.8,0.001,0.0636084724590182,0.0537551792524755,0.0734617653489112,0.1510448537277103,0.1700161548015568,0.1320735515195193,0.8112090397954579,0.8889957529249355,222.1828730420675,2,29,imagenet,0.01
700,2500,100.0,0.001,0.0489549235254526,0.0404504967015236,0.0574593502283096,0.1434118991595238,0.1635463060907839,0.1232774934141693,0.8223682974356858,0.8961470770491844,257.55048237508163,2,29,imagenet,0.01
800,2858,114.32,0.001,0.0369327778927981,0.0302780369110405,0.0435875187814235,0.143280579196128,0.1714835088042652,0.1150776508770187,0.8296255111553217,0.9004518379360377,293.03907591686584,2,29,imagenet,0.01
900,3216,128.64,0.001,0.0332344222255051,0.0277489531133323,0.0387198910117149,0.1521244572417546,0.1899311749271043,0.1143177397110882,0.8254747836274079,0.8971958605219761,328.7298160418868,2,29,imagenet,0.01
1000,3574,142.96,0.001,0.050557952299714,0.0474739109538495,0.0536419935524463,0.1483796739042011,0.1841626498835309,0.1125966964295991,0.8264005735876266,0.8980731009192606,364.4050441249274,2,29,imagenet,0.01
1100,3929,157.16,0.001,0.0378150832094252,0.0332722801528871,0.0423578862845897,0.1458664777782136,0.1803791354890513,0.1113538201704982,0.8258182552791659,0.8979441447101058,399.7359685830306,2,29,imagenet,0.01
1200,4287,171.48,0.001,0.0319593195989727,0.0285710406675934,0.0353475986421108,0.1428575983921961,0.1796862235015651,0.1060289728187772,0.8336606534262168,0.902566218212135,435.5854310418945,2,29,imagenet,0.01
1300,4645,185.8,0.001,0.0257094838656485,0.022374414820224,0.0290445530414581,0.1518789777293749,0.1978475180773586,0.1059104367110968,0.8305631555748914,0.9003247053668041,471.5411893329583,2,29,imagenet,0.01
1400,5000,200.0,0.001,0.024900130322203,0.021472812090069,0.0283274486660957,0.1563447650431761,0.2033939563691822,0.1092955729953145,0.8257383369639945,0.8966668924771309,506.831512582954,2,29,imagenet,0.01
1500,5358,214.32,0.001,0.0259424324706196,0.0231756639666855,0.0287092009186744,0.1523564158838925,0.2004868253601463,0.104226006562322,0.8327213902984449,0.9013872078436536,542.8072096670512,2,29,imagenet,0.01
1600,5716,228.64,0.001,0.0304750882741063,0.0284079294512048,0.0325422471761703,0.1783614417982761,0.2338573833650371,0.1228654999221485,0.7992663569129701,0.8813987300499128,578.8332135418896,2,29,imagenet,0.01
1700,6074,242.96,0.001,0.0361265226546674,0.0342832948360592,0.0379697504639625,0.1440014914967197,0.1810402024575995,0.1069627796077398,0.827331049056054,0.8997104714297139,614.1950410830323,2,29,imagenet,0.01
1800,6429,257.16,0.001,0.0296124549768865,0.027120735105127,0.0321041749417781,0.1449804619006219,0.1857266769999039,0.1042342460279233,0.8306993220809591,0.9013787073172864,649.860325583024,2,29,imagenet,0.01
1900,6787,271.48,0.001,0.0245304211229085,0.0223521254118531,0.0267087168991565,0.1599506326922083,0.2101143831354936,0.1097868823262647,0.8219881815182741,0.8953605771253913,685.5078855419997,2,29,imagenet,0.01
2000,7145,285.8,0.001,0.0211223096679896,0.0188378852792084,0.0234067340195179,0.1570412951254102,0.211722945001711,0.1023596438569593,0.8314045045853441,0.901451892895605,721.2025317919906,2,29,imagenet,0.01
2100,7500,300.0,0.0001,0.0193605189211666,0.0170517236180603,0.0216693143546581,0.1549929351800453,0.2088262864668889,0.1011595833260295,0.8332209202026375,0.9025473920938824,756.9507777919061,2,29,imagenet,0.01
2200,7858,314.32,0.0001,0.019738871185109,0.0176201591268181,0.021857583373785,0.1555874941412965,0.2092216604721175,0.1019533299244811,0.8323065676545368,0.901904688591144,792.827920707874,2,29,imagenet,0.01
2300,8216,328.64,0.0001,0.0189929159451276,0.0168098128959536,0.0211760191619396,0.1559154702202259,0.2107636063878511,0.101067335135384,0.8329702249639456,0.9024454484549544,828.5387799579185,2,29,imagenet,0.01
2400,8574,342.96,0.0001,0.0188621086813509,0.0169179694447666,0.0208062478899955,0.1567374830839955,0.2120463494404789,0.1014286168306344,0.8327372051162417,0.902271010617504,864.2906629580539,2,29,imagenet,0.01
2500,8929,357.16,0.0001,0.0185149155929684,0.0164417227776721,0.0205881083011627,0.1549291054115575,0.2092013516331214,0.1006568591899937,0.8326165443346446,0.9027942252915838,899.8585794579703,2,29,imagenet,0.01
2600,9287,371.48,0.0001,0.018713748678565,0.0168596832081675,0.0205678141117095,0.1611960032716342,0.2196326119161394,0.10275939467869,0.8307957335988838,0.9009666897285968,935.9424834579696,2,29,imagenet,0.01
2700,9645,385.8,0.0001,0.0182061813212931,0.0161628404725342,0.0202495220303535,0.1594836581176127,0.2173129824927933,0.1016543340517987,0.831955825152822,0.9015945590203172,971.7863283329644,2,29,imagenet,0.01
2800,10000,400.0,0.0001,0.0182695421297103,0.0163569570798426,0.0201821273565292,0.1589154602901746,0.2170862218809787,0.1007446995243481,0.8329952854658165,0.902435169772784,1007.261213083053,2,29,imagenet,0.01
2900,10358,414.32,0.0001,0.0179900212585926,0.016098135150969,0.0198819075524806,0.1599195573775413,0.2178263714259883,0.1020127423494332,0.8313757657008976,0.9013100223878822,1043.0890154999215,2,29,imagenet,0.01
3000,10716,428.64,0.0001,0.0178720422741025,0.0161411732714623,0.0196029114723205,0.1612571460874848,0.2202101555559462,0.1023041381142956,0.8310468528648557,0.9011311947678224,1079.0235379580408,2,29,imagenet,0.01
3100,11074,442.96,0.0001,0.0173079025093466,0.0154575488111004,0.0191582562029361,0.1598388318578264,0.218609182583007,0.1010684808232792,0.8326779675252245,0.9021920676870372,1114.7109902079685,2,29,imagenet,0.01
3200,11429,457.16,0.0001,0.0177089938055723,0.0158714262489229,0.0195465612411499,0.1600592467663197,0.2194767806253631,0.1006417123916652,0.8327592406184526,0.9024082666560606,1150.2514243330806,2,29,imagenet,0.01
3300,11787,471.48,0.0001,0.0170877714268863,0.0152084957575425,0.0189670471847057,0.1570722297298042,0.2153381961542842,0.0988062609850741,0.8353830727768128,0.9042871325305292,1185.9381787918974,2,29,imagenet,0.01
3400,12145,485.8,0.0001,0.0169914887286722,0.0152211540937423,0.0187618233263492,0.1613021575713652,0.2222606027724421,0.1003437130921439,0.8332136362633619,0.9027733757011548,1221.9531926668717,2,29,imagenet,0.01
3500,12500,500.0,0.0001,0.0169360613450407,0.015262350635603,0.0186097718775272,0.1613397742122102,0.2215244771596882,0.1011550698725822,0.8319891959690415,0.9019591906893636,1257.589883917011,2,29,imagenet,0.01
3600,12858,514.32,0.0001,0.0164934021653607,0.0147204837901517,0.0182663205265998,0.1610895738675932,0.222780508256701,0.099398638344141,0.8344531022030997,0.9035725131140584,1293.260805041995,2,29,imagenet,0.01
3700,13216,528.64,0.0001,0.016710516968742,0.0149928146786987,0.0184282192587852,0.1613885013960224,0.2225175712863466,0.1002594331556538,0.8333384993756526,0.9028951932091964,1328.731549124932,2,29,imagenet,0.01
3800,13574,542.96,0.0001,0.0166149627324193,0.0149472237145528,0.0182827016711235,0.1616438983530321,0.2234698144209838,0.099817981150736,0.8338603074911872,0.9032427741304,1364.3729939579498,2,29,imagenet,0.01
3900,13929,557.16,0.0001,0.0162049980647861,0.0145113077806308,0.0178986883163452,0.1611535492446595,0.2229803892877275,0.0993267099750083,0.8346267105536682,0.9035508720545896,1399.806028167019,2,29,imagenet,0.01
4000,14287,571.48,0.0001,0.0156241185776889,0.013823152417317,0.0174250847101211,0.1615330958964503,0.2244340394298098,0.0986321525177741,0.8349135349681068,0.9039597679383282,1435.338055375032,2,29,imagenet,0.01
